ID_Cabang,Nama_Cabang,URL_Maps,Alamat,Kota_Kabupaten,Provinsi,Rating,Jumlah_Review,Kategori,Jam_Operasional,Telepon,Website,Status_Tempat,Status_IMB,Sewa_Berakhir,Sisa_Hari_Sewa,Status_Halal,Tingkat_Sengketa,Sewa_Tahunan_IDR,Tingkat_Sengketa_Encoded,Status_IMB_Encoded,Status_Halal_Encoded,Kategori_Encoded,Prediksi_Tingkat_Sengketa
GCN-0001,Mie Gacoan- Ulee Kareng,https://www.google.com/maps/place/Mie+Gacoan-+Ulee+kareng/data=!4m7!3m6!1s0x3040370077cb5c07:0x7cc01d66a7f8e440!8m2!3d5.5548479!4d95.3447947!16s%2Fg%2F11vzrp6_bh!19sChIJB1zLdwA3QDARQOT4p2YdwHw?authuser=0&hl=id&rclk=1,"Jl. P. Nyak Makam No.21, Doi, Ulee Kareng, Banda Aceh City, Aceh 23127",Kota Banda Aceh,Aceh,4.8,35,Restoran Mie,Buka 24 jam,Tidak Ada,Tidak Ada,Buka,Approved,2028-10-12,880,Proses Perpanjangan,Low,480000000,0,0,1,0,Low
GCN-0002,Mie Gacoan Aceh Batoh,https://www.google.com/maps/place/Mie+Gacoan+Aceh+Batoh/data=!4m7!3m6!1s0x3040372023705be9:0x6868aed7222700a!8m2!3d5.5280607!4d95.3305347!16s%2Fg%2F11xftm1c0w!19sChIJ6VtwIyA3QDARCnAicu2KhgY?authuser=0&hl=id&rclk=1,"Jl. Dr. Mr. Mohd Hasan No.10B, Landom, Kec. Lueng Bata, Kota Banda Aceh, Aceh 23245",Kota Banda Aceh,Aceh,4.8,35,Restoran Mie,Buka 24 jam,0897-9192-129,Tidak Ada,Buka,Approved,2028-12-02,931,Tersertifikasi,Medium,380000000,1,0,2,0,Medium
GCN-0003,Mie Gacoan Aceh Tamiang,https://www.google.com/maps/place/Mie+Gacoan+Aceh+Tamiang/data=!4m7!3m6!1s0x303775f716653ab1:0xb154114e0043d2d6!8m2!3d4.2909198!4d98.0502091!16s%2Fg%2F11mrbw287j!19sChIJsTplFvd1NzAR1tJDAE4RVLE?authuser=0&hl=id&rclk=1,"Jl. Ir. H. Juanda Dalam, Gampong Bundar, Kec. Karang Baru, Kabupaten Aceh Tamiang, Aceh 24476",Kabupaten Aceh Tamiang,Aceh,4.9,35,Restoran Mie,Buka 24 jam,0895-6006-60001,Tidak Ada,Buka,Approved,2027-12-11,574,Tersertifikasi,Low,680000000,0,0,2,0,Low
GCN-0004,Mie Gacoan Lhokseumawe,https://www.google.com/maps/place/Mie+Gacoan+Lhokseumawe/data=!4m7!3m6!1s0x304783002385c9ed:0x8153c6c423ce5483!8m2!3d5.1704431!4d97.1333489!16s%2Fg%2F11ykpnmycf!19sChIJ7cmFIwCDRzARg1TOI8TGU4E?authuser=0&hl=id&rclk=1,"54Cm+58H, Uteun Kot, Kec. Muara Dua, Kota Lhokseumawe, Aceh",Kota Lhokseumawe,Aceh,4.9,35,Restoran Mie,Buka 24 jam,Tidak Ada,Tidak Ada,Buka,Bermasalah,2028-08-20,827,Tersertifikasi,Low,360000000,0,1,2,0,Low
GCN-0005,Mie Gacoan,https://www.google.com/maps/place/Mie+GACOAN/data=!4m7!3m6!1s0x303ec30073e41a4b:0xcee8be47268e2420!8m2!3d4.1488088!4d96.1236213!16s%2Fg%2F11mdcll44y!19sChIJSxrkcwDDPjARICSOJke-6M4?authuser=0&hl=id&rclk=1,"44Xf+Jcv, Jl. Manek Roo, Kuta Padang, Kec. Johan Pahlawan, Kabupaten Aceh Barat, Aceh 23612",Kabupaten Aceh Barat,Aceh,4.9,8,Restoran Mie,07.00 hingga 03.00,Tidak Ada,Tidak Ada,Buka,Approved,2028-07-15,791,Tersertifikasi,Low,660000000,0,0,2,0,Low
GCN-0006,Mie Gacoan Bireuen,https://www.google.com/maps/place/Mie+Gacoan+Bireuen/data=!4m7!3m6!1s0x304743001dbd16c9:0xa15609a6bc1d21bb!8m2!3d5.1971471!4d96.7028938!16s%2Fg%2F11xfs2302x!19sChIJyRa9HQBDRzARuyEdvKYJVqE?authuser=0&hl=id&rclk=1,"Jl. Raya Bireuen - Takengon, Bireun Meunasah Capa, Kec. Kota Juang, Kabupaten Bireuen, Aceh",Kota Juang,Aceh,4.9,35,Restoran Mie,07.00 hingga 03.00,0899-1130-001,Tidak Ada,Buka,Approved,2028-01-12,606,Proses Perpanjangan,Low,720000000,0,0,1,0,Low
GCN-0007,Mie Gacoan Langsa,https://www.google.com/maps/place/Mie+Gacoan+Langsa/data=!4m7!3m6!1s0x303785002ee8f569:0x15df0934f896d713!8m2!3d4.4801819!4d97.9554058!16s%2Fg%2F11ww6hdr5k!19sChIJafXoLgCFNzARE9eW-DQJ3xU?authuser=0&hl=id&rclk=1,"Jl. Jenderal Ahmad Yani, Paya Bujok Tunong, Kec. Langsa Baro, Kota Langsa, Aceh 24375",Kota Langsa,Aceh,4.8,35,Restoran Mie,Buka 24 jam,Tidak Ada,Tidak Ada,Buka,Approved,2026-05-03,0,Tersertifikasi,Low,390000000,0,0,2,0,Low
GCN-0008,Bakmi 88 & Mie Gacoan,https://www.google.com/maps/place/Bakmi+88+%26+Mie+Gacoan/data=!4m7!3m6!1s0x304037ecc1d16b2f:0xae9002a9fb587e1b!8m2!3d5.5739332!4d95.3497303!16s%2Fg%2F11l1mprc89!19sChIJL2vRwew3QDARG35Y-6kCkK4?authuser=0&hl=id&rclk=1,"Jl. Prada No.14, Lamgugob, Kec. Syiah Kuala, Kota Banda Aceh, Aceh 24415",Kota Banda Aceh,Aceh,4.7,35,Restoran Mie,11.00 hingga 21.00,Tidak Ada,Tidak Ada,Buka,Approved,2028-03-16,670,Tersertifikasi,Low,460000000,0,0,2,0,Low
GCN-0009,Mie Gacoan,https://www.google.com/maps/place/Mie+Gacoan/data=!4m7!3m6!1s0x30312ff2d1883d8b:0x2b06a55a5301a10f!8m2!3d3.5672593!4d98.6459741!16s%2Fg%2F11t7f8gklv!19sChIJiz2I0fIvMTARD6EBU1qlBis?authuser=0&hl=id&rclk=1,"Jl. Dr. Mansyur, Padang Bulan Selayang I, Kec. Medan Selayang, Kota Medan, Sumatera Utara 20154",Kota Medan,Sumatra Utara,4.7,92,Restoran Mie,Buka 24 jam,Tidak Ada,Tidak Ada,Buka,Approved,2028-10-16,884,Tersertifikasi,Medium,410000000,1,0,2,0,Medium
GCN-0010,Mie Gacoan Medan Krakatau,https://www.google.com/maps/place/Mie+Gacoan+Medan+Krakatau/data=!4m7!3m6!1s0x303131003ee805b1:0x1c17d09128278b9d!8m2!3d3.6187904!4d98.680566!16s%2Fg%2F11y84fr4t4!19sChIJsQXoPgAxMTARnYsnKJHQFxw?authuser=0&hl=id&rclk=1,"Jl. Gunung Krakatau No.159-161, Glugur Darat I, Kec. Medan Tim., Kota Medan, Sumatera Utara 20238",Kota Medan,Sumatra Utara,4.8,92,Restoran Mie,Buka 24 jam,Tidak Ada,Tidak Ada,Buka,Approved,2028-03-14,668,Menunggu Audit,Low,330000000,0,0,0,0,Low
GCN-0011,Mie Gacoan Medan Mongonsidi,https://www.google.com/maps/place/Mie+Gacoan+Medan+Mongonsidi/data=!4m7!3m6!1s0x303131868b574bf1:0xe1e48475003c4c8c!8m2!3d3.5709801!4d98.6690468!16s%2Fg%2F11jt5ty4pl!19sChIJ8UtXi4YxMTARjEw8AHWE5OE?authuser=0&hl=id&rclk=1,"Jl. Mongonsidi No.1-11, Polonia, Kec. Medan Polonia, Kota Medan, Sumatera Utara 20152",Kota Medan,Sumatra Utara,4.7,92,Restoran Mie,Buka 24 jam,0897-9192-129,Tidak Ada,Buka,Approved,2027-12-15,578,Tersertifikasi,Medium,310000000,1,0,2,0,Medium
GCN-0012,Mie Gacoan Kapten Muslim,https://www.google.com/maps/place/Mie+Gacoan+Kapten+Muslim/data=!4m7!3m6!1s0x30312f0033c3f813:0x892bc8e3df9e7bcf!8m2!3d3.600983!4d98.6450171!16s%2Fg%2F11vqc8fq15!19sChIJE_jDMwAvMTARz3ue3-PIK4k?authuser=0&hl=id&rclk=1,"Jl. Kapten Muslim, Dwi Kora, Kec. Medan Helvetia, Kota Medan, Sumatera Utara 20118",Kota Medan,Sumatra Utara,4.8,92,Restoran Mie,Buka 24 jam,Tidak Ada,Tidak Ada,Buka,Approved,2026-03-09,0,Tersertifikasi,Low,770000000,0,0,2,0,Low
GCN-0013,Mie Gacoan Medan Karya,https://www.google.com/maps/place/Mie+Gacoan+Medan+Karya/data=!4m7!3m6!1s0x303131b458857877:0xfbbceeb91120c815!8m2!3d3.6105105!4d98.6655612!16s%2Fg%2F11jt1fqfnf!19sChIJd3iFWLQxMTARFcggEbnuvPs?authuser=0&hl=id&rclk=1,"Jl. Karya No.109, Sei Agul, Kec. Medan Bar., Kota Medan, Sumatera Utara 20235",Kota Medan,Sumatra Utara,4.7,92,Restoran Mie,Buka 24 jam,0897-9192-129,mitrabalisukses.com,Buka,Approved,2028-09-01,839,Proses Perpanjangan,Low,420000000,0,0,1,0,Low
GCN-0014,Mie Gacoan Denai,https://www.google.com/maps/place/Mie+Gacoan+Denai/data=!4m7!3m6!1s0x30313134c12a40d1:0x9d829ab959c24044!8m2!3d3.5812556!4d98.7214285!16s%2Fg%2F11y2fqsfhl!19sChIJ0UAqwTQxMTARREDCWbmagp0?authuser=0&hl=id&rclk=1,"Jl. Denai No.228, Tegal Sari Mandala Ii, Kec. Medan Denai, Kota Medan, Sumatera Utara 20371",Kota Medan,Sumatra Utara,4.8,92,Restoran Mie,Buka 24 jam,0838-7320-1532,Tidak Ada,Buka,Approved,2026-08-01,77,Tersertifikasi,Low,470000000,0,0,2,0,Low
GCN-0015,Mie Gacoan Sm Raja Medan,https://www.google.com/maps/place/Mie+Gacoan+SM+Raja+Medan/data=!4m7!3m6!1s0x30313189e0be0add:0x407a8d1076e60b82!8m2!3d3.5633994!4d98.6931273!16s%2Fg%2F11sf5994x9!19sChIJ3Qq-4IkxMTARggvmdhCNekA?authuser=0&hl=id&rclk=1,"Jl. Sisingamangaraja No.61A, Teladan Bar., Kec. Medan Kota, Kota Medan, Sumatera Utara 20147",Kota Medan,Sumatra Utara,4.8,92,Restoran Mie,Buka 24 jam,Tidak Ada,Tidak Ada,Buka,Approved,2028-07-06,782,Tersertifikasi,Low,170000000,0,0,2,0,Low
GCN-0016,Mie Gacoan Gaperta,https://www.google.com/maps/place/Mie+Gacoan+Gaperta/data=!4m7!3m6!1s0x30312fcb545a860f:0x788dccf9ae962b4b!8m2!3d3.6050762!4d98.625751!16s%2Fg%2F11vkfw080g!19sChIJD4ZaVMsvMTARSyuWrvnMjXg?authuser=0&hl=id&rclk=1,"Jl. Gaperta Ujung No.40, Tj. Gusta, Kec. Medan Helvetia, Kota Medan, Sumatera Utara 20123",Kota Medan,Sumatra Utara,4.7,10,Restoran Mie,07.00 hingga 04.00,Tidak Ada,Tidak Ada,Buka,Bermasalah,2027-07-11,421,Tersertifikasi,High (Butuh Eskalasi),310000000,2,1,2,0,High (Butuh Eskalasi)
GCN-0017,Mie Gacoan Marelan Raya,https://www.google.com/maps/place/Mie+Gacoan+Marelan+Raya/data=!4m7!3m6!1s0x30312d66f021994d:0x8daa4659e299370f!8m2!3d3.6828994!4d98.6560249!16s%2Fg%2F11s8b8njc0!19sChIJTZkh8GYtMTARDzeZ4llGqo0?authuser=0&hl=id&rclk=1,"Jl. Marelan Raya, Tanah Enam Ratus, Kec. Medan Marelan, Kota Medan, Sumatera Utara 20245",Kota Medan,Sumatra Utara,4.7,175,Restoran Mie,08.00 hingga 00.00,0897-9192-129,Tidak Ada,Buka,Approved,2028-04-06,691,Proses Perpanjangan,Low,680000000,0,0,1,0,Low
GCN-0018,Mie Gacoan A. H. Nasution,https://www.google.com/maps/place/Mie+Gacoan+A.+H.+Nasution/data=!4m7!3m6!1s0x303131eb7d4a3d03:0xb06299ce044f1201!8m2!3d3.5411507!4d98.662366!16s%2Fg%2F11l2ws3ry8!19sChIJAz1KfesxMTARARJPBM6ZYrA?authuser=0&hl=id&rclk=1,"Jl. Jenderal Besar A.H. Nasution, Pangkalan Masyhur, Kec. Medan Johor, Kota Medan, Sumatera Utara 20146",Kota Medan,Sumatra Utara,4.7,92,Restoran Mie,Buka 24 jam,Tidak Ada,Tidak Ada,Buka,Approved,2027-10-27,529,Tersertifikasi,Medium,720000000,1,0,2,0,Medium
GCN-0019,Mie Gacoan Pancing,https://www.google.com/maps/place/Mie+Gacoan+Pancing/data=!4m7!3m6!1s0x303131250accc93f:0xd52e75582641e8b!8m2!3d3.6147637!4d98.7074657!16s%2Fg%2F11ty7093xh!19sChIJP8nMCiUxMTARix5kglXnUg0?authuser=0&hl=id&rclk=1,"Jl. Williem Iskandar, Kenangan Baru, Kec. Percut Sei Tuan, Kota Medan, Sumatera Utara",Kota Medan,Sumatra Utara,4.6,92,Restoran Mie,Buka 24 jam,Tidak Ada,Tidak Ada,Buka,Approved,2028-04-07,692,Tersertifikasi,Low,510000000,0,0,2,0,Low
GCN-0020,Mie Gacoan,https://www.google.com/maps/place/Mie+Gacoan/data=!4m7!3m6!1s0x303131007d302f71:0x974889b3449a856f!8m2!3d3.5754073!4d98.6629438!16s%2Fg%2F11w4g5_bt2!19sChIJcS8wfQAxMTARb4WaRLOJSJc?authuser=0&hl=id&rclk=1,"Jl. Panglima Nyak Makam, Darat, Kec. Medan Baru, Kota Medan, Sumatera Utara",Kota Medan,Sumatra Utara,4.9,92,Restoran Mie,Buka 24 jam,Tidak Ada,Tidak Ada,Buka,In Progress,2028-08-02,809,Tersertifikasi,Low,640000000,0,2,2,0,Low
GCN-0021,Mie Gacoan Tanjung Morawa,https://www.google.com/maps/place/Mie+Gacoan+Tanjung+Morawa/data=!4m7!3m6!1s0x303139a03d57181b:0x93af898d4979fecd!8m2!3d3.5222631!4d98.7898537!16s%2Fg%2F11yshj70mt!19sChIJGxhXPaA5MTARzf55SY2Jr5M?authuser=0&hl=id&rclk=1,"Jl. Tj. Morawa No.9, Bandar Labuhan, Kec. Tj. Morawa, Kabupaten Deli Serdang, Sumatera Utara 20365",Kabupaten Deli Serdang,Sumatra Utara,4.8,92,Restoran Mie,Buka 24 jam,0895-3209-14733,Tidak Ada,Buka,Bermasalah,2028-02-18,643,Tersertifikasi,Medium,270000000,1,1,2,0,Medium
GCN-0022,Mie Gacoan Tembung,https://www.google.com/maps/place/Mie+Gacoan+Tembung/data=!4m7!3m6!1s0x30313100626973f1:0x78dc53067ba28a8f!8m2!3d3.5967324!4d98.7434069!16s%2Fg%2F11lcrl2jtk!19sChIJ8XNpYgAxMTARj4qiewZT3Hg?authuser=0&hl=id&rclk=1,"Jl. Besar Tembung No.32, Hutan, Kec. Percut Sei Tuan, Kabupaten Deli Serdang, Sumatera Utara 20225",Kabupaten Deli Serdang,Sumatra Utara,4.7,92,Restoran Mie,06.00 hingga 21.00,Tidak Ada,Tidak Ada,Buka,Approved,2026-07-04,49,Proses Perpanjangan,Low,720000000,0,0,1,0,Low
GCN-0023,Mie Gacoan Lubuk Pakam - Imam Bonjol,https://www.google.com/maps/place/Mie+Gacoan+Lubuk+Pakam+-+Imam+Bonjol/data=!4m7!3m6!1s0x303149004ec3c4ad:0x248d7eed682b7ae!8m2!3d3.5576556!4d98.8795098!16s%2Fg%2F11yf8xvzt0!19sChIJrcTDTgBJMTARrreC1u7XSAI?authuser=0&hl=id&rclk=1,"Jl. Imam Bonjol No.50, Tj. Garbus Satu, Kec. Lubuk Pakam, Kabupaten Deli Serdang, Sumatera Utara 20518",Kabupaten Deli Serdang,Sumatra Utara,4.8,92,Restoran Mie,07.00 hingga 03.00,Tidak Ada,mitrabalisukses.com,Buka,Approved,2026-11-11,179,Tersertifikasi,Low,600000000,0,0,2,0,Low
GCN-0024,Mie Gacoan Stabat,https://www.google.com/maps/place/Mie+Gacoan+Stabat/data=!4m7!3m6!1s0x30372b0053ac4593:0xaac37340e5ac4ea4!8m2!3d3.7504849!4d98.4679412!16s%2Fg%2F11xvlpv186!19sChIJk0WsUwArNzARpE6s5UBzw6o?authuser=0&hl=id&rclk=1,"Mie Gacoan, Perdamaian, Kec. Stabat, Kabupaten Langkat, Sumatera Utara 20811",Kabupaten Langkat,Sumatra Utara,4.7,92,Restoran Mie,07.00 hingga 05.00,Tidak Ada,instagram.com,Buka,Approved,2028-04-09,694,Tersertifikasi,Medium,770000000,1,0,2,0,Medium
GCN-0025,Mie Gacoan Binjai,https://www.google.com/maps/place/Mie+Gacoan+Binjai/data=!4m7!3m6!1s0x303129e3984a1d75:0x5ea99ae73f3118b7!8m2!3d3.6087481!4d98.4953217!16s%2Fg%2F11vj6rccms!19sChIJdR1KmOMpMTARtxgxP-eaqV4?authuser=0&hl=id&rclk=1,"Jl. Soekarno Hatta, Timbang Langkat, Kec. Binjai Tim., Kota Binjai, Sumatera Utara 20735",Kota Binjai,Sumatra Utara,4.7,92,Restoran Mie,08.00 hingga 23.30,Tidak Ada,Tidak Ada,Buka,Approved,2027-08-31,472,Proses Perpanjangan,Medium,540000000,1,0,1,0,Medium
GCN-0026,Gacoan Siantar,https://www.google.com/maps/place/gacoan+siantar/data=!4m7!3m6!1s0x303185005943552b:0xf47ba8bc5ed0c6a1!8m2!3d2.9566274!4d99.0600317!16s%2Fg%2F11whnwdw1k!19sChIJK1VDWQCFMTARocbQXryoe_Q?authuser=0&hl=id&rclk=1,"Jl. Sudirman No.20, Simalungun, Kec. Siantar Sel., Kota Pematang Siantar, Sumatera Utara 21144",Kota Pematang Siantar,Sumatra Utara,4.9,92,Restoran Mie,Buka 24 jam,0831-6743-2686,Tidak Ada,Buka,Approved,2028-08-07,814,Tersertifikasi,Low,510000000,0,0,2,0,Low
GCN-0027,Mie Gacoan,https://www.google.com/maps/place/Mie+gacoan/data=!4m7!3m6!1s0x303131006f579e85:0xd092acb5b8e6b2e0!8m2!3d3.5654249!4d98.6932541!16s%2Fg%2F11ynvpzcj1!19sChIJhZ5XbwAxMTAR4LLmuLWsktA?authuser=0&hl=id&rclk=1,"Hm8V+582, Jl. Asrama 3, Teladan Bar., Kec. Medan Kota, Kota Medan, Sumatera Utara 20214",Kota Medan,Sumatra Utara,4.7,92,Restoran Mie,Buka 24 jam,Tidak Ada,Tidak Ada,Buka,Approved,2028-10-02,870,Tersertifikasi,Low,150000000,0,0,2,0,Low
GCN-0028,Mie Gacoan Rantauprapat,https://www.google.com/maps/place/Mie+Gacoan+Rantauprapat/data=!4m7!3m6!1s0x302da10002d46be7:0x919093d5297f0698!8m2!3d2.0841142!4d99.8517031!16s%2Fg%2F11y8k795kq!19sChIJ52vUAgChLTARmAZ_KdWTkJE?authuser=0&hl=id&rclk=1,"Jl. Sm. Raja Jl. Aek Tapa No.7, Rantau Prapat, Kec. Rantau Sel., Kab. Labuhanbatu, Sumatera Utara 21418",Kabupaten Labuhanbatu,Sumatra Utara,4.8,92,Restoran Mie,Buka 24 jam,Tidak Ada,mitrabalisukses.com,Buka,Approved,2027-07-05,415,Tersertifikasi,Low,420000000,0,0,2,0,Low
GCN-0029,Mie Gacoan Tanjung Balai,https://www.google.com/maps/place/Mie+Gacoan+Tanjung+Balai/data=!4m7!3m6!1s0x303251157a730db5:0x78c79db4dbe03b91!8m2!3d2.9605429!4d99.8019955!16s%2Fg%2F11y12kv_pk!19sChIJtQ1zehVRMjARkTvg27Sdx3g?authuser=0&hl=id&rclk=1,"Karya, Tanjungbalai Selatan, Kota Tanjung Balai, Sumatera Utara 21314",Kota Tanjung Balai,Sumatra Utara,4.9,92,Restoran Mie,07.00 hingga 00.00,0899-0124-001,Tidak Ada,Buka,Approved,2027-10-24,526,Tersertifikasi,Low,370000000,0,0,2,0,Low
GCN-0030,Mi Gacoan Sisingamangaraja,https://www.google.com/maps/place/Mi+gacoan+Sisingamangaraja/data=!4m7!3m6!1s0x3031310002e37035:0x6b5d780eab26d334!8m2!3d3.5633405!4d98.6931454!16s%2Fg%2F11m6s7dkjz!19sChIJNXDjAgAxMTARNNMmqw54XWs?authuser=0&hl=id&rclk=1,"Hm7V+87J, Jl. Sisingamangaraja, Harjosari Ii, Kec. Medan Kota, Kota Medan, Sumatera Utara",Kota Medan,Sumatra Utara,4.1,92,Restoran Mie,Buka 24 jam,Tidak Ada,Tidak Ada,Buka,Approved,2026-11-02,170,Tersertifikasi,Low,760000000,0,0,2,0,Low
GCN-0031,Mie Gacoan K.Jum,https://www.google.com/maps/place/Mie+gacoan+k.jum/data=!4m7!3m6!1s0x30324b00205897ef:0x7f6b9805ba6b0767!8m2!3d3.0351989!4d99.628321!16s%2Fg%2F11ms2flmbd!19sChIJ75dYIABLMjARZwdrugWYa38?authuser=0&hl=id&rclk=1,"2Jph+38, Pd. Bungur, Kec. Rawang Panca Arga, Kabupaten Asahan, Sumatera Utara",Kabupaten Asahan,Sumatra Utara,5.0,92,Restoran Mie,10.00 hingga 22.00,0813-6227-5918,Tidak Ada,Buka,Approved,2028-08-13,820,Tersertifikasi,Medium,280000000,1,0,2,0,Medium
GCN-0032,Head Office Pt Mitra Bali Sukses (Mie Gacoan),https://www.google.com/maps/place/Head+Office+PT+Mitra+Bali+Sukses+%28Mie+Gacoan%29/data=!4m7!3m6!1s0x30312f917a42e457:0x8f6919e975ccad69!8m2!3d3.6048681!4d98.7156724!16s%2Fg%2F11t835h7r0!19sChIJV-RCepEvMTARaa3MdekZaY8?authuser=0&hl=id&rclk=1,"Pasar V Barat, Mmtc Warehouse 2, Jl. Williem Iskandar No.G-8, Kenangan Baru, Kec. Percut Sei Tuan, Kabupaten Deli Serdang, Sumatera Utara 20374",Kabupaten Deli Serdang,Sumatra Utara,4.5,92,Restoran Mie,Buka 24 jam,Tidak Ada,Tidak Ada,Buka,Approved,2028-09-21,859,Tersertifikasi,Low,750000000,0,0,2,0,Low
GCN-0033,Mie Gacoan Padang - Bypass,https://www.google.com/maps/place/Mie+Gacoan+Padang+-+Bypass/data=!4m7!3m6!1s0x2fd4b9d1864c552d:0xf987ed9ab2770dd2!8m2!3d-0.9234178!4d100.3980751!16s%2Fg%2F11x_3jk_35!19sChIJLVVMhtG51C8R0g13sprth_k?authuser=0&hl=id&rclk=1,"Jl. By Pass Jl. Durian Tarung, Ps. Ambacang, Kec. Kuranji, Kota Padang, Sumatera Barat 25175",Kota Padang,Sumatra Barat,4.7,25,Restoran Mie,08.00 hingga 05.00,Tidak Ada,Tidak Ada,Buka,Approved,2028-03-28,682,Tersertifikasi,Low,800000000,0,0,2,0,Low
GCN-0034,Mie Gacoan Padang - Khatib,https://www.google.com/maps/place/Mie+Gacoan+Padang+-+Khatib/data=!4m7!3m6!1s0x2fd4b9005ef5bb9d:0xfa1df441b1ba8a38!8m2!3d-0.9131717!4d100.3579241!16s%2Fg%2F11vr1_qk3k!19sChIJnbv1XgC51C8ROIq6sUH0Hfo?authuser=0&hl=id&rclk=1,"Jl. Khatib Sulaiman No.68, Ulak Karang Sel., Kec. Padang Utara, Kota Padang, Sumatera Barat 25173",Kota Padang,Sumatra Barat,4.6,25,Restoran Mie,08.00 hingga 00.00,Tidak Ada,Tidak Ada,Buka,Approved,2027-08-10,451,Tersertifikasi,Medium,430000000,1,0,2,0,Medium
GCN-0035,Mie Gacoan Bukittinggi - Soekarno Hatta,https://www.google.com/maps/place/Mie+Gacoan+Bukittinggi+-+Soekarno+Hatta/data=!4m7!3m6!1s0x2fd5390018dc451d:0x85da496834b5cba1!8m2!3d-0.2969403!4d100.3860447!16s%2Fg%2F11xh8tnsq_!19sChIJHUXcGAA51S8Rocu1NGhJ2oU?authuser=0&hl=id&rclk=1,"P93P+6Cf, Manggis Ganting, Kec. Mandiangin Koto Selayan, Kota Bukittinggi, Sumatera Barat",Kota Bukittinggi,Sumatra Barat,4.7,25,Restoran Mie,08.00 hingga 00.00,Tidak Ada,Tidak Ada,Buka,Approved,2027-12-26,589,Tersertifikasi,Low,340000000,0,0,2,0,Low
GCN-0036,Mie Gacoan Payakumbuh,https://www.google.com/maps/place/Mie+Gacoan+Payakumbuh/data=!4m7!3m6!1s0x2fd54b004ba2df1b:0x282bd3de7f5e8d81!8m2!3d-0.2429384!4d100.6134675!16s%2Fg%2F11ww91lxb1!19sChIJG9-iSwBL1S8RgY1ef97TKyg?authuser=0&hl=id&rclk=1,"Jl. Soekarno - Hatta No.Kelurahan, Bulakan Balai Kandih, Kec. Payakumbuh Bar., Kota Payakumbuh, Sumatera Barat 26225",Kota Payakumbuh,Sumatra Barat,4.6,25,Restoran Mie,07.00 hingga 03.00,0897-2050-001,mitrabalisukses.com,Buka,Approved,2027-08-08,449,Menunggu Audit,Low,290000000,0,0,0,0,Low
GCN-0037,Mie Gacoan Padang - Sutomo,https://www.google.com/maps/place/Mie+Gacoan+Padang+-+Sutomo/data=!4m7!3m6!1s0x2fd4b939a24deee3:0x2a9c4d5076f460d8!8m2!3d-0.9470811!4d100.3809713!16s%2Fg%2F11kk1f71z6!19sChIJ4-5Nojm51C8R2GD0dlBNnCo?authuser=0&hl=id&rclk=1,"Jl. Dr. Sutomo, Simpang Haru, Kec. Padang Tim., Kota Padang, Sumatera Barat",Kota Padang,Sumatra Barat,4.7,25,Restoran Mie,Buka 24 jam,Tidak Ada,Tidak Ada,Buka,Approved,2026-06-05,20,Menunggu Audit,Low,760000000,0,0,0,0,Low
GCN-0038,Mie Gacoan By Bulek Cabang Simpang Kiambang,https://www.google.com/maps/place/Mie+Gacoan+by+bulek+cabang+simpang+kiambang/data=!4m7!3m6!1s0x2fd52d005774dbe7:0x1d10dc12ac560ce9!8m2!3d-0.4663056!4d100.5363333!16s%2Fg%2F11myv_vppt!19sChIJ59t0VwAt1S8R6QxWrBLcEB0?authuser=0&hl=id&rclk=1,"Jalan Sudirman No 18 Simpang Kiambang Jorong, Kubu Rajo, Kec. Lima Kaum, Kabupaten Tanah Datar",Kabupaten Tanah Datar,Sumatera Barat,4.4,8,Restoran Mie,10.00 hingga 22.00,0852-1083-3815,Tidak Ada,Buka,Approved,2028-01-06,600,Tersertifikasi,Medium,390000000,1,0,2,0,Medium
GCN-0039,Mie Gacoan Bandung - Braga,https://www.google.com/maps/place/Mie+Gacoan+Bandung+-+Braga/data=!4m7!3m6!1s0x2e68e7443ff0e33b:0xd76d78736a954172!8m2!3d-6.9175961!4d107.6129776!16s%2Fg%2F11svtrqrng!19sChIJO-PwP0TnaC4RckGVanN4bdc?authuser=0&hl=id&rclk=1,"Jl. Sumatera No.1, Braga, Kec. Sumur Bandung, Kota Bandung, Jawa Barat 40111",Kota Bandung,Jawa Barat,4.7,8,Restoran Mie,08.00 hingga 23.00,Tidak Ada,Tidak Ada,Buka,Approved,2026-03-17,0,Proses Perpanjangan,Low,390000000,0,0,1,0,Low
GCN-0040,Mie Ala Gacoan S&S 01,https://www.google.com/maps/place/MIE+ALA+GACOAN+S%26S+01/data=!4m7!3m6!1s0x2fd5399936694d7f:0xbe01b5745b945171!8m2!3d-0.310036!4d100.3757579!16s%2Fg%2F11ks48xhyq!19sChIJf01pNpk51S8RcVGUW3S1Ab4?authuser=0&hl=id&rclk=1,"Jl. Syech Arrasuli, Aur Tajungkang Tengah Sawah, Kec. Guguk Panjang, Kota Bukittinggi, Sumatera Barat 26138",Kota Bukittinggi,Sumatra Barat,4.3,25,Restoran Mie,12.00 hingga 21.00,0823-1180-9090,Tidak Ada,Buka,Approved,2027-11-15,548,Tersertifikasi,Medium,690000000,1,0,2,0,Medium
GCN-0041,Mie Gacoan Tangerang - Ciledug,https://www.google.com/maps/place/Mie+Gacoan+Tangerang+-+Ciledug/data=!4m7!3m6!1s0x2e69f100018dc907:0x52b8d20f54434f38!8m2!3d-6.2367778!4d106.7442983!16s%2Fg%2F11y280fw0w!19sChIJB8mNAQDxaS4ROE9DVA_SuFI?authuser=0&hl=id&rclk=1,"Jl. Ciledug Raya No.30, Rt.006/Rw.002, Kreo Selatan, Kec. Larangan, Kota Tangerang, Banten 15156",Kota Tangerang,Banten,4.7,8,Restoran Mie,Buka 24 jam,Tidak Ada,Tidak Ada,Buka,Approved,2028-02-13,638,Tersertifikasi,Low,400000000,0,0,2,0,Low
GCN-0042,Mie Gacoan Iyess,https://www.google.com/maps/place/Mie+gacoan+iyess/data=!4m7!3m6!1s0x2fd4e345709ec415:0xd32b7822a418e651!8m2!3d-0.547918!4d100.083528!16s%2Fg%2F11ms8cy_n0!19sChIJFcSecEXj1C8RUeYYpCJ4K9M?authuser=0&hl=id&rclk=1,"Simpang 4 Sungai Sirah, Depan Anak Ngaji, Pilubang, Kabupaten Padang Pariaman, Sumatera Barat 25516",Kabupaten Padang Pariaman,Sumatra Barat,5.0,25,Restoran Mie,08.00 hingga 21.00,0853-6685-7198,Tidak Ada,Buka,Bermasalah,2026-08-16,92,Tersertifikasi,Low,610000000,0,1,2,0,Low
GCN-0043,Mie Gacoan By.Bulek,https://www.google.com/maps/place/Mie+Gacoan+by.Bulek/data=!4m7!3m6!1s0x2fd52dd5695a85dd:0xc90eabae917c108c!8m2!3d-0.4537548!4d100.5946467!16s%2Fg%2F11vz4z9nzd!19sChIJ3YVaadUt1S8RjBB8ka6rDsk?authuser=0&hl=id&rclk=1,"Jl. Piere Tendean, Baringin, Kec. Lima Kaum, Kabupaten Tanah Datar, Sumatera Barat 27681",Kabupaten Tanah Datar,Sumatra Barat,4.4,25,Restoran Mie,15.00 hingga 22.00,0853-5501-4024,Tidak Ada,Buka,Approved,2027-08-16,457,Proses Perpanjangan,Low,430000000,0,0,1,0,Low
GCN-0044,Mie Gacoan Alang Alang Lebar,https://www.google.com/maps/place/MIE+GACOAN+ALANG+ALANG+LEBAR/data=!4m7!3m6!1s0x2fd4c7000a5b19e9:0x150d16bcf70afe50!8m2!3d-0.8740812!4d100.3845011!16s%2Fg%2F11n52phw81!19sChIJ6RlbCgDH1C8RUP4K97wWDRU?authuser=0&hl=id&rclk=1,"Alan, Jl. By Pass, Aie Pacah, Kec. Koto Tangah, Kota Padang, Sumatera Barat",Kota Padang,Sumatra Barat,4.7,25,Restoran Mie,Buka 24 jam,Tidak Ada,Tidak Ada,Buka,Approved,2028-03-27,681,Tersertifikasi,Low,270000000,0,0,2,0,Low
GCN-0045,Mie Gacoan Pekanbaru Arifin Ahmad,https://www.google.com/maps/place/Mie+Gacoan+Pekanbaru+Arifin+Ahmad/data=!4m7!3m6!1s0x31d5afa9f49df993:0xc0d723d547d01b93!8m2!3d0.4797813!4d101.4334828!16s%2Fg%2F11yrwt1hhc!19sChIJk_md9Kmv1TERkxvQR9Uj18A?authuser=0&hl=id&rclk=1,"Jl Arifin Ahmad Rt/Rw 003/002 Tangkerang Barat, Tangkerang Barat, Marpoyan, Damai, Kota Pekanbaru, Riau 10291",Kota Pekanbaru,Riau,4.9,8,Restoran Mie,Buka 24 jam,0899-0830-005,Tidak Ada,Buka,Approved,2027-04-22,341,Tersertifikasi,High (Butuh Eskalasi),400000000,2,0,2,0,High (Butuh Eskalasi)
GCN-0046,Mie Gacoan Jakarta - Daan Mogot,https://www.google.com/maps/place/Mie+Gacoan+Jakarta+-+Daan+Mogot/data=!4m7!3m6!1s0x2e69f7004da042e9:0xbb0ea07e8ba7bac!8m2!3d-6.1653805!4d106.7850744!16s%2Fg%2F11vpps8869!19sChIJ6UKgTQD3aS4RrHu66AfqsAs?authuser=0&hl=id&rclk=1,"Jl. Daan Mogot No.71, Rt.4/Rw.3, Jelambar, Kec. Grogol Petamburan, Kota Jakarta Barat, Daerah Khusus Ibukota Jakarta 11460",Kota Jakarta Barat,Dki Jakarta,4.6,2,Restoran Mie,Buka 24 jam,Tidak Ada,Tidak Ada,Buka,Bermasalah,2026-11-25,193,Tersertifikasi,Low,560000000,0,1,2,0,Low
GCN-0047,Mie Gacoan Jakarta - Peta Utara,https://www.google.com/maps/place/Mie+Gacoan+Jakarta+-+Peta+Utara/data=!4m7!3m6!1s0x2e6a030014b5f909:0x575fc66d788479d3!8m2!3d-6.132155!4d106.7031714!16s%2Fg%2F11x6wl7n8t!19sChIJCfm1FAADai4R03mEeG3GX1c?authuser=0&hl=id&rclk=1,"Vp93+47M, Jl. Satu Maret, Rt.9/Rw.3, Pegadungan, Kec. Kalideres, Kota Jakarta Barat, Daerah Khusus Ibukota Jakarta",Kota Jakarta Barat,Dki Jakarta,4.8,2,Restoran Mie,Buka 24 jam,Tidak Ada,Tidak Ada,Buka,Approved,2026-12-20,218,Proses Perpanjangan,Low,490000000,0,0,1,0,Low
GCN-0048,Mie Gacoan Tangsel - Pondok Betung,https://www.google.com/maps/place/Mie+Gacoan+Tangsel+-+Pondok+Betung/data=!4m7!3m6!1s0x2e69f100236c7f5d:0xdd779de388f6e9be!8m2!3d-6.2599057!4d106.7496436!16s%2Fg%2F11y5c49_th!19sChIJXX9sIwDxaS4Rvun2iOOdd90?authuser=0&hl=id&rclk=1,"Jl. Pd. Betung Raya No.3, Pd. Betung, Kec. Pd. Aren, Kota Tangerang Selatan, Banten 15221",Kota Tangerang Selatan,Banten,4.8,8,Restoran Mie,Buka 24 jam,Tidak Ada,Tidak Ada,Buka,Bermasalah,2027-11-02,535,Tersertifikasi,Medium,230000000,1,1,2,0,Medium
GCN-0049,Mie Gacoan Jakarta - Tomang Raya,https://www.google.com/maps/place/Mie+Gacoan+Jakarta+-+Tomang+Raya/data=!4m7!3m6!1s0x2e69f70046dd7a2d:0x83d44d13899bd97!8m2!3d-6.1759346!4d106.8022617!16s%2Fg%2F11wmy0hpmt!19sChIJLXrdRgD3aS4Rl72ZONFEPQg?authuser=0&hl=id&rclk=1,"Jl. Tomang Raya No.46C, Jatipulo, Kec. Palmerah, Kota Jakarta Barat, Daerah Khusus Ibukota Jakarta 11440",Kota Jakarta Barat,Dki Jakarta,4.7,2,Restoran Mie,Buka 24 jam,0896-9954-4015,Tidak Ada,Buka,Approved,2026-07-04,49,Tersertifikasi,Low,570000000,0,0,2,0,Low
GCN-0050,Mie Gacoan Tangerang - Raden Saleh,https://www.google.com/maps/place/Mie+Gacoan+Tangerang+-+Raden+Saleh/data=!4m7!3m6!1s0x2e69f98a757f5ec9:0x128e29117fbd3bd3!8m2!3d-6.216857!4d106.7086267!16s%2Fg%2F11vjg0sm71!19sChIJyV5_dYr5aS4R0zu9fxEpjhI?authuser=0&hl=id&rclk=1,"Jl. Raden Saleh No.27, Rt.002/Rw.014, Karang Tengah, Kec. Karang Tengah, Kota Tangerang, Banten 15157",Kota Tangerang,Banten,4.7,8,Restoran Mie,Buka 24 jam,Tidak Ada,Tidak Ada,Buka,In Progress,2026-04-24,0,Tersertifikasi,High (Butuh Eskalasi),700000000,2,2,2,0,High (Butuh Eskalasi)
GCN-0051,Mie Gacoan Tangerang - Ds Petir,https://www.google.com/maps/place/Mie+Gacoan+Tangerang+-+DS+Petir/data=!4m7!3m6!1s0x2e69f9000ab6747b:0x80587e83b50142a3!8m2!3d-6.1873135!4d106.715494!16s%2Fg%2F11x85tn0w8!19sChIJe3S2CgD5aS4Ro0IBtYN-WIA?authuser=0&hl=id&rclk=1,"Jl. Kh. Ahmad Dahlan No.19, Rt.001/Rw.007, Petir, Kec. Cipondoh, Kota Tangerang, Banten 15147",Kota Tangerang,Banten,4.6,8,Restoran Mie,08.00 hingga 23.00,Tidak Ada,Tidak Ada,Buka,In Progress,2028-04-04,689,Tersertifikasi,Low,350000000,0,2,2,0,Low
GCN-0052,Mie Ala Gacoan O'L,https://www.google.com/maps/place/Mie+Ala+Gacoan+O%27l/data=!4m7!3m6!1s0x2fd538a309857b79:0x57c7b1b14436b8be!8m2!3d-0.3017304!4d100.3684224!16s%2Fg%2F11y5qbw31p!19sChIJeXuFCaM41S8Rvrg2RLGxx1c?authuser=0&hl=id&rclk=1,"Benteng Ps. Atas, Kec. Guguk Panjang, Kota Bukittinggi, Sumatera Barat",Kota Bukittinggi,Sumatra Barat,3.0,25,Restoran Mie,Buka 24 jam,Tidak Ada,Tidak Ada,Buka,Approved,2028-01-11,605,Tersertifikasi,Medium,590000000,1,0,2,0,Medium
GCN-0053,Mie Gacoan Tangerang - Cipondoh,https://www.google.com/maps/place/Mie+Gacoan+Tangerang+-+Cipondoh/data=!4m7!3m6!1s0x2e69f94f1b474fef:0x7cf44cb3839c017d!8m2!3d-6.1873763!4d106.6624113!16s%2Fg%2F11kbdgnjzd!19sChIJ709HG0_5aS4RfQGcg7NM9Hw?authuser=0&hl=id&rclk=1,"Jl. Kh. Hasyim Ashari No.71, Rt.008/Rw.002, Poris Plawad Utara, Kec. Cipondoh, Kota Tangerang, Banten 15141",Kota Tangerang,Banten,4.6,8,Restoran Mie,Buka 24 jam,Tidak Ada,Tidak Ada,Buka,Approved,2028-02-26,651,Menunggu Audit,High (Butuh Eskalasi),730000000,2,0,0,0,High (Butuh Eskalasi)
GCN-0054,Mie Gacoan Tangerang - Husein Sastranegara,https://www.google.com/maps/place/Mie+Gacoan+Tangerang+-+Husein+Sastranegara/data=!4m7!3m6!1s0x2e69f9002c1ba743:0xebf42adf39f999b4!8m2!3d-6.1421878!4d106.6822424!16s%2Fg%2F11w9l024wr!19sChIJQ6cbLAD5aS4RtJn5Od8q9Os?authuser=0&hl=id&rclk=1,"Jl. Husein Sastranegara No.88B, Rt.005/Rw.004, Jurumudi, Kec. Benda, Kota Tangerang, Banten 15124",Kota Tangerang,Banten,4.8,8,Restoran Mie,Buka 24 jam,Tidak Ada,Tidak Ada,Buka,Approved,2028-07-26,802,Tersertifikasi,Low,390000000,0,0,2,0,Low
GCN-0055,Mie Gacoan Tangsel - Graha Raya,https://www.google.com/maps/place/Mie+Gacoan+Tangsel+-+Graha+Raya/data=!4m7!3m6!1s0x2e69fb00430ac3f7:0xfb1a1d90c4f43fdc!8m2!3d-6.2423175!4d106.6664388!16s%2Fg%2F11wr4q_g4d!19sChIJ98MKQwD7aS4R3D_0xJAdGvs?authuser=0&hl=id&rclk=1,"Jl. Boulevard Silk Town No.7, Pd. Jagung Tim., Kec. Serpong Utara, Kota Tangerang Selatan, Banten 15326",Kota Tangerang Selatan,Banten,4.6,8,Restoran Mie,Buka 24 jam,Tidak Ada,Tidak Ada,Buka,Approved,2028-04-24,709,Tersertifikasi,Low,570000000,0,0,2,0,Low
GCN-0056,Mie Gacoan Jakarta Pusat - Menteng Proklamasi,https://www.google.com/maps/place/Mie+Gacoan+Jakarta+Pusat+-+Menteng+Proklamasi/data=!4m7!3m6!1s0x2e69f5004f5b7991:0x8e68e7d8f71619bb!8m2!3d-6.2023194!4d106.8503767!16s%2Fg%2F11wqgd_qf0!19sChIJkXlbTwD1aS4RuxkW99jnaI4?authuser=0&hl=id&rclk=1,"Jl. Proklamasi No.90-92, Rt.1/Rw.4, Pegangsaan, Kec. Menteng, Kota Jakarta Pusat, Daerah Khusus Ibukota Jakarta 10320",Kota Jakarta Pusat,Dki Jakarta,4.7,2,Restoran Mie,Buka 24 jam,0877-8209-8433,instagram.com,Buka,Bermasalah,2027-12-24,587,Tersertifikasi,Low,720000000,0,1,2,0,Low
GCN-0057,Mie Gacoan Yos Lubuklinggau,https://www.google.com/maps/place/Mie+Gacoan+Yos+Lubuklinggau/data=!4m7!3m6!1s0x2e30e77ab66eae35:0xd14988c5a71706fd!8m2!3d-3.2753205!4d102.90177!16s%2Fg%2F11vpt2thpw!19sChIJNa5utnrnMC4R_QYXp8WISdE?authuser=0&hl=id&rclk=1,"Jl. Yos Sudarso, Watervang, Kec. Lubuk Linggau Tim. I, Kota Lubuklinggau, Sumatera Selatan 31625",Kota Lubuklinggau,Sumatra Selatan,4.8,1180,Restoran Mie,07.00 hingga 02.00,0899-0110-001,Tidak Ada,Buka,Approved,2026-08-26,102,Tersertifikasi,Low,390000000,0,0,2,0,Low
GCN-0058,Mie Gacoan On The Street,https://www.google.com/maps/place/Mie+Gacoan+On+The+Street/data=!4m7!3m6!1s0x2e6a03001809c231:0xd7ac683db5d98ebf!8m2!3d-6.098113!4d106.7025101!16s%2Fg%2F11vxcljjh9!19sChIJMcIJGAADai4Rv47ZtT1orNc?authuser=0&hl=id&rclk=1,"Wp23+Q22, Jl. Kb. Dua Ratus, Rt.6/Rw.2, Kamal, Kec. Kalideres, Kota Jakarta Barat, Daerah Khusus Ibukota Jakarta 11810",Kota Jakarta Barat,Dki Jakarta,4.3,2,Restoran Mie,07.00 hingga 20.00,Tidak Ada,Tidak Ada,Buka,Approved,2028-09-04,842,Tersertifikasi,High (Butuh Eskalasi),500000000,2,0,2,0,High (Butuh Eskalasi)
GCN-0059,Mie Gacoan Lahat Letnan Marzuki,https://www.google.com/maps/place/Mie+Gacoan+Lahat+Letnan+Marzuki/data=!4m7!3m6!1s0x2e3757ec1f6d949f:0xc7e640b2336dccc6!8m2!3d-3.7854375!4d103.5353125!16s%2Fg%2F11wfqjb__d!19sChIJn5RtH-xXNy4RxsxtM7JA5sc?authuser=0&hl=id&rclk=1,"6G7P+R44, Talang Jawa Sel., Kec. Lahat, Kabupaten Lahat, Sumatera Selatan",Kabupaten Lahat,Sumatra Selatan,4.7,1180,Restoran Mie,08.00 hingga 23.30,0898-1103-001,Tidak Ada,Buka,Approved,2028-05-29,744,Tersertifikasi,Low,780000000,0,0,2,0,Low
GCN-0060,Mie Gacoan Pekanbaru Sudirman,https://www.google.com/maps/place/Mie+Gacoan+Pekanbaru+Sudirman/data=!4m7!3m6!1s0x31d5af001dd4bc5b:0x84a4e58acbb9e54f!8m2!3d0.5061806!4d101.4509625!16s%2Fg%2F11yc0kjbc_!19sChIJW7zUHQCv1TERT-W5y4rlpIQ?authuser=0&hl=id&rclk=1,"Jl. Jend. Sudirman No.125, Wonorejo, Kec. Marpoyan Damai, Kota Pekanbaru, Riau 28121",Kota Pekanbaru,Riau,4.8,8,Restoran Mie,Buka 24 jam,0899-9031-222,mitrabalisukses.com,Buka,Approved,2028-07-13,789,Tersertifikasi,Low,630000000,0,0,2,0,Low
GCN-0061,Mie Gacoan Soekarno Hatta,https://www.google.com/maps/place/Mie+Gacoan+Soekarno+Hatta/data=!4m7!3m6!1s0x31d5a9000747eef9:0x5d0ebd4fec317d54!8m2!3d0.5143124!4d101.4195508!16s%2Fg%2F11xvvc7srf!19sChIJ-e5HBwCp1TERVH0x7E-9Dl0?authuser=0&hl=id&rclk=1,"Jl. Soekarno - Hatta No.48, Labuh Baru Bar., Kec. Payung Sekaki, Kota Pekanbaru, Riau 28292",Kota Pekanbaru,Riau,4.9,8,Restoran Mie,07.00 hingga 05.00,Tidak Ada,mitrabalisukses.com,Buka,Approved,2026-12-02,200,Menunggu Audit,Low,620000000,0,0,0,0,Low
GCN-0062,Mie Gacoan Tangsel - Bsd,https://www.google.com/maps/place/Mie+Gacoan+Tangsel+-+BSD/data=!4m7!3m6!1s0x2e69fb0000ca577b:0xa7de0f2a90a7f345!8m2!3d-6.3008174!4d106.6683262!16s%2Fg%2F11x2_2j7x2!19sChIJe1fKAAD7aS4RRfOnkCoP3qc?authuser=0&hl=id&rclk=1,"Mmx9+M8G, Jl. Pelayangan, Rw. Buntu, Kec. Serpong, Kota Tangerang Selatan, Banten",Kota Tangerang Selatan,Banten,4.7,8,Restoran Mie,Buka 24 jam,Tidak Ada,Tidak Ada,Buka,In Progress,2027-10-07,509,Tersertifikasi,Medium,210000000,1,2,2,0,Medium
GCN-0063,Mie Ala Gacoan Pariaman,https://www.google.com/maps/place/Mie+Ala+Gacoan+Pariaman/data=!4m7!3m6!1s0x2fd4e300389a42fb:0xf89830d00c2de81!8m2!3d-0.6327387!4d100.1235483!16s%2Fg%2F11xf1ylbfy!19sChIJ-0KaOADj1C8Rgd7CAA2DiQ8?authuser=0&hl=id&rclk=1,"948F+Wc3, Jl. M. Yamin, Lohong, Kec. Pariaman Tengah, Kota Pariaman, Sumatera Barat",Kota Pariaman,Sumatra Barat,4.4,25,Restoran Mie,11.30 hingga 22.00,Tidak Ada,Tidak Ada,Buka,Approved,2027-06-09,389,Tersertifikasi,High (Butuh Eskalasi),480000000,2,0,2,0,High (Butuh Eskalasi)
GCN-0064,Mie Gacoan Tangsel - Alam Sutera,https://www.google.com/maps/place/Mie+Gacoan+Tangsel+-+Alam+Sutera/data=!4m7!3m6!1s0x2e69fb00546721a1:0x4c5b8d9494fa7077!8m2!3d-6.2403214!4d106.6528568!16s%2Fg%2F11vq3vqcjt!19sChIJoSFnVAD7aS4Rd3D6lJSNW0w?authuser=0&hl=id&rclk=1,"Jl. Alam Sutera Boulevard Utama, Pakulonan, Kec. Serpong Utara, Kota Tangerang Selatan, Banten 15325",Kota Tangerang Selatan,Banten,4.6,8,Restoran Mie,Buka 24 jam,Tidak Ada,Tidak Ada,Buka,Approved,2028-02-15,640,Tersertifikasi,Low,370000000,0,0,2,0,Low
GCN-0065,Mie Gacoan Abusamah Palembang,https://www.google.com/maps/place/Mie+Gacoan+Abusamah+Palembang/data=!4m7!3m6!1s0x2e3b75fcf6e117bb:0x98a0f3a31a30b103!8m2!3d-2.942163!4d104.7437593!16s%2Fg%2F11v4jftmzr!19sChIJuxfh9vx1Oy4RA7EwGqPzoJg?authuser=0&hl=id&rclk=1,"Jl. R.A. Abusamah, Suka Bangun, Kec. Sukarami, Kota Palembang, Sumatera Selatan 30151",Kota Palembang,Sumatra Selatan,4.8,1180,Restoran Mie,08.00 hingga 23.30,0896-0100-5003,Tidak Ada,Buka,Approved,2027-01-13,242,Tersertifikasi,Low,240000000,0,0,2,0,Low
GCN-0066,Mie Gacoan Re Martadinata,https://www.google.com/maps/place/Mie+Gacoan+RE+MARTADINATA/data=!4m7!3m6!1s0x2e69850006159893:0x45e2ea90ad1cf311!8m2!3d-6.2619266!4d107.1425709!16s%2Fg%2F11yb7h3941!19sChIJk5gVBgCFaS4REfMcrZDq4kU?authuser=0&hl=id&rclk=1,"Jl. Re. Martadinata, Karangbaru, Kec. Cikarang Utara, Kabupaten Bekasi, Jawa Barat 17530",Kabupaten Bekasi,Jawa Barat,4.6,8,Restoran Mie,Buka 24 jam,Tidak Ada,Tidak Ada,Buka,In Progress,2027-11-17,550,Tersertifikasi,Medium,450000000,1,2,2,0,Medium
GCN-0067,Mie Gacoan Tangsel - Ciater Raya,https://www.google.com/maps/place/Mie+Gacoan+Tangsel+-+Ciater+Raya/data=!4m7!3m6!1s0x2e69e5bc92b27dc5:0x16ad67bf65ccdb10!8m2!3d-6.3144244!4d106.6985787!16s%2Fg%2F11t_vkkhtx!19sChIJxX2ykrzlaS4RENvMZb9nrRY?authuser=0&hl=id&rclk=1,"Jl. Ciater Raya, Ciater, Kec. Serpong, Kota Tangerang Selatan, Banten 15310",Kota Tangerang Selatan,Banten,4.7,8,Restoran Mie,Buka 24 jam,Tidak Ada,Tidak Ada,Buka,Approved,2026-11-30,198,Tersertifikasi,Low,380000000,0,0,2,0,Low
GCN-0068,Mie Gacoan Tangerang - Kutabumi,https://www.google.com/maps/place/Mie+Gacoan+Tangerang+-+Kutabumi/data=!4m7!3m6!1s0x2e69ffa89e5d67d5:0x91cb83c4dee9c7e3!8m2!3d-6.1530634!4d106.5826639!16s%2Fg%2F11rwm47613!19sChIJ1Wddnqj_aS4R48fp3sSDy5E?authuser=0&hl=id&rclk=1,"Jl. Raya Kutabumi, Karet, Kec. Sepatan, Kabupaten Tangerang, Banten",Kabupaten Tangerang,Banten,4.8,8,Restoran Mie,Buka 24 jam,Tidak Ada,Tidak Ada,Buka,Approved,2028-06-08,754,Proses Perpanjangan,Low,420000000,0,0,1,0,Low
GCN-0069,Mie Gacoan Pekanbaru Panam,https://www.google.com/maps/place/Mie+Gacoan+Pekanbaru+Panam/data=!4m7!3m6!1s0x31d5a9f03ed00f07:0xaaed0ac17252d3c3!8m2!3d0.4638701!4d101.3898823!16s%2Fg%2F11sd7kw1cj!19sChIJBw_QPvCp1TERw9NScsEK7ao?authuser=0&hl=id&rclk=1,"Sialangmunggu, Jl. Hr. Soebrantas No.39A, Kec. Tampan, Kota Pekanbaru, Riau 28293",Kota Pekanbaru,Riau,4.7,8,Restoran Mie,Buka 24 jam,0897-9192-129,Tidak Ada,Buka,In Progress,2027-04-02,321,Menunggu Audit,Low,680000000,0,2,0,0,Low
GCN-0070,Mie Gacoan Tangerang - Citra Raya,https://www.google.com/maps/place/Mie+Gacoan+Tangerang+-+Citra+Raya/data=!4m7!3m6!1s0x2e42070012c18d87:0xb6cbba71f30df429!8m2!3d-6.2404118!4d106.5239022!16s%2Fg%2F11vk79zvhk!19sChIJh43BEgAHQi4RKfQN83G6y7Y?authuser=0&hl=id&rclk=1,"Jl. Citra Raya Boulevard, Cikupa, Kec. Cikupa, Kabupaten Tangerang, Banten 15710",Kabupaten Tangerang,Banten,4.7,8,Restoran Mie,Buka 24 jam,Tidak Ada,Tidak Ada,Buka,Approved,2028-08-29,836,Tersertifikasi,Low,150000000,0,0,2,0,Low
GCN-0071,Mie Gacoan Jakarta - Lenteng Agung,https://www.google.com/maps/place/Mie+Gacoan+Jakarta+-+Lenteng+Agung/data=!4m7!3m6!1s0x2e69ed001139f83b:0x753630c52c453f0d!8m2!3d-6.3293248!4d106.8347913!16s%2Fg%2F11wqfq2p_h!19sChIJO_g5EQDtaS4RDT9FLMUwNnU?authuser=0&hl=id&rclk=1,"Gg. Upu, Lenteng Agung, Kec. Jagakarsa, Kota Jakarta Selatan, Daerah Khusus Ibukota Jakarta 12630",Kota Jakarta Selatan,Dki Jakarta,4.8,2,Restoran Mie,Buka 24 jam,Tidak Ada,Tidak Ada,Buka,Approved,2026-05-25,9,Proses Perpanjangan,Low,410000000,0,0,1,0,Low
GCN-0072,Mie Gacoan Jakarta - Condet,https://www.google.com/maps/place/Mie+Gacoan+Jakarta+-+Condet/data=!4m7!3m6!1s0x2e69f3004eb993cd:0xcb451c7430f8ce66!8m2!3d-6.2929162!4d106.856032!16s%2Fg%2F11wppq45z0!19sChIJzZO5TgDzaS4RZs74MHQcRcs?authuser=0&hl=id&rclk=1,"Jl. Raya Condet, Rt.5/Rw.3, Gedong, Kec. Ps. Rebo, Kota Jakarta Timur, Daerah Khusus Ibukota Jakarta 13760",Kota Jakarta Timur,Dki Jakarta,4.7,2,Restoran Mie,Buka 24 jam,Tidak Ada,Tidak Ada,Buka,Approved,2026-03-17,0,Tersertifikasi,Low,460000000,0,0,2,0,Low
GCN-0073,Mie Gacoan Demang Lebar Daun,https://www.google.com/maps/place/Mie+Gacoan+Demang+Lebar+Daun/data=!4m7!3m6!1s0x2e3b750f46fd2309:0x625294c66769385a!8m2!3d-2.9626962!4d104.737098!16s%2Fg%2F11v3wqy91x!19sChIJCSP9Rg91Oy4RWjhpZ8aUUmI?authuser=0&hl=id&rclk=1,"Jl. Demang Lebar Daun No.1816, 20 Ilir D. Iv, Kec. Ilir Tim. I, Kota Palembang, Sumatera Selatan 30151",Kota Palembang,Sumatra Selatan,4.8,1180,Restoran Mie,Buka 24 jam,Tidak Ada,Tidak Ada,Buka,Approved,2026-09-28,135,Tersertifikasi,Medium,630000000,1,0,2,0,Medium
GCN-0074,Mie Gacoan Tangerang - Cimone,https://www.google.com/maps/place/Mie+Gacoan+Tangerang+-+Cimone/data=!4m7!3m6!1s0x2e69ff00752f71ef:0xbd83735b22a0a448!8m2!3d-6.1837138!4d106.6195682!16s%2Fg%2F11vz9w50rb!19sChIJ73EvdQD_aS4RSKSgIltzg70?authuser=0&hl=id&rclk=1,"Jl. Raya Merdeka, Rt.04/Rw.01, Pabuaran, Kec. Karawaci, Kota Tangerang, Banten",Kota Tangerang,Banten,4.6,8,Restoran Mie,Buka 24 jam,Tidak Ada,Tidak Ada,Buka,Approved,2028-03-09,663,Tersertifikasi,Low,680000000,0,0,2,0,Low
GCN-0075,Mie Gacoan Tanjungpinang,https://www.google.com/maps/place/MIE+GACOAN+TANJUNGPINANG/data=!4m7!3m6!1s0x31d96dcef6b9ab6f:0x2a0f0b4a1952549f!8m2!3d0.9210701!4d104.5102703!16s%2Fg%2F11zk196kb5!19sChIJb6u59s5t2TERn1RSGUoLDyo?authuser=0&hl=id&rclk=1,"Jl. Arah Tj. Uban - Tj. Pinang, Air Raja, Kec. Tanjungpinang Tim., Kota Tanjung Pinang, Kepulauan Riau 29125",Kota Tanjung Pinang,Riau,4.8,8,Restoran Mie,Buka 24 jam,0895-3108-0001,Tidak Ada,Buka,Approved,2028-03-05,659,Tersertifikasi,Low,680000000,0,0,2,0,Low
GCN-0076,Mie Gacoan Prabumulih,https://www.google.com/maps/place/Mie+Gacoan+Prabumulih/data=!4m7!3m6!1s0x2e3a33004eb9fc03:0xc6b8a6021abff938!8m2!3d-3.4171276!4d104.2573897!16s%2Fg%2F11y3b5g1vs!19sChIJA_y5TgAzOi4ROPm_GgKmuMY?authuser=0&hl=id&rclk=1,"H7M4+4Xr, Muara Dua, Kec. Prabumulih Tim., Kota Prabumulih, Sumatera Selatan",Kota Prabumulih,Sumatra Selatan,4.8,1180,Restoran Mie,08.00 hingga 23.00,Tidak Ada,Tidak Ada,Buka,In Progress,2027-11-25,558,Tersertifikasi,Low,270000000,0,2,2,0,Low
GCN-0077,Mie Gacoan Depok Sawangan,https://www.google.com/maps/place/Mie+Gacoan+Depok+Sawangan/data=!4m7!3m6!1s0x2e69e974ceaf8a8b:0xae19af450e472b51!8m2!3d-6.3940795!4d106.7898831!16s%2Fg%2F11svg29bk9!19sChIJi4qvznTpaS4RUStHDkWvGa4?authuser=0&hl=id&rclk=1,"Jl. Raya Sawangan No.49, Rangkapan Jaya, Kec. Pancoran Mas, Kota Depok, Jawa Barat 16435",Kota Depok,Jawa Barat,4.8,9,Restoran Mie,08.00 hingga 23.00,0815-7482-1730,Tidak Ada,Buka,Approved,2027-05-12,361,Tersertifikasi,Low,440000000,0,0,2,0,Low
GCN-0078,Mie Gacoan Pekanbaru - Rumbai Sembilang,https://www.google.com/maps/place/Mie+Gacoan+Pekanbaru+-+Rumbai+Sembilang/data=!4m7!3m6!1s0x31d5ad0002fb34f3:0xf844de5530684022!8m2!3d0.5661736!4d101.448295!16s%2Fg%2F11yk11c1hz!19sChIJ8zT7AgCt1TERIkBoMFXeRPg?authuser=0&hl=id&rclk=1,"Jl. Sembilang No.116, Limbungan Baru, Kec. Rumbai Pesisir, Kota Pekanbaru, Riau 28266",Kota Pekanbaru,Riau,4.9,8,Restoran Mie,Buka 24 jam,Tidak Ada,Tidak Ada,Buka,Approved,2027-02-09,269,Tersertifikasi,Medium,150000000,1,0,2,0,Medium
GCN-0079,Mie Gacoan Agus Salim,https://www.google.com/maps/place/Mie+Gacoan+Agus+Salim/data=!4m7!3m6!1s0x2e2587b77391594f:0xab438243a49c1c64!8m2!3d-1.6342233!4d103.6123393!16s%2Fg%2F11l5fs04ym!19sChIJT1mRc7eHJS4RZBycpEOCQ6s?authuser=0&hl=id&rclk=1,"Jl. H. Agus Salim No.9, Paal Lima, Kec. Jelutung, Kota Jambi, Jambi 36125",Kota Jambi,Jambi,4.8,8,Restoran Mie,08.00 hingga 22.00,Tidak Ada,Tidak Ada,Buka,Approved,2027-05-16,365,Tersertifikasi,Medium,530000000,1,0,2,0,Medium
GCN-0080,Mie Gacoan Bekasi - Raya Hankam,https://www.google.com/maps/place/Mie+Gacoan+Bekasi+-+Raya+Hankam/data=!4m7!3m6!1s0x2e699300118e9ae7:0x408f7025ce6bc9f3!8m2!3d-6.3162673!4d106.9244673!16s%2Fg%2F11x1g6vq5c!19sChIJ55qOEQCTaS4R88lrziVwj0A?authuser=0&hl=id&rclk=1,"Jl. Raya Hankam No.31A, Rt.004/Rw.005, Jatimelati, Kec. Pd. Melati, Kota Bks, Jawa Barat 17415",Kota Bks,Jawa Barat,4.9,8,Restoran Mie,09.00 hingga 23.00,0896-7825-0038,wa.me,Buka,In Progress,2026-03-26,0,Tersertifikasi,Low,450000000,0,2,2,0,Low
GCN-0081,Mie Gacoan Tangsel - Jombang Raya,https://www.google.com/maps/place/Mie+Gacoan+Tangsel+-+Jombang+Raya/data=!4m7!3m6!1s0x2e69e5003cd85cf7:0xbb3731ef66b8e21!8m2!3d-6.3031938!4d106.718033!16s%2Fg%2F11vq_69tm3!19sChIJ91zYPADlaS4RIY5r9h5zsws?authuser=0&hl=id&rclk=1,"Jl. Belem No.5, Rt.02/Rw.01, Jombang, Kec. Ciputat, Kota Tangerang Selatan, Banten 15414",Kota Tangerang Selatan,Banten,4.8,8,Restoran Mie,Buka 24 jam,Tidak Ada,Tidak Ada,Buka,Approved,2027-07-21,431,Menunggu Audit,Low,540000000,0,0,0,0,Low
GCN-0082,"Mie Gacoan, Pipa Reja","https://www.google.com/maps/place/Mie+Gacoan,+Pipa+Reja/data=!4m7!3m6!1s0x2e3b769ce6971347:0x6bc84795ce9c7b8a!8m2!3d-2.9421278!4d104.7437409!16s%2Fg%2F11n34s_vbq!19sChIJRxOX5px2Oy4RinuczpVHyGs?authuser=0&hl=id&rclk=1","Jl. Pipa Reja No.801, Pipa Jaya, Kec. Kemuning, Kota Palembang, Sumatera Selatan",Kota Palembang,Sumatra Selatan,4.4,1180,Restoran Mie,Buka 24 jam,Tidak Ada,Tidak Ada,Buka,Approved,2027-01-15,244,Tersertifikasi,High (Butuh Eskalasi),370000000,2,0,2,0,High (Butuh Eskalasi)
GCN-0083,Warung Ante Spoken Mie Ala Gacoan,https://www.google.com/maps/place/warung+ante+spoken+mie+ala+gacoan/data=!4m7!3m6!1s0x2fd4c7005dca8e81:0xe55f6a247b9fa42d!8m2!3d-0.8345214!4d100.3618904!16s%2Fg%2F11ym05ylxh!19sChIJgY7KXQDH1C8RLaSfeyRqX-U?authuser=0&hl=id&rclk=1,"5986+6Pj, Balai Gadang, Kec. Koto Tangah, Kota Padang, Sumatera Barat 25586",Kota Padang,Sumatra Barat,4.7,25,Restoran Mie,Buka 24 jam,Tidak Ada,Tidak Ada,Buka,Approved,2028-03-02,656,Tersertifikasi,Low,640000000,0,0,2,0,Low
GCN-0084,Mie Pedas Manis Gacoan,https://www.google.com/maps/place/MIE+Pedas+manis+gacoan/data=!4m7!3m6!1s0x2fd51d006f47b3cb:0xc2f27fbf0a10d50f!8m2!3d-0.5389792!4d100.1223136!16s%2Fg%2F11xl1nm7p5!19sChIJy7NHbwAd1S8RD9UQCr9_8sI?authuser=0&hl=id&rclk=1,"Kampung Tanjung, Kec. V Koto Kp. Dalam, Kabupaten Padang Pariaman, Sumatera Barat 25552",Kabupaten Padang Pariaman,Sumatra Barat,5.0,25,Restoran Mie,Buka 24 jam,0822-8949-0293,Tidak Ada,Tutup Sementara,Approved,2026-09-20,127,Tersertifikasi,Low,750000000,0,0,2,0,Low
GCN-0085,Mie Jebew Ala Gacoan,https://www.google.com/maps/place/MIE+JEBEW+ALA+GACOAN/data=!4m7!3m6!1s0x2fd54bcd0aa18c27:0xbf82b261d3df07cc!8m2!3d-0.2362668!4d100.6168754!16s%2Fg%2F11vwzp6zw7!19sChIJJ4yhCs1L1S8RzAff02Gygr8?authuser=0&hl=id&rclk=1,"Gg. Payung Sekaki, Sungai Panago, Kec. Payakumbuh Bar., Kota Payakumbuh, Sumatera Barat 26225",Kota Payakumbuh,Sumatra Barat,4.8,25,Restoran Mie,10.00 hingga 23.00,0822-8962-7950,Tidak Ada,Buka,Approved,2028-03-08,662,Tersertifikasi,Low,230000000,0,0,2,0,Low
GCN-0086,Mie Gacoan Karang Tanjung,https://www.google.com/maps/place/Mie+Gacoan+Karang+Tanjung/data=!4m7!3m6!1s0x2e422300241b5503:0x667f5d8d963bcee4!8m2!3d-6.2877238!4d106.116493!16s%2Fg%2F11xg53g4y9!19sChIJA1UbJAAjQi4R5M47lo1df2Y?authuser=0&hl=id&rclk=1,"Ps.5 Blok 007, Kadumerak, Kec. Karang Tj., Kabupaten Pandeglang, Banten 42231",Kabupaten Pandeglang,Banten,4.6,8,Restoran Mie,08.00 hingga 00.00,0898-3865-464,Tidak Ada,Buka,Approved,2027-08-01,442,Tersertifikasi,Medium,550000000,1,0,2,0,Medium
GCN-0087,Mie Gacoan Shaga,https://www.google.com/maps/place/Mie+Gacoan+SHAGA/data=!4m7!3m6!1s0x2e39af003f149d93:0x37110bf3c1eff21c!8m2!3d-4.1195705!4d104.1697118!16s%2Fg%2F11vx1yj329!19sChIJk50UPwCvOS4RHPLvwfMLETc?authuser=0&hl=id&rclk=1,"V5J9+6Wc, Jl. Dr. M. Hatta, Baturaja Lama, Kec. Baturaja Timur, Kabupaten Ogan Komering Ulu, Sumatera Selatan",Kabupaten Ogan Komering Ulu,Sumatra Selatan,4.7,1180,Restoran Mie,Buka 24 jam,Tidak Ada,Tidak Ada,Buka,Approved,2027-08-09,450,Tersertifikasi,Medium,540000000,1,0,2,0,Medium
GCN-0088,Mie Gacoan Mayang,https://www.google.com/maps/place/Mie+Gacoan+Mayang/data=!4m7!3m6!1s0x2e258900176431a9:0x8780334c79ab90fe!8m2!3d-1.6223135!4d103.5886095!16s%2Fg%2F11vm7fwtgn!19sChIJqTFkFwCJJS4R_pCreUwzgIc?authuser=0&hl=id&rclk=1,"Jl. Ir. H. Juanda No.66, Simpang Iii Sipin, Kec. Kota Baru, Kota Jambi, Jambi 36129",Kota Baru,Jambi,4.8,8,Restoran Mie,Buka 24 jam,0896-1000-2002,mitrabalisukses.com,Buka,Approved,2026-11-01,169,Tersertifikasi,Low,320000000,0,0,2,0,Low
GCN-0089,Mie Gacoan Pandau,https://www.google.com/maps/place/Mie+Gacoan+Pandau/data=!4m7!3m6!1s0x31d5a569ba310741:0x81b80ebe4d5876f4!8m2!3d0.4222462!4d101.4540517!16s%2Fg%2F11v_216cwb!19sChIJQQcxumml1TER9HZYTb4OuIE?authuser=0&hl=id&rclk=1,"Jl. Raya Pandau Permai, Pandau Jaya, Kec. Siak Hulu, Kota Pekanbaru, Riau 28284",Kota Pekanbaru,Riau,5.0,8,Restoran Mie,15.00 hingga 21.00,0895-3404-88915,instagram.com,Buka,Approved,2028-03-06,660,Tersertifikasi,High (Butuh Eskalasi),500000000,2,0,2,0,High (Butuh Eskalasi)
GCN-0090,Mie Gacoan Jakarta - Sunter,https://www.google.com/maps/place/Mie+Gacoan+Jakarta+-+Sunter/data=!4m7!3m6!1s0x2e69f573faba6117:0xe3a6f4da912503aa!8m2!3d-6.1398437!4d106.8605849!16s%2Fg%2F11l22pxkc7!19sChIJF2G6-nP1aS4RqgMlkdr0puM?authuser=0&hl=id&rclk=1,"Jl. Danau Sunter Utara, Sunter Agung, Kec. Tj. Priok, Jkt Utara, Daerah Khusus Ibukota Jakarta",Kota Jakarta Utara,Dki Jakarta,4.7,2,Restoran Mie,Buka 24 jam,Tidak Ada,Tidak Ada,Buka,Approved,2026-12-09,207,Tersertifikasi,Medium,650000000,1,0,2,0,Medium
GCN-0091,Mie Gacoan By.Yosi,https://www.google.com/maps/place/Mie+Gacoan+By.Yosi/data=!4m7!3m6!1s0x2e284037772b9273:0xd4ce9741f11ff9d0!8m2!3d-0.3198724!4d103.1541861!16s%2Fg%2F11vx3mf1qf!19sChIJc5IrdzdAKC4R0Pkf8UGXztQ?authuser=0&hl=id&rclk=1,"M5J3+3M3, Jl. Baharuddin Yusuf, Sp. Ps. Pagi, Kec. Tembilahan, Kabupaten Indragiri Hilir, Riau 29212",Kabupaten Indragiri Hilir,Riau,4.8,8,Restoran Mie,Buka 24 jam,Tidak Ada,Tidak Ada,Buka,Bermasalah,2027-06-10,390,Tersertifikasi,Low,210000000,0,1,2,0,Low
GCN-0092,Mie Gacoan Bandung - Paskal,https://www.google.com/maps/place/Mie+Gacoan+Bandung+-+Paskal/data=!4m7!3m6!1s0x2e68e7b2940ce101:0xaf20291c843b7b9b!8m2!3d-6.901375!4d107.5972112!16s%2Fg%2F11rmyszfdy!19sChIJAeEMlLLnaC4Rm3s7hBwpIK8?authuser=0&hl=id&rclk=1,"Jl. Pasir Kaliki No.181, Pamoyanan, Kec. Cicendo, Kota Bandung, Jawa Barat 40173",Kota Bandung,Jawa Barat,4.6,8,Restoran Mie,Buka 24 jam,Tidak Ada,Tidak Ada,Buka,Approved,2027-07-05,415,Tersertifikasi,Medium,760000000,1,0,2,0,Medium
GCN-0093,Mie Gacoan Dita,https://www.google.com/maps/place/Mie+Gacoan+Dita/data=!4m7!3m6!1s0x2e39fd00295a95ff:0x8cba6ba62b5e2a7b!8m2!3d-3.777179!4d103.5549119!16s%2Fg%2F11vsvkqqj5!19sChIJ_5VaKQD9OS4ReypeK6Zruow?authuser=0&hl=id&rclk=1,"6Hf3+4X3, Bandar Jaya, Kec. Lahat, Kabupaten Lahat, Sumatera Selatan 31419",Kabupaten Lahat,Sumatra Selatan,4.4,1180,Restoran Mie,Buka 24 jam,Tidak Ada,Tidak Ada,Buka,Approved,2028-08-26,833,Tersertifikasi,Low,580000000,0,0,2,0,Low
GCN-0094,Mie Gacoan Dago,https://www.google.com/maps/place/Mie+Gacoan+Dago/data=!4m7!3m6!1s0x2e68e71c3bc742ed:0xfeb5e24962249315!8m2!3d-6.8887943!4d107.6129594!16s%2Fg%2F11s_yvnhpp!19sChIJ7ULHOxznaC4RFZMkYknitf4?authuser=0&hl=id&rclk=1,"Jl. Dago No.151A, Lb. Siliwangi, Kecamatan Coblong, Kota Bandung, Jawa Barat 40132",Kota Bandung,Jawa Barat,4.7,8,Restoran Mie,Buka 24 jam,Tidak Ada,Tidak Ada,Buka,Approved,2028-02-01,626,Tersertifikasi,High (Butuh Eskalasi),780000000,2,0,2,0,High (Butuh Eskalasi)
GCN-0095,Mie Gacoan,https://www.google.com/maps/place/Mie+Gacoan/data=!4m7!3m6!1s0x31d5150058857d67:0xef601eaeb15fd719!8m2!3d0.3403919!4d101.0258923!16s%2Fg%2F11xg9n13zl!19sChIJZ32FWAAV1TERGddfsa4eYO8?authuser=0&hl=id&rclk=1,"82Rg+684, Jl. Sisingamangaraja, Bangkinang, Kec. Bangkinang, Kabupaten Kampar, Riau 28463",Kabupaten Kampar,Riau,4.8,8,Restoran Mie,Buka 24 jam,Tidak Ada,Tidak Ada,Tutup Sementara,In Progress,2026-12-03,201,Menunggu Audit,High (Butuh Eskalasi),170000000,2,2,0,0,High (Butuh Eskalasi)
GCN-0096,Mie Gacoan Bandung - Cibiru Nasution,https://www.google.com/maps/place/Mie+Gacoan+Bandung+-+Cibiru+Nasution/data=!4m7!3m6!1s0x2e68c3510b473559:0xb588ba3617a970d6!8m2!3d-6.9248058!4d107.7107605!16s%2Fg%2F11tn4dtdgh!19sChIJWTVHC1HDaC4R1nCpFza6iLU?authuser=0&hl=id&rclk=1,"Jl. Cilengkrang Ii, Palasari, Kec. Cibiru, Kota Bandung, Jawa Barat 40615",Kota Bandung,Jawa Barat,4.7,8,Restoran Mie,Buka 24 jam,Tidak Ada,Tidak Ada,Buka,In Progress,2026-11-26,194,Tersertifikasi,Medium,710000000,1,2,2,0,Medium
GCN-0097,Mie Gacoan & Tekwan,https://www.google.com/maps/place/Mie+Gacoan+%26+Tekwan/data=!4m7!3m6!1s0x2e3a32557f99b81f:0x5054c0060a8aca33!8m2!3d-3.4346558!4d104.2394519!16s%2Fg%2F11y7xgpnch!19sChIJH7iZf1UyOi4RM8qKCgbAVFA?authuser=0&hl=id&rclk=1,"Wonosari, Kec. Prabumulih Utara, Kota Prabumulih, Sumatera Selatan",Kota Prabumulih,Sumatra Selatan,4.8,1180,Restoran Mie,Buka 24 jam,Tidak Ada,Tidak Ada,Buka,Approved,2027-06-25,405,Menunggu Audit,Medium,440000000,1,0,0,0,Medium
GCN-0098,Mie Gacoan Dipatiukur,https://www.google.com/maps/place/Mie+Gacoan+Dipatiukur/data=!4m7!3m6!1s0x2e68e64e3baa2263:0xf077716da8639355!8m2!3d-6.8979639!4d107.6136012!16s%2Fg%2F11t5qx_g8k!19sChIJYyKqO07maC4RVZNjqG1xd_A?authuser=0&hl=id&rclk=1,"Jl. Dipati Ukur No.3, Lebakgede, Kecamatan Coblong, Kota Bandung, Jawa Barat 40132",Kota Bandung,Banten,4.7,8,Restoran Mie,08.00 hingga 00.00,Tidak Ada,Tidak Ada,Buka,Approved,2027-05-31,380,Tersertifikasi,Low,750000000,0,0,2,0,Low
GCN-0099,Serundeng Gacoan,https://www.google.com/maps/place/Serundeng+Gacoan/data=!4m7!3m6!1s0x2e69f94892915143:0x828014732fdc456f!8m2!3d-6.1486628!4d106.6576528!16s%2Fg%2F11k4ysd4p6!19sChIJQ1GRkkj5aS4Rb0XcL3MUgII?authuser=0&hl=id&rclk=1,"Jl. Kp. Darussalam No.39, Rt.004/Rw.006, Batusari, Kec. Batuceper, Kota Tangerang, Banten 15121",Kota Tangerang,Banten,4.6,8,Restoran Mie,09.00 hingga 22.00,0821-1019-2127,Tidak Ada,Buka,Approved,2026-04-26,0,Tersertifikasi,Medium,180000000,1,0,2,0,Medium
GCN-0100,Mie Gacoan - Gatsu Bandung,https://www.google.com/maps/place/MIE+GACOAN+-+GATSU+BANDUNG/data=!4m7!3m6!1s0x2e68e776edc36e5d:0x8d417908d722b866!8m2!3d-6.9249287!4d107.6279277!16s%2Fg%2F11rtp1r2vh!19sChIJXW7D7XbnaC4RZrgi1wh5QY0?authuser=0&hl=id&rclk=1,"Jl. Gatot Subroto No.90, Samoja, Kec. Batununggal, Kota Bandung, Jawa Barat 40273",Kota Bandung,Jawa Barat,4.6,8,Restoran Mie,Buka 24 jam,Tidak Ada,spf.shopee.co.id,Buka,Approved,2028-06-04,750,Proses Perpanjangan,Low,410000000,0,0,1,0,Low
GCN-0101,Ayam Bakar Gacoan,https://www.google.com/maps/place/Ayam+bakar+gacoan/data=!4m7!3m6!1s0x2fd4b9b15576e4ef:0x81f02b9549cbde44!8m2!3d-0.9555557!4d100.3616678!16s%2Fg%2F11trw54r2p!19sChIJ7-R2VbG51C8RRN7LSZUr8IE?authuser=0&hl=id&rclk=1,"Jl. Imam Bonjol No.32-35, Belakang Pd., Kec. Padang Sel., Kota Padang, Sumatera Barat 25134",Kota Padang,Sumatra Barat,4.7,25,Restoran Mie,17.00 hingga 00.00,Tidak Ada,Tidak Ada,Buka,Approved,2026-07-07,52,Tersertifikasi,Low,530000000,0,0,2,0,Low
GCN-0102,Mie Gacoan Dan Warung Makan Cak Er,https://www.google.com/maps/place/Mie+Gacoan+dan+Warung+Makan+Cak+ER/data=!4m7!3m6!1s0x2e30f50005f3abf9:0x79905f0599802a78!8m2!3d-3.0216125!4d103.155192!16s%2Fg%2F11yd909w63!19sChIJ-avzBQD1MC4ReCqAmQVfkHk?authuser=0&hl=id&rclk=1,"Dusun Vi, Lubuk Tua, Kec. Muara Kelingi, Kabupaten Musi Rawas, Sumatera Selatan 31663",Kabupaten Musi Rawas,Sumatra Selatan,4.8,1180,Restoran Mie,Buka 24 jam,0853-5706-7437,Tidak Ada,Buka,Approved,2026-11-28,196,Tersertifikasi,Low,590000000,0,0,2,0,Low
GCN-0103,Mie Pedas Gacooorrr,https://www.google.com/maps/place/Mie+pedas+gacooorrr/data=!4m7!3m6!1s0x2fd54bb90f9df62b:0xb29f362ab8ec5544!8m2!3d-0.2372907!4d100.6152147!16s%2Fg%2F11lgxl62x6!19sChIJK_adD7lL1S8RRFXsuCo2n7I?authuser=0&hl=id&rclk=1,"Jl. Bonai Indah No.9, Tj. Gadang, Kec. Payakumbuh Bar., Kota Payakumbuh, Sumatera Barat 26223",Kota Payakumbuh,Sumatra Barat,2.6,25,Restoran Mie,Buka 24 jam,Tidak Ada,Tidak Ada,Buka,Approved,2027-06-30,410,Tersertifikasi,Low,420000000,0,0,2,0,Low
GCN-0104,Mie Gacoan Bandung - Peta,https://www.google.com/maps/place/Mie+Gacoan+Bandung+-+Peta/data=!4m7!3m6!1s0x2e68e91809ddcb11:0x1881c036bc7b548a!8m2!3d-6.9326436!4d107.5900469!16s%2Fg%2F11kqsc01r2!19sChIJEcvdCRjpaC4RilR7vDbAgRg?authuser=0&hl=id&rclk=1,"Jl. Peta No.176, Suka Asih, Kec. Bojongloa Kaler, Kota Bandung, Jawa Barat 40231",Kota Bandung,Jawa Barat,4.7,8,Restoran Mie,Buka 24 jam,Tidak Ada,Tidak Ada,Buka,Approved,2027-09-03,475,Tersertifikasi,Low,570000000,0,0,2,0,Low
GCN-0105,Mie Gacoan Wosmie,https://www.google.com/maps/place/mie+gacoan+wosmie/data=!4m7!3m6!1s0x31d97300348acc6b:0xc5bcc9d9a0e10c09!8m2!3d0.9062787!4d104.4624425!16s%2Fg%2F11vz3hdrb8!19sChIJa8yKNABz2TERCQzhoNnJvMU?authuser=0&hl=id&rclk=1,"Wf47+F2R, Jl. Dua Saudara, Tj. Ayun Sakti, Kec. Bukit Bestari, Kota Tanjung Pinang, Kepulauan Riau 29113",Kota Tanjung Pinang,Riau,4.3,8,Restoran Mie,Buka 24 jam,Tidak Ada,Tidak Ada,Buka,Bermasalah,2028-09-28,866,Tersertifikasi,Low,630000000,0,1,2,0,Low
GCN-0106,Mie Narako Kalawi (Cubadak Air) Depan Bimbel Privat Germas,https://www.google.com/maps/place/Mie+Narako+Kalawi+%28Cubadak+Air%29+Depan+Bimbel+Privat+GERMAS/data=!4m7!3m6!1s0x2fd4b9fc6e1dd9b3:0x420b8b235556302a!8m2!3d-0.918567!4d100.3845249!16s%2Fg%2F11hpftjmz8!19sChIJs9kdbvy51C8RKjBWVSOLC0I?authuser=0&hl=id&rclk=1,"39Jm+Hrc, Lubuk Lintah, Kec. Kuranji, Kota Padang, Sumatera Barat 25172",Kota Padang,Sumatra Barat,3.3,25,Restoran Mie,Buka 24 jam,0895-1365-1222,Tidak Ada,Buka,Bermasalah,2028-10-24,892,Tersertifikasi,Low,270000000,0,1,2,0,Low
GCN-0107,Warung Pink Mie Gacoan Dan Mje Seafod,https://www.google.com/maps/place/Warung+pink+mie+gacoan+dan+mje+seafod/data=!4m7!3m6!1s0x2e3b09002d91e25d:0x702a628b187e5b7f!8m2!3d-2.9243358!4d104.5457209!16s%2Fg%2F11w9n021gm!19sChIJXeKRLQAJOy4Rf1t-GItiKnA?authuser=0&hl=id&rclk=1,"3Ggw+774, Lalang Sembawa, Kec. Sembawa, Kab. Banyuasin, Sumatera Selatan 30953",Kabupaten Banyuasin,Sumatra Selatan,5.0,1180,Restoran Mie,Buka 24 jam,Tidak Ada,Tidak Ada,Buka,Approved,2026-12-08,206,Tersertifikasi,Medium,580000000,1,0,2,0,Medium
GCN-0108,Mie Ala Gacoan,https://www.google.com/maps/place/MIE+ALA+GACOAN/data=!4m7!3m6!1s0x31d53fce91b2e5a1:0x7f8963f3de7eee2c!8m2!3d0.3256873!4d100.965741!16s%2Fg%2F11lf02trsz!19sChIJoeWykc4_1TERLO5-3vNjiX8?authuser=0&hl=id&rclk=1,"Kuok, Kec. Kuok, Kabupaten Kampar, Riau",Kabupaten Kampar,Riau,4.8,8,Restoran Mie,Buka 24 jam,Tidak Ada,Tidak Ada,Buka,Approved,2027-04-01,320,Tersertifikasi,Low,260000000,0,0,2,0,Low
GCN-0110,Mie Tornado,https://www.google.com/maps/place/Mie+Tornado/data=!4m7!3m6!1s0x2e2b333061dc8def:0xf6fc02df9bb235e7!8m2!3d-0.7913338!4d100.6522097!16s%2Fg%2F11n6rnn9lx!19sChIJ743cYTAzKy4R5zWym98C_PY?authuser=0&hl=id&rclk=1,"Jl. Diponegoro, Vi Suku, Kec. Lubuk Sikarah, Kota Solok, Sumatera Barat 27317",Kota Solok,Sumatra Barat,3.7,25,Restoran Mie,09.30 hingga 00.00,0853-5514-7008,Tidak Ada,Buka,In Progress,2027-04-22,341,Tersertifikasi,Low,340000000,0,2,2,0,Low
GCN-0111,"Laphinsy (Seblak Prasmanan, Mie Ala Gacoan, Ramen)","https://www.google.com/maps/place/Laphinsy+%28seblak+prasmanan,+mie+ala+gacoan,+ramen%29/data=!4m7!3m6!1s0x2fd4e5007f138259:0x7b7f7c0c761d730!8m2!3d-0.6719417!4d100.1580818!16s%2Fg%2F11xl_5qt1l!19sChIJWYITfwDl1C8RMNdhx8D3twc?authuser=0&hl=id&rclk=1","85H5+66, Pasir Sunur, Kec. Pariaman Sel., Kota Pariaman, Sumatera Barat",Kota Pariaman,Sumatra Barat,5.0,25,Restoran Mie,13.00 hingga 23.00,Tidak Ada,Tidak Ada,Buka,Approved,2028-08-21,828,Menunggu Audit,Low,510000000,0,0,0,0,Low
GCN-0112,Mie Gila,https://www.google.com/maps/place/Mie+Gila/data=!4m7!3m6!1s0x2fd52564b51c1e85:0x80ad39d4c63e1a80!8m2!3d-0.4642612!4d100.4040433!16s%2Fg%2F11fb0_75gw!19sChIJhR4ctWQl1S8RgBo-xtQ5rYA?authuser=0&hl=id&rclk=1,"Gcp3+7Jv, Jl. Sudirman, Balai-Balai, Kec. Padang Panjang Bar., Kota Padang Panjang, Sumatera Barat 27114",Kota Padang Panjang,Sumatra Barat,4.2,25,Restoran Mie,07.00 hingga 21.00,0853-4685-7151,Tidak Ada,Buka,In Progress,2027-07-02,412,Tersertifikasi,Low,680000000,0,2,2,0,Low
GCN-0113,Mie Gacoan Karimun (Ummah Mie),https://www.google.com/maps/place/Mie+gacoan+karimun+%28Ummah+Mie%29/data=!4m7!3m6!1s0x31d75b007a816fe3:0x25ce643ad9dea8cd!8m2!3d0.9997963!4d103.4439756!16s%2Fg%2F11y30fcy_k!19sChIJ42-BegBb1zERzaje2TpkziU?authuser=0&hl=id&rclk=1,"Tlk. Air, Kec. Karimun, Kabupaten Karimun, Kepulauan Riau",Kabupaten Karimun,Riau,4.8,8,Restoran Mie,17.00 hingga 22.00,Tidak Ada,Tidak Ada,Buka,Approved,2028-03-12,666,Tersertifikasi,Low,300000000,0,0,2,0,Low
GCN-0114,Mie Api Narako,https://www.google.com/maps/place/Mie+Api+Narako/data=!4m7!3m6!1s0x2fd4b90fd5a7fe99:0xb26304af53da6d9!8m2!3d-0.9405094!4d100.3816149!16s%2Fg%2F11g9qhhwm0!19sChIJmf6n1Q-51C8R2aY99UowJgs?authuser=0&hl=id&rclk=1,"Jl. Andalas No.1, Andalas, Kec. Padang Tim., Kota Padang, Sumatera Barat 25126",Kota Padang,Sumatra Barat,4.5,25,Restoran Mie,11.00 hingga 23.00,Tidak Ada,Tidak Ada,Buka,Approved,2028-08-05,812,Tersertifikasi,Low,200000000,0,0,2,0,Low
GCN-0115,Rumah Mie Gacoan Bangken Ummi Rafika Dewi,https://www.google.com/maps/place/rumah+mie+gacoan+bangken+ummi+Rafika+Dewi/data=!4m7!3m6!1s0x2e3949e27f02a2ff:0x6e930393ef9a4aef!8m2!3d-3.8625623!4d104.8922082!16s%2Fg%2F11vl8dp7cn!19sChIJ_6ICf-JJOS4R70qa75MDk24?authuser=0&hl=id&rclk=1,"4Vqr+8Rh, Tugumulyo, Kec. Lempuing, Kabupaten Ogan Komering Ilir, Sumatera Selatan 30657",Kabupaten Ogan Komering Ilir,Sumatra Selatan,5.0,1180,Restoran Mie,Buka 24 jam,Tidak Ada,Tidak Ada,Buka,In Progress,2026-06-19,34,Tersertifikasi,Medium,670000000,1,2,2,0,Medium
GCN-0116,Dimsum X Mie Go Cuan,https://www.google.com/maps/place/Dimsum+x+mie+go+cuan/data=!4m7!3m6!1s0x2fd4b7d21b495985:0xd519138d154aae!8m2!3d-0.9474724!4d100.4612972!16s%2Fg%2F11ftfc78y5!19sChIJhVlJG9K31C8RrkoVjRMZ1QA?authuser=0&hl=id&rclk=1,"Jl. Kedondong No.358, Indarung, Kec. Pauh, Kota Padang, Sumatera Barat 25237",Kota Padang,Sumatra Barat,5.0,25,Restoran Mie,10.00 hingga 17.00,0853-6314-1018,Tidak Ada,Buka,Approved,2028-06-25,771,Tersertifikasi,Low,510000000,0,0,2,0,Low
GCN-0117,Mie Setan Bukittinggi Cab. Padang,https://www.google.com/maps/place/Mie+Setan+Bukittinggi+Cab.+Padang/data=!4m7!3m6!1s0x2fd539737119a069:0xfd831f0360453ef5!8m2!3d-0.3034552!4d100.3869092!16s%2Fg%2F11fcnnxbxt!19sChIJaaAZcXM51S8R9T5FYAMfg_0?authuser=0&hl=id&rclk=1,"Jl. Saaduddin Jambek, Pulai Anak Air, Kec. Mandiangin Koto Selayan, Kota Bukittinggi, Sumatera Barat 26138",Kota Bukittinggi,Sumatra Barat,5.0,25,Restoran Mie,11.00 hingga 23.00,0813-6477-3896,Tidak Ada,Buka,Approved,2026-03-10,0,Tersertifikasi,High (Butuh Eskalasi),380000000,2,0,2,0,High (Butuh Eskalasi)
GCN-0118,Gacoan Store,https://www.google.com/maps/place/Gacoan+Store/data=!4m7!3m6!1s0x31d5a9c3fa249653:0x904b176f37f3b30e!8m2!3d0.4751928!4d101.3971339!16s%2Fg%2F11px38_47l!19sChIJU5Yk-sOp1TERDrPzN28XS5A?authuser=0&hl=id&rclk=1,"Jl. Rajawali Sakti No.18, Simpang Baru, Kec. Tampan, Kota Pekanbaru, Riau 28292",Kota Pekanbaru,Riau,5.0,8,Restoran Mie,10.00 hingga 21.00,0896-0744-0456,Tidak Ada,Buka,Approved,2027-11-15,548,Tersertifikasi,Medium,590000000,1,0,2,0,Medium
GCN-0119,Mie Gacoan Padangsidimpuan,https://www.google.com/maps/place/Mie+Gacoan+Padangsidimpuan/data=!4m7!3m6!1s0x302c1d006af14a3b:0x7c03a60335426f24!8m2!3d1.3829159!4d99.2671669!16s%2Fg%2F11y_y1486_!19sChIJO0rxagAdLDARJG9CNQOmA3w?authuser=0&hl=id&rclk=1,"Ex Merdeka, Jl. Sudirman No.152, Wek I, Kec. Padangsidimpuan Utara, Kota Padang Sidempuan, Sumatera Utara 22711",Kota Padang Sidempuan,Sumatra Utara,5.0,92,Restoran Mie,Buka 24 jam,Tidak Ada,Tidak Ada,Buka,Approved,2027-06-24,404,Tersertifikasi,Low,370000000,0,0,2,0,Low
GCN-0120,Area Parkir Mie Gacoan Panam By Elon,https://www.google.com/maps/place/Area+parkir+Mie+gacoan+Panam+by+elon/data=!4m7!3m6!1s0x31d5a9469a5979e3:0x9b72d4625a1880b7!8m2!3d0.4639474!4d101.3896861!16s%2Fg%2F11l59xp7cf!19sChIJ43lZmkap1TERt4AYWmLUcps?authuser=0&hl=id&rclk=1,"F97Q+Jrv, Jl. Hr. Soebrantas, Tuah Karya, Kec. Tampan, Kota Pekanbaru, Riau 28293",Kota Pekanbaru,Riau,4.1,8,Restoran Mie,Buka 24 jam,Tidak Ada,Tidak Ada,Buka,In Progress,2026-09-23,130,Tersertifikasi,Low,170000000,0,2,2,0,Low
GCN-0121,Mie Gacoan Duri,https://www.google.com/maps/place/MIE+GACOAN+DURI/data=!4m7!3m6!1s0x31d37b00674e4f5b:0xd06dae45474fcf6b!8m2!3d1.2925558!4d101.1825666!16s%2Fg%2F11yx78vddg!19sChIJW09OZwB70zERa89PR0WubdA?authuser=0&hl=id&rclk=1,"Gg. Cemara Ii No.129, Balai Makam, Kec. Mandau, Kabupaten Bengkalis, Riau 28983",Kabupaten Bengkalis,Riau,4.8,8,Restoran Mie,Buka 24 jam,Tidak Ada,Tidak Ada,Buka,Approved,2027-01-06,235,Tersertifikasi,Medium,380000000,1,0,2,0,Medium
GCN-0122,Mie Gacoan Dumai,https://www.google.com/maps/place/Mie+Gacoan+Dumai/data=!4m7!3m6!1s0x31d3a9006f320c4f:0x910680f0e1eac6e3!8m2!3d1.6697706!4d101.4246339!16s%2Fg%2F11wn_gr0l_!19sChIJTwwybwCp0zER48bq4fCABpE?authuser=0&hl=id&rclk=1,"Jl. Sultan Hasanuddin No.99, Ratu Sima, Kec. Dumai Selatan, Kota Dumai, Riau 28826",Kota Dumai,Riau,4.8,8,Restoran Mie,08.00 hingga 21.00,Tidak Ada,mitrabalisukses.com,Buka,Approved,2026-06-01,16,Proses Perpanjangan,Low,540000000,0,0,1,0,Low
GCN-0123,Mie Gacoan Batam Botania,https://www.google.com/maps/place/Mie+Gacoan+Batam+Botania/data=!4m7!3m6!1s0x31d9895e28e49177:0x3fb4d8ed775d31f!8m2!3d1.1085359!4d104.0909085!16s%2Fg%2F11ytq8lfnj!19sChIJd5HkKF6J2TERH9N1145N-wM?authuser=0&hl=id&rclk=1,"Jl. Raja Alikelana, Belian, Kec. Batam Kota, Kota Batam, Kepulauan Riau",Kota Batam,Riau,4.9,8,Restoran Mie,Buka 24 jam,0899-0120-004,Tidak Ada,Buka,Approved,2027-06-17,397,Tersertifikasi,Low,160000000,0,0,2,0,Low
GCN-0124,Mie Gacoan Batam Nagoya,https://www.google.com/maps/place/MIE+GACOAN+BATAM+NAGOYA/data=!4m7!3m6!1s0x31d9893ec98cd5fd:0xb9433ba86abc9045!8m2!3d1.1425146!4d104.0214125!16s%2Fg%2F11n9bmxq6v!19sChIJ_dWMyT6J2TERRZC8aqg7Q7k?authuser=0&hl=id&rclk=1,"Jl. Sriwijaya, Kp. Pelita, Kec. Lubuk Baja, Kota Batam, Kepulauan Riau 29444",Kota Batam,Riau,4.75,8,Restoran Mie,Buka 24 jam,0895-1234-5105,Tidak Ada,Buka,In Progress,2028-06-30,776,Proses Perpanjangan,Low,640000000,0,2,1,0,Low
GCN-0125,Mie Gacoan,https://www.google.com/maps/place/mie+gacoan/data=!4m7!3m6!1s0x31d96d0052d49997:0xc6ac6843f9094174!8m2!3d0.9180637!4d104.5220013!16s%2Fg%2F11mrbzt4qw!19sChIJl5nUUgBt2TERdEEJ-UNorMY?authuser=0&hl=id&rclk=1,"Wg9C+7P5, Pinang Kencana, Kec. Tanjungpinang Tim., Kota Tanjung Pinang, Kepulauan Riau",Kota Tanjung Pinang,Riau,4.5,8,Restoran Mie,Buka 24 jam,Tidak Ada,Tidak Ada,Buka,Approved,2026-10-19,156,Tersertifikasi,Low,300000000,0,0,2,0,Low
GCN-0126,Mie Gacoan Batam (Golden City),https://www.google.com/maps/place/Mie+Gacoan+Batam+%28Golden+City%29/data=!4m7!3m6!1s0x31d9890015fd99a1:0xc6faaf08c847cc95!8m2!3d1.158756!4d104.0375823!16s%2Fg%2F11y9sg15gz!19sChIJoZn9FQCJ2TERlcxHyAiv-sY?authuser=0&hl=id&rclk=1,"525Q+H8P, Jl. Bengkong Laut, Bengkong Laut, Kec. Bengkong, Kota Batam, Kepulauan Riau",Kota Batam,Riau,4.7,8,Restoran Mie,Buka 24 jam,Tidak Ada,Tidak Ada,Buka,Approved,2028-01-26,620,Tersertifikasi,High (Butuh Eskalasi),520000000,2,0,2,0,High (Butuh Eskalasi)
GCN-0127,Mie Gacoan Tiban,https://www.google.com/maps/place/Mie+Gacoan+Tiban/data=!4m7!3m6!1s0x31d98b000b90e4ff:0xf32362a107ff693a!8m2!3d1.1090537!4d103.96747!16s%2Fg%2F11x5hm6545!19sChIJ_-SQCwCL2TEROmn_B6FiI_M?authuser=0&hl=id&rclk=1,"Jl. Gajah Mada, Patam Lestari, Kec. Sekupang, Kota Batam, Kepulauan Riau",Kota Batam,Riau,4.7,8,Restoran Mie,Buka 24 jam,Tidak Ada,Tidak Ada,Buka,Bermasalah,2028-07-16,792,Tersertifikasi,Low,800000000,0,1,2,0,Low
GCN-0128,Mie Gacoan Sagulung - Batam,https://www.google.com/maps/place/Mie+Gacoan+Sagulung+-+Batam/data=!4m7!3m6!1s0x31d98d003dc92f0d:0xd3825bb9f372534d!8m2!3d1.0400489!4d103.9852517!16s%2Fg%2F11xyyhbydv!19sChIJDS_JPQCN2TERTVNy87lbgtM?authuser=0&hl=id&rclk=1,"Jl. Letjend Suprapto No.21A, Tembesi, Kec. Sagulung, Kota Batam, Kepulauan Riau 29424",Kota Batam,Riau,4.8,8,Restoran Mie,Buka 24 jam,0899-0220-003,Tidak Ada,Buka,Approved,2026-07-22,67,Tersertifikasi,Medium,760000000,1,0,2,0,Medium
GCN-0129,Mie Gacoan Juragan,https://www.google.com/maps/place/Mie+Gacoan+Juragan/data=!4m7!3m6!1s0x31d98951cf4d2fc3:0x7edb5957afc06e21!8m2!3d1.106173!4d104.083278!16s%2Fg%2F11vx4wq62l!19sChIJwy9Nz1GJ2TERIW7Ar1dZ234?authuser=0&hl=id&rclk=1,"Depan Gerbang Kda, Seberang Uniba, Belian, Kec. Batam Kota, Kota Batam, Kepulauan Riau 29433",Kota Batam,Riau,5.0,8,Restoran Mie,16.00 hingga 22.00,0822-8784-8422,Tidak Ada,Buka,Approved,2028-08-31,838,Tersertifikasi,Low,420000000,0,0,2,0,Low
GCN-0130,Mie Gacoan Jakarta - Tebet,https://www.google.com/maps/place/Mie+Gacoan+Jakarta+-+Tebet/data=!4m7!3m6!1s0x2e69f3bac5043353:0xe51a4d1a0a728f8c!8m2!3d-6.228964!4d106.8537701!16s%2Fg%2F11t46gwg3h!19sChIJUzMExbrzaS4RjI9yChpNGuU?authuser=0&hl=id&rclk=1,"Jl. Tebet Raya No.35, Rt.2/Rw.2, Tebet Tim., Kec. Tebet, Kota Jakarta Selatan, Daerah Khusus Ibukota Jakarta 12820",Kota Jakarta Selatan,Dki Jakarta,4.6,2,Restoran Mie,Buka 24 jam,Tidak Ada,Tidak Ada,Buka,Approved,2027-01-17,246,Tersertifikasi,Low,180000000,0,0,2,0,Low
GCN-0131,Mie Gacoan Djoedes,https://www.google.com/maps/place/Mie+gacoan+djoedes/data=!4m7!3m6!1s0x31d75b00103a97df:0x98f2d4d2d5a33fef!8m2!3d1.0121456!4d103.4290296!16s%2Fg%2F11y6tcnc12!19sChIJ35c6EABb1zER7z-j1dLU8pg?authuser=0&hl=id&rclk=1,"2C6H+Vj2, Gg. Syarif Umar, Kapling, Kec. Tebing, Kabupaten Karimun, Kepulauan Riau 29663",Kabupaten Karimun,Riau,4.8,8,Restoran Mie,14.00 hingga 20.00,0813-5347-9346,Tidak Ada,Buka,Approved,2026-06-17,32,Proses Perpanjangan,Low,670000000,0,0,1,0,Low
GCN-0132,Mie Gaco'Anq,https://www.google.com/maps/place/Mie+Gaco%27anQ/data=!4m7!3m6!1s0x31d989ce263b00a5:0x65b57311a19fdbb8!8m2!3d1.110951!4d104.0779009!16s%2Fg%2F11l32_s74m!19sChIJpQA7Js6J2TERuNufoRFztWU?authuser=0&hl=id&rclk=1,"436H+95J, Jl. Valley Park, Belian, Kec. Batam Kota, Kota Batam, Kepulauan Riau",Kota Batam,Riau,4.4,8,Restoran Mie,Buka 24 jam,Tidak Ada,Tidak Ada,Buka,In Progress,2026-02-27,0,Tersertifikasi,High (Butuh Eskalasi),190000000,2,2,2,0,High (Butuh Eskalasi)
GCN-0133,Mie Gacoan Dahlan Palembang,https://www.google.com/maps/place/Mie+Gacoan+Dahlan+Palembang/data=!4m7!3m6!1s0x2e3b7502de047399:0x84a464002738b24a!8m2!3d-2.987283!4d104.745088!16s%2Fg%2F11s88s5cs4!19sChIJmXME3gJ1Oy4RSrI4JwBkpIQ?authuser=0&hl=id&rclk=1,"Jl. Kh. Ahmad Dahlan No.78, Talang Semut, Kec. Ilir Bar. I, Kota Palembang, Sumatera Selatan 30126",Kota Palembang,Sumatra Selatan,4.8,1180,Restoran Mie,Buka 24 jam,0882-8770-4068,Tidak Ada,Buka,Approved,2026-12-04,202,Tersertifikasi,Medium,680000000,1,0,2,0,Medium
GCN-0134,Mie Gacoan Lemabang Palembang,https://www.google.com/maps/place/Mie+Gacoan+Lemabang+Palembang/data=!4m7!3m6!1s0x2e3b775f1b40d0a9:0x25a58716cfb1496f!8m2!3d-2.9675145!4d104.7875619!16s%2Fg%2F11yyz3jzj8!19sChIJqdBAG193Oy4Rb0mxzxaHpSU?authuser=0&hl=id&rclk=1,"Jl. R. E. Martadinata, Sei Buah, Kec. Ilir Tim. Ii, Kota Palembang, Sumatera Selatan 30111",Kota Palembang,Sumatra Selatan,4.8,1180,Restoran Mie,08.00 hingga 05.00,0898-8889-007,Tidak Ada,Buka,Approved,2027-05-30,379,Proses Perpanjangan,Medium,580000000,1,0,1,0,Medium
GCN-0135,Mie Gacoan Ryacudu Palembang,https://www.google.com/maps/place/Mie+Gacoan+Ryacudu+Palembang/data=!4m7!3m6!1s0x2e3b9d5a83a5ec31:0xfaff1f3dfd252699!8m2!3d-2.998191!4d104.7676199!16s%2Fg%2F11txq155zn!19sChIJMeylg1qdOy4RmSYl_T0f__o?authuser=0&hl=id&rclk=1,"Jl. Mayjen Hm Ryacudu No.7, 7 Ulu, Kecamatan Seberang Ulu I, Kota Palembang, Sumatera Selatan 30111",Kota Palembang,Sumatra Selatan,4.8,1180,Restoran Mie,10.00 hingga 22.00,Tidak Ada,Tidak Ada,Buka,In Progress,2028-07-09,785,Tersertifikasi,Medium,510000000,1,2,2,0,Medium
GCN-0136,Mie Gacoan Celentang Palembang,https://www.google.com/maps/place/Mie+Gacoan+Celentang+Palembang/data=!4m7!3m6!1s0x2e3b7771f71ca03f:0xfe95f2e1725e2536!8m2!3d-2.9406864!4d104.7835331!16s%2Fg%2F11vkdys4c0!19sChIJP6Ac93F3Oy4RNiVecuHylf4?authuser=0&hl=id&rclk=1,"Jl. Brigjen Hasan Kasim, Bukit Sangkal, Kec. Kalidoni, Kota Palembang, Sumatera Selatan 30961",Kota Palembang,Sumatra Selatan,4.8,1180,Restoran Mie,Buka 24 jam,Tidak Ada,mitrabalisukses.com,Buka,Approved,2026-10-05,142,Proses Perpanjangan,Low,620000000,0,0,1,0,Low
GCN-0137,Mie Gacoan Opi Raya,https://www.google.com/maps/place/Mie+Gacoan+OPI+Raya/data=!4m7!3m6!1s0x2e3b9d3717a49101:0x3bdc651a6c53c7ec!8m2!3d-3.0386466!4d104.7899788!16s%2Fg%2F11vj1wykbj!19sChIJAZGkFzedOy4R7MdTbBpl3Ds?authuser=0&hl=id&rclk=1,"Jl. Opi Raya, Sungai Kedukan, Kec. Rambutan, Kab. Banyuasin, Sumatera Selatan 30967",Kabupaten Banyuasin,Sumatra Selatan,4.8,1180,Restoran Mie,Buka 24 jam,Tidak Ada,mitrabalisukses.com,Buka,In Progress,2028-09-06,844,Tersertifikasi,High (Butuh Eskalasi),350000000,2,2,2,0,High (Butuh Eskalasi)
GCN-0138,Mie Gacoan Alang Alang Lebar,https://www.google.com/maps/place/MIE+GACOAN+ALANG+ALANG+LEBAR/data=!4m7!3m6!1s0x2e3b75ffeb44b9d5:0x16a10b0ba69e01d2!8m2!3d-2.9334224!4d104.6932657!16s%2Fg%2F11z1sq64xt!19sChIJ1blE6_91Oy4R0gGepgsLoRY?authuser=0&hl=id&rclk=1,"Jl. Bypass Alang-Alang Lebar, Talang Klp., Kec. Alang-Alang Lebar, Kota Palembang, Sumatera Selatan 30961",Kota Palembang,Sumatra Selatan,5.0,1180,Restoran Mie,Buka 24 jam,0898-883-008,Tidak Ada,Tutup Sementara,Approved,2028-11-05,904,Tersertifikasi,Low,190000000,0,0,2,0,Low
GCN-0139,Mie Gacoan Baturaja - Ahmad Yani,https://www.google.com/maps/place/Mie+Gacoan+Baturaja+-+Ahmad+Yani/data=!4m7!3m6!1s0x2e39af0044ec2467:0x63cc85db49b70343!8m2!3d-4.1329323!4d104.1784387!16s%2Fg%2F11yvwq57zh!19sChIJZyTsRACvOS4RQwO3SduFzGM?authuser=0&hl=id&rclk=1,"Jl. Jenderal Ahmad Yani No.105A, Tj. Baru, Kec. Baturaja Timur, Kabupaten Ogan Komering Ulu, Sumatera Selatan 32121",Kabupaten Ogan Komering Ulu,Sumatra Selatan,4.9,1180,Restoran Mie,Buka 24 jam,0899-2850-001,Tidak Ada,Buka,Approved,2028-06-22,768,Proses Perpanjangan,Low,280000000,0,0,1,0,Low
GCN-0140,Mie Gacoan Nb,https://www.google.com/maps/place/Mie+Gacoan+NB/data=!4m7!3m6!1s0x2e3be900509a7e7f:0xdd4d0de5bc53737a!8m2!3d-3.4426792!4d104.668746!16s%2Fg%2F11w9kkpgv5!19sChIJf36aUADpOy4RenNTvOUNTd0?authuser=0&hl=id&rclk=1,"Hm49+Wfh, Jl. Merpati, Talang Tengah Darat, Kec. Lubuk Keliat, Kabupaten Ogan Ilir, Sumatera Selatan",Kabupaten Ogan Ilir,Sumatra Selatan,4.3,1180,Restoran Mie,07.00 hingga 21.00,0821-9957-9294,Tidak Ada,Buka,Approved,2028-04-01,686,Tersertifikasi,Medium,420000000,1,0,2,0,Medium
GCN-0141,Mie Gacoan Jakarta - Fatmawati,https://www.google.com/maps/place/Mie+Gacoan+Jakarta+-+Fatmawati/data=!4m7!3m6!1s0x2e69f10078050f67:0x4e25dc66f59df243!8m2!3d-6.2854193!4d106.7954071!16s%2Fg%2F11vrrdbgt9!19sChIJZw8FeADxaS4RQ_Kd9WbcJU4?authuser=0&hl=id&rclk=1,"Jl. Rs. Fatmawati Raya No.55-C, Cilandak Bar., Kec. Cilandak, Kota Jakarta Selatan, Daerah Khusus Ibukota Jakarta 12430",Kota Jakarta Selatan,Dki Jakarta,4.7,2,Restoran Mie,Buka 24 jam,Tidak Ada,Tidak Ada,Buka,In Progress,2028-01-13,607,Tersertifikasi,Low,250000000,0,2,2,0,Low
GCN-0142,Mie Gacoan Jakarta - Ampera,https://www.google.com/maps/place/Mie+Gacoan+Jakarta+-+Ampera/data=!4m7!3m6!1s0x2e69f3001dcfb6fb:0x111b3fe464c9fff0!8m2!3d-6.2890541!4d106.8180289!16s%2Fg%2F11y3r96s7c!19sChIJ-7bPHQDzaS4R8P_JZOQ_GxE?authuser=0&hl=id&rclk=1,"Jl. Ampera Raya No.5, Rt.4/Rw.2, Cilandak Tim., Ps. Minggu, Kota Jakarta Selatan, Daerah Khusus Ibukota Jakarta 12560",Kota Jakarta Selatan,Dki Jakarta,4.8,2,Restoran Mie,08.00 hingga 23.00,Tidak Ada,Tidak Ada,Buka,Approved,2026-12-26,224,Tersertifikasi,Medium,580000000,1,0,2,0,Medium
GCN-0143,Mie Gacoan Tangsel - Setiabudi,https://www.google.com/maps/place/Mie+Gacoan+Tangsel+-+Setiabudi/data=!4m7!3m6!1s0x2e69ef0009e0f0e1:0xcb20d245a8cec9f4!8m2!3d-6.3471544!4d106.7484165!16s%2Fg%2F11y8kjhl8j!19sChIJ4fDgCQDvaS4R9MnOqEXSIMs?authuser=0&hl=id&rclk=1,"Jl. Dr. Setiabudi, Rt.001/Rw.001, Pamulang Tim., Kec. Pamulang, Kota Tangerang Selatan, Banten 15417",Kota Tangerang Selatan,Banten,4.8,8,Restoran Mie,08.00 hingga 23.00,Tidak Ada,Tidak Ada,Buka,Approved,2027-12-30,593,Menunggu Audit,Low,650000000,0,0,0,0,Low
GCN-0144,Mie Gacoan Jakarta - Kemang,https://www.google.com/maps/place/Mie+Gacoan+Jakarta+-+Kemang/data=!4m7!3m6!1s0x2e69f1005945c41b:0x8114769c664c0c2e!8m2!3d-6.2625674!4d106.8156065!16s%2Fg%2F11vm0h1k_v!19sChIJG8RFWQDxaS4RLgxMZpx2FIE?authuser=0&hl=id&rclk=1,"Jl. Kemang Raya No.50, Rt.12/Rw.2, Bangka, Kec. Mampang Prpt., Kota Jakarta Selatan, Daerah Khusus Ibukota Jakarta 12730",Kota Jakarta Selatan,Bangka Belitung,4.6,2,Restoran Mie,Buka 24 jam,Tidak Ada,Tidak Ada,Buka,Bermasalah,2026-12-26,224,Tersertifikasi,Low,580000000,0,1,2,0,Low
GCN-0145,Mie Gacoan Puspitek,https://www.google.com/maps/place/Mie+Gacoan+Puspitek/data=!4m7!3m6!1s0x2e69e5b7ab2224a7:0xff44e82882ca4ab8!8m2!3d-6.3466864!4d106.7066662!16s%2Fg%2F11sc44lwvv!19sChIJpyQiq7flaS4RuErKgijoRP8?authuser=0&hl=id&rclk=1,"Jl. Puspitek No.67, Buaran, Kec. Serpong, Kota Tangerang Selatan, Banten 15310",Kota Tangerang Selatan,Banten,4.8,8,Restoran Mie,Buka 24 jam,Tidak Ada,Tidak Ada,Buka,Approved,2027-03-14,302,Tersertifikasi,Medium,730000000,1,0,2,0,Medium
GCN-0146,Mie Gacoan Jakarta - Cilandak Ragunan,https://www.google.com/maps/place/Mie+Gacoan+Jakarta+-+Cilandak+Ragunan/data=!4m7!3m6!1s0x2e69ef002b16d671:0x7f134059cf01c120!8m2!3d-6.3053845!4d106.8141038!16s%2Fg%2F11vyzxp245!19sChIJcdYWKwDvaS4RIMEBz1lAE38?authuser=0&hl=id&rclk=1,"Jl. Raya Cilandak Kko No.112, Rt.14/Rw.8, Ragunan, Ps. Minggu, Kota Jakarta Selatan, Daerah Khusus Ibukota Jakarta 12560",Kota Jakarta Selatan,Dki Jakarta,4.8,2,Restoran Mie,Buka 24 jam,Tidak Ada,Tidak Ada,Buka,Bermasalah,2028-05-15,730,Tersertifikasi,Medium,390000000,1,1,2,0,Medium
GCN-0147,Mie Gacoan Serang Parigi,https://www.google.com/maps/place/Mie+Gacoan+Serang+Parigi/data=!4m7!3m6!1s0x2e4203003bfefac1:0xe6d161ab68e20e2e!8m2!3d-6.2072602!4d106.3607963!16s%2Fg%2F11ysm5xs2n!19sChIJwfr-OwADQi4RLg7iaKth0eY?authuser=0&hl=id&rclk=1,"Jakarta, Jl. Raya Serang, Rt.01/Rw.01, Parigi, Kec. Cikande, Kabupaten Serang, Banten 42186",Kabupaten Serang,Banten,4.8,8,Restoran Mie,Buka 24 jam,0895-2810-7545,Tidak Ada,Buka,Approved,2027-09-12,484,Tersertifikasi,High (Butuh Eskalasi),210000000,2,0,2,0,High (Butuh Eskalasi)
GCN-0148,Mie Gacoan Tangerang - Balaraja,https://www.google.com/maps/place/Mie+Gacoan+Tangerang+-+Balaraja/data=!4m7!3m6!1s0x2e420100786207cf:0xd3901315eff10938!8m2!3d-6.1958704!4d106.4584811!16s%2Fg%2F11xlbv9_1n!19sChIJzwdieAABQi4ROAnx7xUTkNM?authuser=0&hl=id&rclk=1,"Jl. Raya Serang No.Km. 24, Balaraja, Kec. Balaraja, Kabupaten Tangerang, Banten 15610",Kabupaten Tangerang,Banten,4.8,8,Restoran Mie,08.00 hingga 23.00,Tidak Ada,Tidak Ada,Buka,Approved,2027-04-06,325,Tersertifikasi,Low,480000000,0,0,2,0,Low
GCN-0149,Mie Gacoan Ciruas Serang,https://www.google.com/maps/place/Mie+Gacoan+Ciruas+Serang/data=!4m7!3m6!1s0x2e41f5002f2c3dd9:0x2ec6a1e8fc80511c!8m2!3d-6.1255106!4d106.2304141!16s%2Fg%2F11xsvb_nvy!19sChIJ2T0sLwD1QS4RHFGA_Oihxi4?authuser=0&hl=id&rclk=1,"Jl. Raya Serang - Jkt, Pelawad, Kec. Ciruas, Kabupaten Serang, Banten 42182",Kabupaten Serang,Banten,4.8,8,Restoran Mie,Buka 24 jam,Tidak Ada,Tidak Ada,Buka,Approved,2026-05-05,0,Tersertifikasi,Low,350000000,0,0,2,0,Low
GCN-0150,Mie Gacoan Tangerang - Cibadak,https://www.google.com/maps/place/Mie+Gacoan+Tangerang+-+Cibadak/data=!4m7!3m6!1s0x2e42010004707a2f:0x92d2a665431f4630!8m2!3d-6.2004448!4d106.4794945!16s%2Fg%2F11ydmwjn_s!19sChIJL3pwBAABQi4RMEYfQ2Wm0pI?authuser=0&hl=id&rclk=1,"Jl. Raya Serang, Rt.01/Rw.03, Cibadak, Kec. Cikupa, Kabupaten Tangerang, Banten",Kabupaten Tangerang,Banten,4.8,8,Restoran Mie,08.00 hingga 23.00,Tidak Ada,Tidak Ada,Buka,Approved,2026-12-14,212,Menunggu Audit,Low,430000000,0,0,0,0,Low
GCN-0151,Mie Gacoan Opi Raya Palembang,https://www.google.com/maps/place/Mie+gacoan+opi+raya+palembang/data=!4m7!3m6!1s0x2e3b9d0009e274bd:0xeccb6ffd11b3e06b!8m2!3d-3.0482072!4d104.7916857!16s%2Fg%2F11xl82x989!19sChIJvXTiCQCdOy4Ra-CzEf1vy-w?authuser=0&hl=id&rclk=1,"Xq2R+Pm7, Jl. Pipa Raya, Sungai Kedukan, Kec. Rambutan, Kab. Banyuasin, Sumatera Selatan 30967",Kabupaten Banyuasin,Sumatra Selatan,4.0,1180,Restoran Mie,Buka 24 jam,Tidak Ada,Tidak Ada,Buka,Approved,2028-11-17,916,Tersertifikasi,Low,620000000,0,0,2,0,Low
GCN-0152,Mie Gacoan Lebak - Rangkasbitung,https://www.google.com/maps/place/Mie+Gacoan+Lebak+-+Rangkasbitung/data=!4m7!3m6!1s0x2e421700386d1b71:0xf00a4a7c8b521278!8m2!3d-6.3481271!4d106.2444884!16s%2Fg%2F11ycxqhgt4!19sChIJcRttOAAXQi4ReBJSi3xKCvA?authuser=0&hl=id&rclk=1,"M62V+Pqx, Jl. Jenderal Ahmad Yani, Lebak Picung, Kec. Rangkasbitung, Kabupaten Lebak, Banten 42314",Kabupaten Lebak,Banten,4.7,8,Restoran Mie,08.00 hingga 23.00,Tidak Ada,Tidak Ada,Buka,Approved,2027-06-14,394,Tersertifikasi,Low,610000000,0,0,2,0,Low
GCN-0153,Mie Gacoan Sayabulu Serang,https://www.google.com/maps/place/Mie+Gacoan+Sayabulu+Serang/data=!4m7!3m6!1s0x2e418b0016893199:0x3f09d665ee6c2d8e!8m2!3d-6.1259871!4d106.1540149!16s%2Fg%2F11yh3ngtch!19sChIJmTGJFgCLQS4Rji1s7mXWCT8?authuser=0&hl=id&rclk=1,"V5F3+Jj4, Jl. Ruby Residence, Serang, Kec. Serang, Kota Serang, Banten 42116",Kota Serang,Banten,4.7,8,Restoran Mie,Buka 24 jam,Tidak Ada,Tidak Ada,Buka,Approved,2026-04-27,0,Tersertifikasi,Medium,520000000,1,0,2,0,Medium
GCN-0154,Mie Gacoan Serang,https://www.google.com/maps/place/Mie+Gacoan+Serang/data=!4m7!3m6!1s0x2e41f5003e3297c9:0x91bb30091fe0c9f0!8m2!3d-6.1205171!4d106.1857871!16s%2Fg%2F11xmd3l9rp!19sChIJyZcyPgD1QS4R8MngHwkwu5E?authuser=0&hl=id&rclk=1,"Jl. Jend. Sudirman, Panancangan, Kec. Cipocok Jaya, Kota Serang, Banten 42124",Kota Serang,Banten,4.7,8,Restoran Mie,Buka 24 jam,Tidak Ada,Tidak Ada,Buka,Approved,2026-03-02,0,Tersertifikasi,Low,150000000,0,0,2,0,Low
GCN-0155,Mie Gacoan Rangkasbitung,https://www.google.com/maps/place/Mie+gacoan+rangkasbitung/data=!4m7!3m6!1s0x2e42170078af988d:0x11583ff1a63194e1!8m2!3d-6.3602927!4d106.2517054!16s%2Fg%2F11yx26k8fr!19sChIJjZiveAAXQi4R4ZQxpvE_WBE?authuser=0&hl=id&rclk=1,"J7Q2+Rmw, Jl. Perjuangan, Muara Ciujung Tim., Kec. Rangkasbitung, Kabupaten Lebak, Banten 42314",Kabupaten Lebak,Banten,4.7,8,Restoran Mie,Buka 24 jam,Tidak Ada,Tidak Ada,Buka,Approved,2027-02-08,268,Tersertifikasi,Medium,210000000,1,0,2,0,Medium
GCN-0156,Seblak Prasmanan Dan Mie Gacoan Nessadwrdn,https://www.google.com/maps/place/seblak+prasmanan+dan+mie+gacoan+nessadwrdn/data=!4m7!3m6!1s0x2e3b430029dbfe47:0x180f13e494ad1fc8!8m2!3d-2.6813329!4d104.8401453!16s%2Fg%2F11yx0fxy22!19sChIJR_7bKQBDOy4RyB-tlOQTDxg?authuser=0&hl=id&rclk=1,"8R9R+F36, Telang Rejo, Kec. Muara Telang, Kab. Banyuasin, Sumatera Selatan",Kabupaten Banyuasin,Sumatra Selatan,5.0,1180,Restoran Mie,10.30 hingga 21.30,Tidak Ada,Tidak Ada,Buka,Approved,2028-01-04,598,Tersertifikasi,Low,370000000,0,0,2,0,Low
GCN-0157,Mie Gacoan,https://www.google.com/maps/place/Mie+gacoan/data=!4m7!3m6!1s0x2e41f50010e48a1f:0x6c9fd46de9cf7019!8m2!3d-6.1229662!4d106.1755941!16s%2Fg%2F11yzp9lhb6!19sChIJH4rkEAD1QS4RGXDP6W3Un2w?authuser=0&hl=id&rclk=1,"V5Gg+R69 Mie Gacoan, Jl. Ciceri Jaya, Sumurpecung, Kec. Serang, Kota Serang, Banten 42118",Kota Serang,Banten,4.65,8,Restoran Mie,Buka 24 jam,Tidak Ada,Tidak Ada,Buka,Approved,2026-11-12,180,Tersertifikasi,High (Butuh Eskalasi),280000000,2,0,2,0,High (Butuh Eskalasi)
GCN-0158,Kedai Lesehan Mie Gacoan Iyess,https://www.google.com/maps/place/Kedai+lesehan+mie+gacoan+iyess/data=!4m7!3m6!1s0x2e30e7005133240b:0x9054ac7d0e40c029!8m2!3d-3.2733684!4d102.9243032!16s%2Fg%2F11wwf77mrs!19sChIJCyQzUQDnMC4RKcBADn2sVJA?authuser=0&hl=id&rclk=1,"Pwgf+Mp3, Jl. Sekayu - Lubuk Linggau, Sugiwaras, Kec. Lubuk Linggau Sel. Ii, Kota Lubuklinggau, Sumatera Selatan",Kota Lubuklinggau,Sumatra Selatan,3.0,1180,Restoran Mie,Buka 24 jam,Tidak Ada,Tidak Ada,Buka,In Progress,2027-06-19,399,Tersertifikasi,Low,410000000,0,2,2,0,Low
GCN-0159,Q'Like Mie N Catering ( Mie Gacoan Vuja),https://www.google.com/maps/place/Q%27like+Mie+n+Catering+%28+Mie+Gacoan+Vuja%29/data=!4m7!3m6!1s0x2e3b733f9ebbc377:0x4872c84a3a28ca04!8m2!3d-2.8837856!4d104.6939115!16s%2Fg%2F11v3z1sqnw!19sChIJd8O7nj9zOy4RBMooOkrIckg?authuser=0&hl=id&rclk=1,"4M8V+Fhm, Lorong R. Wintana, Rt.22/Rw.08, Talang Betutu, Kec. Sukarami, Kota Palembang, Sumatera Selatan 30961",Kota Palembang,Sumatra Selatan,5.0,1180,Restoran Mie,10.00 hingga 18.00,0812-7103-8527,Tidak Ada,Buka,Approved,2026-03-21,0,Tersertifikasi,Low,180000000,0,0,2,0,Low
GCN-0160,Mie Gacoan Bengkulu - Sudirman,https://www.google.com/maps/place/Mie+Gacoan+Bengkulu+-+Sudirman/data=!4m7!3m6!1s0x2e36b1005c4d1211:0xafcc54fd1af38988!8m2!3d-3.7921076!4d102.2590591!16s%2Fg%2F11wws_k36g!19sChIJERJNXACxNi4RiInzGv1UzK8?authuser=0&hl=id&rclk=1,"Jl. Jendral. Sudirman No.27, Tengah Padang, Kec. Tlk. Segara, Kota Bengkulu, Bengkulu 38118",Kota Bengkulu,Sumatra Barat,4.8,25,Restoran Mie,Buka 24 jam,Tidak Ada,Tidak Ada,Buka,Approved,2026-03-04,0,Tersertifikasi,Low,510000000,0,0,2,0,Low
GCN-0161,Mie Gacoan Bengkulu - Natadirja,https://www.google.com/maps/place/Mie+Gacoan+Bengkulu+-+Natadirja/data=!4m7!3m6!1s0x2e36bb005f83c4c9:0xc971d5e3cf76567c!8m2!3d-3.8242187!4d102.3004915!16s%2Fg%2F11yp1kjtz0!19sChIJycSDXwC7Ni4RfFZ2z-PVcck?authuser=0&hl=id&rclk=1,"Jl. Pangeran Natadirja No.Km 7, Rw.5, Jl. Gedang, Kec. Gading Cemp., Kota Bengkulu, Bengkulu 38225",Kota Bengkulu,Bengkulu,4.8,8,Restoran Mie,Buka 24 jam,Tidak Ada,Tidak Ada,Buka,Approved,2028-01-19,613,Tersertifikasi,Low,500000000,0,0,2,0,Low
GCN-0162,Mie Gacoan Mendalo,https://www.google.com/maps/place/Mie+Gacoan+Mendalo/data=!4m7!3m6!1s0x2e2f630045f9a13d:0x104e334e7e8b5e71!8m2!3d-1.606889!4d103.518722!16s%2Fg%2F11yyd0g9cv!19sChIJPaH5RQBjLy4RcV6Lfk4zThA?authuser=0&hl=id&rclk=1,"9Gv9+6Cw, Mendalo Darat, Kec. Jambi Luar Kota, Kabupaten Muaro Jambi, Jambi 36657",Kabupaten Muaro Jambi,Jambi,4.7,8,Restoran Mie,Buka 24 jam,0896-2666-2901,Tidak Ada,Buka,Approved,2028-04-28,713,Proses Perpanjangan,Low,210000000,0,0,1,0,Low
GCN-0163,Mie Gacoan Pasir Putih,https://www.google.com/maps/place/Mie+Gacoan+Pasir+Putih/data=!4m7!3m6!1s0x2e258f764f736087:0xf99f0feffbe008d1!8m2!3d-1.6216969!4d103.6393304!16s%2Fg%2F11n52l1qs9!19sChIJh2BzT3aPJS4R0Qjg--8Pn_k?authuser=0&hl=id&rclk=1,"Lorong Rahayu, Pasir Putih, Kec. Jambi Sel., Kota Jambi, Jambi 36126",Kota Jambi,Jambi,4.8,8,Restoran Mie,Buka 24 jam,0896-2666-2903,Tidak Ada,Buka,Approved,2026-04-23,0,Tersertifikasi,Low,210000000,0,0,2,0,Low
GCN-0164,Miega'Cuan,https://www.google.com/maps/place/MieGA%27cuan/data=!4m7!3m6!1s0x2e2587399f6f1d73:0xb43c9e316c65e283!8m2!3d-1.631765!4d103.5753171!16s%2Fg%2F11syx4jwrb!19sChIJcx1vnzmHJS4Rg-JlbDGePLQ?authuser=0&hl=id&rclk=1,"Jl. Tp. Sriwijaya, Beliung, Kec. Kota Baru, Kota Jambi, Jambi 36163",Kota Baru,Jambi,4.7,8,Restoran Mie,Buka 24 jam,0822-6990-5398,Tidak Ada,Buka,Approved,2026-11-07,175,Tersertifikasi,Low,550000000,0,0,2,0,Low
GCN-0165,Mie Goceng Jambi,https://www.google.com/maps/place/Mie+Goceng+Jambi/data=!4m7!3m6!1s0x2e2589ceb5f030c3:0xb2be0032d538c138!8m2!3d-1.6282168!4d103.6134606!16s%2Fg%2F11lv4vvbd4!19sChIJwzDwtc6JJS4ROME41TIAvrI?authuser=0&hl=id&rclk=1,"Jl. Bangka, Simpang, Kebun Handil, Kec. Kota Baru, Kota Jambi, Jambi 36128",Kota Baru,Jambi,3.0,8,Restoran Mie,Buka 24 jam,0896-2806-5806,Tidak Ada,Buka,Approved,2027-09-23,495,Tersertifikasi,Medium,320000000,1,0,2,0,Medium
GCN-0166,Mie Gacoan Pangkalpinang Sudirman,https://www.google.com/maps/place/Mie+Gacoan+Pangkalpinang+Sudirman/data=!4m7!3m6!1s0x2e22c1003e8a66af:0x38ddae56711fcb2e!8m2!3d-2.1259341!4d106.114168!16s%2Fg%2F11vsykfqw8!19sChIJr2aKPgDBIi4RLssfcVau3Tg?authuser=0&hl=id&rclk=1,"Gedung Nasional, Kec. Taman Sari, Kota Pangkal Pinang, Kepulauan Bangka Belitung 33684",Kota Pangkal Pinang,Bangka Belitung,4.8,2,Restoran Mie,Buka 24 jam,0895-3667-20001,mitrabalisukses.com,Buka,Approved,2028-10-19,887,Tersertifikasi,Low,260000000,0,0,2,0,Low
GCN-0167,Mie Gacoan Sungailiat,https://www.google.com/maps/place/Mie+Gacoan+Sungailiat/data=!4m7!3m6!1s0x2e22f3002e6408e1:0xfe313f31f5734606!8m2!3d-1.8491142!4d106.1106371!16s%2Fg%2F11mdgtglt9!19sChIJ4QhkLgDzIi4RBkZz9TE_Mf4?authuser=0&hl=id&rclk=1,"Jl. Muhidin, Rt.002/Rw.00, Kuday, Sungai Liat, Kabupaten Bangka, Kepulauan Bangka Belitung",Kabupaten Bangka,Bangka Belitung,4.9,2,Restoran Mie,08.00 hingga 00.00,Tidak Ada,Tidak Ada,Buka,Approved,2026-03-14,0,Tersertifikasi,Low,610000000,0,0,2,0,Low
GCN-0168,Mie Gacoan,https://www.google.com/maps/place/Mie+gacoan/data=!4m7!3m6!1s0x2e22c1001b180ff1:0xe11e80d68800149b!8m2!3d-2.108484!4d106.1124325!16s%2Fg%2F11ygh8j9wx!19sChIJ8Q8YGwDBIi4RmxQAiNaAHuE?authuser=0&hl=id&rclk=1,"V4R6+Jx3, Jl. Jendral Sudirman, Air Salemba, Kec. Gabek, Kota Pangkal Pinang, Kepulauan Bangka Belitung",Kota Pangkal Pinang,Bangka Belitung,4.8,2,Restoran Mie,Buka 24 jam,Tidak Ada,Tidak Ada,Buka,In Progress,2026-12-30,228,Tersertifikasi,Low,770000000,0,2,2,0,Low
GCN-0169,Warung Mie Gacoan Cabang Putat Belinyu,https://www.google.com/maps/place/Warung+mie+gacoan+cabang+Putat+belinyu/data=!4m7!3m6!1s0x2e2255003fd29fff:0x2b243ef1d0dea6f8!8m2!3d-1.7374646!4d105.8605126!16s%2Fg%2F11vxt1kqlj!19sChIJ_5_SPwBVIi4R-Kbe0PE-JCs?authuser=0&hl=id&rclk=1,"7V76+266, 7V76+259Jl. Raya, Belinyuriau, Kec. Riau Silip, Kabupaten Bangka, Kepulauan Bangka Belitung 33253",Kabupaten Bangka,Riau,1.0,8,Restoran Mie,10.00 hingga 23.00,Tidak Ada,Tidak Ada,Buka,Approved,2026-08-02,78,Tersertifikasi,Low,650000000,0,0,2,0,Low
GCN-0170,Mie Gacoan Kw Manggar,https://www.google.com/maps/place/Mie+GACOAN+KW+MANGGAR/data=!4m7!3m6!1s0x2e10dbe9957ac469:0xd549796e46fd984b!8m2!3d-2.8673769!4d108.2769313!16s%2Fg%2F11ldsjgqdk!19sChIJacR6lenbEC4RS5j9Rm55SdU?authuser=0&hl=id&rclk=1,"Belakang Kantor Camat Dekat Sd 9, Jl. Gajah Mada, Mekar Jaya, Kec. Manggar, Kabupaten Belitung Timur, Kepulauan Bangka Belitung 33511",Kabupaten Belitung Timur,Bangka Belitung,5.0,2,Restoran Mie,Buka 24 jam,0819-3047-5710,Tidak Ada,Buka,In Progress,2027-04-06,325,Tersertifikasi,Low,730000000,0,2,2,0,Low
GCN-0171,Mie Yacuan,https://www.google.com/maps/place/Mie+yacuan/data=!4m7!3m6!1s0x2e1717a564546487:0x58de01af3374910c!8m2!3d-2.7231006!4d107.6309906!16s%2Fg%2F11t2f6x_c7!19sChIJh2RUZKUXFy4RDJF0M68B3lg?authuser=0&hl=id&rclk=1,"Jl. Sijuk, Air Saga, Kec. Tj. Pandan, Kabupaten Belitung, Kepulauan Bangka Belitung 33412",Kabupaten Belitung,Bangka Belitung,4.0,2,Restoran Mie,12.00 hingga 21.00,0877-3734-4864,Tidak Ada,Buka,Approved,2026-09-18,125,Tersertifikasi,High (Butuh Eskalasi),300000000,2,0,2,0,High (Butuh Eskalasi)
GCN-0172,Mie Gacoan Lampung Antasari,https://www.google.com/maps/place/Mie+Gacoan+Lampung+Antasari/data=!4m7!3m6!1s0x2e40db69e41f0a19:0xa178297101e82953!8m2!3d-5.4063453!4d105.2756983!16s%2Fg%2F11vdfxxn1x!19sChIJGQof5GnbQC4RUynoAXEpeKE?authuser=0&hl=id&rclk=1,"Jl. Gajah Mada No.170, Kota Baru, Kec. Way Halim, Kota Bandar Lampung, Lampung 35121",Kota Baru,Lampung,4.6,8,Restoran Mie,Buka 24 jam,Tidak Ada,Tidak Ada,Buka,Approved,2027-03-04,292,Menunggu Audit,Low,600000000,0,0,0,0,Low
GCN-0173,Mie Gacoan Kedaton,https://www.google.com/maps/place/Mie+Gacoan+Kedaton/data=!4m7!3m6!1s0x2e40db9c1cd5fe1d:0x16bdf47118213d63!8m2!3d-5.3780492!4d105.251074!16s%2Fg%2F11vjh2gh_f!19sChIJHf7VHJzbQC4RYz0hGHH0vRY?authuser=0&hl=id&rclk=1,"Jl. Za. Pagar Alam, Gedong Meneng, Kec. Kedaton, Kota Bandar Lampung, Lampung",Kota Bandar Lampung,Lampung,4.7,8,Restoran Mie,Buka 24 jam,Tidak Ada,mitrabalisukses.com,Buka,Approved,2027-10-13,515,Tersertifikasi,Low,290000000,0,0,2,0,Low
GCN-0174,Mie Gacoan Metro Lampung,https://www.google.com/maps/place/Mie+Gacoan+Metro+Lampung/data=!4m7!3m6!1s0x2e40bd3a4cd717df:0x5a5bea6953885e00!8m2!3d-5.1143311!4d105.3153151!16s%2Fg%2F11l6_xstkh!19sChIJ3xfXTDq9QC4RAF6IU2nqW1o?authuser=0&hl=id&rclk=1,"Yosorejo, Kec. Metro Tim., Kota Metro, Lampung 34124",Kota Metro,Lampung,4.8,8,Restoran Mie,08.00 hingga 02.00,0896-1000-7004,mitrabalisukses.com,Buka,Approved,2027-08-24,465,Tersertifikasi,Low,740000000,0,0,2,0,Low
GCN-0175,Mie Gacoan Way Halim,https://www.google.com/maps/place/Mie+Gacoan+Way+Halim/data=!4m7!3m6!1s0x2e40db7b09c465c7:0xe913e478213e5886!8m2!3d-5.3914178!4d105.2801556!16s%2Fg%2F11vph10b08!19sChIJx2XECXvbQC4Rhlg-IXjkE-k?authuser=0&hl=id&rclk=1,"Jl. Urip Sumoharjo No.204, Way Halim Permai, Kec. Sukarame, Kota Bandar Lampung, Lampung 35122",Kota Bandar Lampung,Lampung,4.7,8,Restoran Mie,Buka 24 jam,Tidak Ada,Tidak Ada,Buka,Approved,2027-09-07,479,Tersertifikasi,Low,410000000,0,0,2,0,Low
GCN-0176,Mie Gacoan Diponegoro,https://www.google.com/maps/place/Mie+Gacoan+Diponegoro/data=!4m7!3m6!1s0x2e40db1c3646906f:0x468208631173a370!8m2!3d-5.4327499!4d105.2618401!16s%2Fg%2F11v3xpkbbh!19sChIJb5BGNhzbQC4RcKNzEWMIgkY?authuser=0&hl=id&rclk=1,"Jl. Diponegoro No.96, Gulak Galik, Kec. Tlk. Betung Utara, Kota Bandar Lampung, Lampung 35212",Kota Bandar Lampung,Lampung,4.7,8,Restoran Mie,Buka 24 jam,Tidak Ada,Tidak Ada,Buka,Approved,2027-07-10,420,Tersertifikasi,Low,370000000,0,0,2,0,Low
GCN-0177,Mie Gacoan Tangerang - Kebon Cau,https://www.google.com/maps/place/Mie+Gacoan+Tangerang+-+Kebon+Cau/data=!4m7!3m6!1s0x2e69ff006affd847:0xf51696f95b097ac1!8m2!3d-6.2042472!4d106.5722549!16s%2Fg%2F11yrg8sb9t!19sChIJR9j_agD_aS4RwXoJW_mWFvU?authuser=0&hl=id&rclk=1,"Jl. Gatot Subroto No.36, Rt.003/Rw.004, Jatake, Kec. Jatiuwung, Kota Tangerang, Banten 15136",Kota Tangerang,Banten,4.9,8,Restoran Mie,08.00 hingga 00.00,Tidak Ada,Tidak Ada,Buka,Approved,2027-04-23,342,Tersertifikasi,Low,190000000,0,0,2,0,Low
GCN-0178,Mie Gacoan,https://www.google.com/maps/place/Mie+Gacoan/data=!4m7!3m6!1s0x2e69f900490ac30b:0x8f773392aa40d79e!8m2!3d-6.1926147!4d106.6764316!16s%2Fg%2F11z0kmj2dd!19sChIJC8MKSQD5aS4RntdAqpIzd48?authuser=0&hl=id&rclk=1,"Rm4G+Xh3, Cipondoh, Sepatan, Kota Tangerang, Banten 15141",Kota Tangerang,Banten,4.6,8,Restoran Mie,Buka 24 jam,Tidak Ada,Tidak Ada,Buka,Approved,2028-04-14,699,Tersertifikasi,Low,730000000,0,0,2,0,Low
GCN-0179,Mie Gacoan Tangerang - Binong,https://www.google.com/maps/place/Mie+Gacoan+Tangerang+-+Binong/data=!4m7!3m6!1s0x2e69fd0009adae3f:0xd26abf4908bd6d8b!8m2!3d-6.2295004!4d106.5910134!16s%2Fg%2F11wpb592w_!19sChIJP66tCQD9aS4Ri229CEm_atI?authuser=0&hl=id&rclk=1,"Jl. Raya Binong, Binong, Kec. Curug, Kabupaten Tangerang, Banten 15810",Kabupaten Tangerang,Banten,4.7,8,Restoran Mie,08.00 hingga 23.00,Tidak Ada,Tidak Ada,Buka,Approved,2026-11-13,181,Tersertifikasi,Low,240000000,0,0,2,0,Low
GCN-0180,Mie Gacoan Gondrong Petir Gledek Mry,https://www.google.com/maps/place/Mie+Gacoan+Gondrong+Petir+Gledek+MRy/data=!4m7!3m6!1s0x2e69f900108794b7:0x29aa2e79dadf2442!8m2!3d-6.1873827!4d106.7152671!16s%2Fg%2F11y0s6hwds!19sChIJt5SHEAD5aS4RQiTf2nkuqik?authuser=0&hl=id&rclk=1,"Jl. Kh. Ahmad Dahlan No.20, Rt.001/Rw.007, Petir, Kec. Cipondoh, Kota Tangerang, Banten 15147",Kota Tangerang,Banten,4.2,8,Restoran Mie,Buka 24 jam,Tidak Ada,Tidak Ada,Buka,In Progress,2027-08-27,468,Tersertifikasi,Low,510000000,0,2,2,0,Low
GCN-0181,Mie Gacoan Tangerang - Raya Mauk,https://www.google.com/maps/place/Mie+Gacoan+Tangerang+-+Raya+Mauk/data=!4m7!3m6!1s0x2e6a0100401de6f3:0x20ab316540b26236!8m2!3d-6.1109499!4d106.5702219!16s%2Fg%2F11ynjtnjbz!19sChIJ8-YdQAABai4RNmKyQGUxqyA?authuser=0&hl=id&rclk=1,"Vhqc+J3H, Jl. Raya Mauk, Rt.02/Rw.02, Pisangan Jaya, Kec. Sepatan, Kabupaten Tangerang, Banten 15520",Kabupaten Tangerang,Banten,4.8,8,Restoran Mie,08.00 hingga 23.00,0821-8981-9995,Tidak Ada,Buka,Approved,2028-01-17,611,Tersertifikasi,Low,630000000,0,0,2,0,Low
GCN-0182,Mie Gacoan Tangsel - Juanda Ciputat,https://www.google.com/maps/place/Mie+Gacoan+Tangsel+-+Juanda+Ciputat/data=!4m7!3m6!1s0x2e69ef00478a5be3:0x8628af8f919edb12!8m2!3d-6.3096759!4d106.7553841!16s%2Fg%2F11vyvnp8x3!19sChIJ41uKRwDvaS4REtuekY-vKIY?authuser=0&hl=id&rclk=1,"Jl. Ir H. Juanda No.78, Cemp. Putih, Kec. Ciputat Tim., Kota Tangerang Selatan, Banten 15412",Kota Tangerang Selatan,Banten,4.7,8,Restoran Mie,Buka 24 jam,Tidak Ada,Tidak Ada,Buka,Approved,2027-08-03,444,Proses Perpanjangan,Low,750000000,0,0,1,0,Low
GCN-0183,Mie Gacoan Tangerang - Teluknaga,https://www.google.com/maps/place/Mie+Gacoan+Tangerang+-+Teluknaga/data=!4m7!3m6!1s0x2e6a03000392983d:0x36a0c1b4093bd859!8m2!3d-6.0715168!4d106.6460931!16s%2Fg%2F11lz1l2d1n!19sChIJPZiSAwADai4RWdg7CbTBoDY?authuser=0&hl=id&rclk=1,"Jl. Raya Kampung Melayu, Kp. Melayu Barat, Kec. Teluknaga, Kabupaten Tangerang, Banten 15510",Kabupaten Tangerang,Banten,4.7,8,Restoran Mie,Buka 24 jam,0857-2496-3462,Tidak Ada,Buka,Approved,2026-11-15,183,Menunggu Audit,Low,510000000,0,0,0,0,Low
GCN-0184,Mie Gacoan Tangerang - Bumi Indah,https://www.google.com/maps/place/Mie+Gacoan+Tangerang+-+Bumi+Indah/data=!4m7!3m6!1s0x2e69ff001573313b:0xc53462295d9bdfe4!8m2!3d-6.1707403!4d106.5577259!16s%2Fg%2F11m5smspss!19sChIJOzFzFQD_aS4R5N-bXSliNMU?authuser=0&hl=id&rclk=1,"Jl. Raya Bumi Indah, Gelam Jaya, Kec. Ps. Kemis, Kabupaten Tangerang, Banten 15560",Kabupaten Tangerang,Banten,4.7,8,Restoran Mie,08.00 hingga 23.00,Tidak Ada,Tidak Ada,Buka,Approved,2026-08-30,106,Tersertifikasi,Low,530000000,0,0,2,0,Low
GCN-0185,Mie Gacoan Tangerang - Stpi,https://www.google.com/maps/place/Mie+Gacoan+Tangerang+-+STPI/data=!4m7!3m6!1s0x2e69fd00072d0c65:0x500d38034cb3530f!8m2!3d-6.269663!4d106.5566028!16s%2Fg%2F11wg81n0tm!19sChIJZQwtBwD9aS4RD1OzTAM4DVA?authuser=0&hl=id&rclk=1,"Jl. Raya Plp Curug No.44, Curug Wetan, Kec. Curug, Kabupaten Tangerang, Banten 15820",Kabupaten Tangerang,Banten,4.8,8,Restoran Mie,Buka 24 jam,Tidak Ada,Tidak Ada,Buka,In Progress,2027-02-24,284,Tersertifikasi,Medium,450000000,1,2,2,0,Medium
GCN-0186,Mie Gacoan,https://www.google.com/maps/place/Mie+gacoan/data=!4m7!3m6!1s0x2e69ef0024fa9fc5:0xae3cf72ef30b08a3!8m2!3d-6.3097782!4d106.7551516!16s%2Fg%2F11yv9b_tzv!19sChIJxZ_6JADvaS4RowgL8y73PK4?authuser=0&hl=id&rclk=1,"Jl. Semanggi Ii No.1, Cemp. Putih, Kec. Ciputat Tim., Kota Tangerang Selatan, Banten 15412",Kota Tangerang Selatan,Banten,4.7,8,Restoran Mie,Buka 24 jam,Tidak Ada,Tidak Ada,Buka,Approved,2028-07-11,787,Tersertifikasi,Low,710000000,0,0,2,0,Low
GCN-0187,Mie Gacoan Jakarta - Bintaro,https://www.google.com/maps/place/Mie+Gacoan+Jakarta+-+Bintaro/data=!4m7!3m6!1s0x2e69f1dc771f7ba5:0x17688f00ed634a47!8m2!3d-6.2710605!4d106.759434!16s%2Fg%2F11sb618hm3!19sChIJpXsfd9zxaS4RR0pj7QCPaBc?authuser=0&hl=id&rclk=1,"Jl. Kesehatan Raya No.5A, Rt.8/Rw.6, Bintaro, Kec. Pesanggrahan, Kota Jakarta Selatan, Daerah Khusus Ibukota Jakarta 12330",Kota Jakarta Selatan,Dki Jakarta,4.6,2,Restoran Mie,Buka 24 jam,Tidak Ada,Tidak Ada,Buka,Approved,2026-09-27,134,Tersertifikasi,Medium,350000000,1,0,2,0,Medium
GCN-0188,Mie Gacoan Jakarta - Joglo Raya,https://www.google.com/maps/place/Mie+Gacoan+Jakarta+-+Joglo+Raya/data=!4m7!3m6!1s0x2e69f7004215c601:0xa4f51fb3658442cd!8m2!3d-6.2148962!4d106.7377953!16s%2Fg%2F11yyz256sg!19sChIJAcYVQgD3aS4RzUKEZbMf9aQ?authuser=0&hl=id&rclk=1,"Qppq+34J, Joglo, Kec. Kembangan, Kota Jakarta Barat, Daerah Khusus Ibukota Jakarta 11640",Kota Jakarta Barat,Dki Jakarta,4.5,2,Restoran Mie,Buka 24 jam,Tidak Ada,Tidak Ada,Buka,Approved,2027-11-13,546,Tersertifikasi,Medium,520000000,1,0,2,0,Medium
GCN-0189,Mie Gacoan Depok - Limo,https://www.google.com/maps/place/Mie+Gacoan+Depok+-+Limo/data=!4m7!3m6!1s0x2e69ef001967e2ef:0x55aee315d6910085!8m2!3d-6.3520264!4d106.7765143!16s%2Fg%2F11ymhfthfs!19sChIJ7-JnGQDvaS4RhQCR1hXjrlU?authuser=0&hl=id&rclk=1,"Jl. Limo Raya No.69, Limo, Kec. Limo, Kota Depok, Jawa Barat 16515",Kota Depok,Jawa Barat,4.8,9,Restoran Mie,Buka 24 jam,Tidak Ada,instagram.com,Buka,Approved,2027-05-27,376,Tersertifikasi,Low,390000000,0,0,2,0,Low
GCN-0190,Mie Gacoan Cilegon - Kedaleman,https://www.google.com/maps/place/Mie+Gacoan+Cilegon+-+Kedaleman/data=!4m7!3m6!1s0x2e418d00221163e3:0x69006ff6c5e30a95!8m2!3d-6.0314255!4d106.0791854!16s%2Fg%2F11yk73gbdj!19sChIJ42MRIgCNQS4RlQrjxfZvAGk?authuser=0&hl=id&rclk=1,"Jl. Raya Serang, Kedaleman, Kec. Cibeber, Kota Cilegon, Banten 42422",Kota Cilegon,Banten,4.6,8,Restoran Mie,Buka 24 jam,Tidak Ada,Tidak Ada,Buka,Approved,2027-11-27,560,Tersertifikasi,Low,640000000,0,0,2,0,Low
GCN-0191,Mie Gacoan Depok Kelapa Dua,https://www.google.com/maps/place/Mie+Gacoan+Depok+Kelapa+Dua/data=!4m7!3m6!1s0x2e69ed00388a4487:0xca288756f93ba3bd!8m2!3d-6.3547931!4d106.8469452!16s%2Fg%2F11mlspr5g9!19sChIJh0SKOADtaS4RvaM7-VaHKMo?authuser=0&hl=id&rclk=1,"Jl. Akses Ui, Tugu, Kec. Cimanggis, Kota Depok, Jawa Barat",Kota Depok,Jawa Barat,4.9,9,Restoran Mie,Buka 24 jam,Tidak Ada,Tidak Ada,Buka,Approved,2027-04-10,329,Tersertifikasi,Low,760000000,0,0,2,0,Low
GCN-0192,Mie Gacoan Jakarta - Kedoya,https://www.google.com/maps/place/Mie+Gacoan+Jakarta+-+Kedoya/data=!4m7!3m6!1s0x2e69f7000c75661d:0x6c5f6fa6e7a5b8b3!8m2!3d-6.1875648!4d106.7681253!16s%2Fg%2F11vsnvzv5v!19sChIJHWZ1DAD3aS4Rs7il56ZvX2w?authuser=0&hl=id&rclk=1,"Jl. Panjang No.2, Rt.19/Rw.4, Kedoya Sel., Kec. Kb. Jeruk, Kota Jakarta Barat, Daerah Khusus Ibukota Jakarta 11520",Kota Jakarta Barat,Dki Jakarta,4.5,2,Restoran Mie,Buka 24 jam,Tidak Ada,Tidak Ada,Buka,Approved,2027-02-04,264,Tersertifikasi,Low,300000000,0,0,2,0,Low
GCN-0193,Mie Gacoan Bogor - Kabasiran,https://www.google.com/maps/place/Mie+Gacoan+Bogor+-+Kabasiran/data=!4m7!3m6!1s0x2e69e3000f941fb3:0xccfd04050c835e87!8m2!3d-6.3550014!4d106.5795768!16s%2Fg%2F11xkghrzgg!19sChIJsx-UDwDjaS4Rh16DDAUE_cw?authuser=0&hl=id&rclk=1,"Jl. Raya Dago No.81, Rt.005/Rw.002, Kabasiran, Kec. Parung Panjang, Kabupaten Bogor, Jawa Barat 16360",Kabupaten Bogor,Jawa Barat,4.7,8,Restoran Mie,08.00 hingga 23.00,Tidak Ada,instagram.com,Buka,Approved,2028-06-15,761,Tersertifikasi,Low,220000000,0,0,2,0,Low
GCN-0194,Mie Gacoan,https://www.google.com/maps/place/Mie+gacoan/data=!4m7!3m6!1s0x2e698d0015480349:0x4ca64cd8fa7423c5!8m2!3d-6.2871985!4d106.9145219!16s%2Fg%2F11mzmcmyfk!19sChIJSQNIFQCNaS4RxSN0-thMpkw?authuser=0&hl=id&rclk=1,"Jl. Raya Hankam No.45, Rt.002/Rw.002, Jatirahayu, Kec. Pd. Melati, Kota Bks, Jawa Barat 17414",Kota Bks,Jawa Barat,4.3,8,Restoran Mie,05.00 hingga 23.00,Tidak Ada,Tidak Ada,Buka,Approved,2028-10-18,886,Tersertifikasi,High (Butuh Eskalasi),410000000,2,0,2,0,High (Butuh Eskalasi)
GCN-0195,Mie Gacoan Jakarta - Aipda Ks Tubun,https://www.google.com/maps/place/Mie+Gacoan+Jakarta+-+Aipda+KS+Tubun/data=!4m7!3m6!1s0x2e69f7005e42224d:0x6ee70ab381e5f3b8!8m2!3d-6.2002129!4d106.8006964!16s%2Fg%2F11xlxcvnvk!19sChIJTSJCXgD3aS4RuPPlgbMK524?authuser=0&hl=id&rclk=1,"Jl. K.S. Tubun No.6A, Petamburan, Kecamatan Tanah Abang, Kota Jakarta Pusat, Daerah Khusus Ibukota Jakarta 11410",Kota Jakarta Pusat,Dki Jakarta,4.7,2,Restoran Mie,Buka 24 jam,Tidak Ada,Tidak Ada,Buka,Approved,2027-04-27,346,Tersertifikasi,Low,160000000,0,0,2,0,Low
GCN-0196,Mie Gacoan Jakarta - Boulevard Kelapa Gading,https://www.google.com/maps/place/Mie+Gacoan+Jakarta+-+Boulevard+Kelapa+Gading/data=!4m7!3m6!1s0x2e69f5001da6fcf1:0x71d23459eef6582b!8m2!3d-6.1757353!4d106.8956292!16s%2Fg%2F11wxfhyg10!19sChIJ8fymHQD1aS4RK1j27lk00nE?authuser=0&hl=id&rclk=1,"Jl. Boulevard Raya, Rt.2/Rw.17, Klp. Gading Tim., Kec. Klp. Gading, Jkt Utara, Daerah Khusus Ibukota Jakarta 14240",Kota Jakarta Utara,Dki Jakarta,4.8,2,Restoran Mie,Buka 24 jam,Tidak Ada,Tidak Ada,Buka,Approved,2028-02-05,630,Tersertifikasi,Low,290000000,0,0,2,0,Low
GCN-0197,Mie Gacorin - Serang,https://www.google.com/maps/place/Mie+Gacorin+-+Serang/data=!4m7!3m6!1s0x2e41f5002016c487:0x52fa2c9f81d29b42!8m2!3d-6.1195155!4d106.1975534!16s%2Fg%2F11wvl81skj!19sChIJh8QWIAD1QS4RQpvSgZ8s-lI?authuser=0&hl=id&rclk=1,"V5Jx+52V, Jl. Raya Jkt Km 4, Panancangan, Kec. Cipocok Jaya, Kota Serang, Banten 42124",Kota Serang,Banten,3.2,8,Restoran Mie,Buka 24 jam,Tidak Ada,Tidak Ada,Tutup Sementara,In Progress,2026-07-07,52,Tersertifikasi,Low,620000000,0,2,2,0,Low
GCN-0198,Mie Gacoan Depok Kelapa Dua,https://www.google.com/maps/place/Mie+Gacoan+Depok+Kelapa+Dua/data=!4m7!3m6!1s0x2e69edfc799b4b0d:0x36265f3a2c8709d0!8m2!3d-6.355701!4d106.853123!16s%2Fg%2F11s78769tc!19sChIJDUubefztaS4R0AmHLDpfJjY?authuser=0&hl=id&rclk=1,"Jl. Komjen. Pol. M. Jasin No.129, Tugu, Kec. Cimanggis, Kota Depok, Jawa Barat 16451",Kota Depok,Jawa Barat,4.7,17,Restoran Mie,Buka 24 jam,Tidak Ada,Tidak Ada,Buka,Approved,2028-04-28,713,Tersertifikasi,High (Butuh Eskalasi),510000000,2,0,2,0,High (Butuh Eskalasi)
GCN-0199,Mie Gacoan Jakarta - Radin Inten,https://www.google.com/maps/place/Mie+Gacoan+Jakarta+-+Radin+Inten/data=!4m7!3m6!1s0x2e698d00387c899f:0xed39dac63f0d3362!8m2!3d-6.2288672!4d106.9225529!16s%2Fg%2F11y2v3qd7_!19sChIJn4l8OACNaS4RYjMNP8baOe0?authuser=0&hl=id&rclk=1,"Jl. Radin Inten Ii No.2-1, Rt.3/Rw.2, Duren Sawit, Kec. Duren Sawit, Kota Jakarta Timur, Daerah Khusus Ibukota Jakarta 13440",Kota Jakarta Timur,Dki Jakarta,4.7,2,Restoran Mie,Buka 24 jam,Tidak Ada,Tidak Ada,Buka,In Progress,2028-04-03,688,Proses Perpanjangan,Low,620000000,0,2,1,0,Low
GCN-0200,Mie Gacoan Jakarta - Bendungan Hilir,https://www.google.com/maps/place/Mie+Gacoan+Jakarta+-+Bendungan+Hilir/data=!4m7!3m6!1s0x2e69f7007560a451:0x8e1589e35c6dc2a7!8m2!3d-6.2087512!4d106.8116808!16s%2Fg%2F11w9bfkg9r!19sChIJUaRgdQD3aS4Rp8JtXOOJFY4?authuser=0&hl=id&rclk=1,"Jl. Bendungan Hilir No.9 Blok G2, Rt.11/Rw.3, Bend. Hilir, Kecamatan Tanah Abang, Kota Jakarta Pusat, Daerah Khusus Ibukota Jakarta 10210",Kota Jakarta Pusat,Dki Jakarta,4.7,2,Restoran Mie,Buka 24 jam,0896-7824-9296,Tidak Ada,Buka,Approved,2027-04-26,345,Tersertifikasi,High (Butuh Eskalasi),610000000,2,0,2,0,High (Butuh Eskalasi)
GCN-0201,Mie Gacoan Jakarta - Cempaka Putih,https://www.google.com/maps/place/Mie+Gacoan+Jakarta+-+Cempaka+Putih/data=!4m7!3m6!1s0x2e69f5005dc4db61:0x23cb0203c8bb49e3!8m2!3d-6.1765005!4d106.870121!16s%2Fg%2F11vrlkhl78!19sChIJYdvEXQD1aS4R40m7yAMCyyM?authuser=0&hl=id&rclk=1,"Jl. Cempaka Putih Raya No.15A, Rt.18/Rw.3, Cemp. Putih Tim., Kec. Cemp. Putih, Kota Jakarta Pusat, Daerah Khusus Ibukota Jakarta 10510",Kota Jakarta Pusat,Dki Jakarta,4.7,2,Restoran Mie,Buka 24 jam,Tidak Ada,Tidak Ada,Buka,In Progress,2027-08-16,457,Tersertifikasi,Low,270000000,0,2,2,0,Low
GCN-0202,Mie Gacoan Parung Raya,https://www.google.com/maps/place/Mie+Gacoan+Parung+Raya/data=!4m7!3m6!1s0x2e69e90066040519:0x8c98c414b1107283!8m2!3d-6.4165474!4d106.7341777!16s%2Fg%2F11vwhkn_0g!19sChIJGQUEZgDpaS4Rg3IQsRTEmIw?authuser=0&hl=id&rclk=1,"Jl. Raya Parung No.1, Duren Mekar, Kec. Bojongsari, Kota Depok, Jawa Barat 16518",Kota Depok,Jawa Barat,4.8,9,Restoran Mie,Buka 24 jam,0895-6128-40002,Tidak Ada,Buka,Approved,2026-09-27,134,Tersertifikasi,Medium,320000000,1,0,2,0,Medium
GCN-0203,Mie Gacoan Bekasi Jatiwaringin,https://www.google.com/maps/place/Mie+Gacoan+Bekasi+Jatiwaringin/data=!4m7!3m6!1s0x2e698d0dd3912357:0x5b3cdd34f62ac357!8m2!3d-6.2799978!4d106.9131568!16s%2Fg%2F11s40qrrpm!19sChIJVyOR0w2NaS4RV8Mq9jTdPFs?authuser=0&hl=id&rclk=1,"Jl. Raya Jatiwaringin No.68, Jatiwaringin, Kec. Pd. Gede, Kota Bks, Jawa Barat 17411",Kota Bks,Jawa Barat,4.8,8,Restoran Mie,Buka 24 jam,Tidak Ada,Tidak Ada,Buka,In Progress,2026-08-23,99,Tersertifikasi,High (Butuh Eskalasi),220000000,2,2,2,0,High (Butuh Eskalasi)
GCN-0204,Gacoan,https://www.google.com/maps/place/Gacoan/data=!4m7!3m6!1s0x2e421f0040760dcd:0xdbd4779871572f0b!8m2!3d-6.1598235!4d106.1781361!16s%2Fg%2F11m5gqqc4q!19sChIJzQ12QAAfQi4RCy9XcZh31Ns?authuser=0&hl=id&rclk=1,"Sudirman, Jl. Jenderal, Cilaku, Kec. Curug, Kota Serang, Banten",Kota Serang,Banten,4.6,8,Restoran Mie,Buka 24 jam,Tidak Ada,Tidak Ada,Buka,Bermasalah,2026-04-05,0,Tersertifikasi,High (Butuh Eskalasi),600000000,2,1,2,0,High (Butuh Eskalasi)
GCN-0205,Mie Gacoan Depok - Margo,https://www.google.com/maps/place/Mie+Gacoan+Depok+-+Margo/data=!4m7!3m6!1s0x2e69ebf9fd598a9d:0xe577d3ca1dbc2693!8m2!3d-6.3969476!4d106.8214876!16s%2Fg%2F11rr02gm8t!19sChIJnYpZ_fnraS4Rkya8HcrTd-U?authuser=0&hl=id&rclk=1,"Jl. Margonda Raya No.23, Depok, Kec. Pancoran Mas, Kota Depok, Jawa Barat 16431",Kota Depok,Jawa Barat,4.7,9,Restoran Mie,Buka 24 jam,Tidak Ada,Tidak Ada,Buka,Approved,2027-09-09,481,Tersertifikasi,Low,360000000,0,0,2,0,Low
GCN-0206,Mie Gacoan Jakarta - Gunung Sahari,https://www.google.com/maps/place/Mie+Gacoan+Jakarta+-+Gunung+Sahari/data=!4m7!3m6!1s0x2e6a1f000807985f:0x1301aec542e0b26d!8m2!3d-6.1315369!4d106.8312787!16s%2Fg%2F11w21d7mgk!19sChIJX5gHCAAfai4RbbLgQsWuARM?authuser=0&hl=id&rclk=1,"Jl. Gn. Sahari No.1, Pademangan Bar., Kec. Pademangan, Jkt Utara, Daerah Khusus Ibukota Jakarta 14420",Kota Jakarta Utara,Dki Jakarta,4.7,2,Restoran Mie,Buka 24 jam,Tidak Ada,Tidak Ada,Buka,Approved,2027-05-06,355,Tersertifikasi,Low,790000000,0,0,2,0,Low
GCN-0207,Mie Gacoan Jakarta - Pahlawan Revolusi,https://www.google.com/maps/place/Mie+Gacoan+Jakarta+-+Pahlawan+Revolusi/data=!4m7!3m6!1s0x2e69f3654efb986f:0x77d9829dae343d88!8m2!3d-6.2368616!4d106.8987842!16s%2Fg%2F11vkz4q7hg!19sChIJb5j7TmXzaS4RiD00rp2C2Xc?authuser=0&hl=id&rclk=1,"Jl. Pahlawan Revolusi No.6, Rt.5/Rw.5, Pd. Bambu, Kec. Duren Sawit, Kota Jakarta Timur, Daerah Khusus Ibukota Jakarta 13430",Kota Jakarta Timur,Dki Jakarta,4.7,2,Restoran Mie,Buka 24 jam,Tidak Ada,Tidak Ada,Buka,In Progress,2027-10-20,522,Tersertifikasi,Low,340000000,0,2,2,0,Low
GCN-0208,Mie Gacoan Depok - Bojongsari,https://www.google.com/maps/place/Mie+Gacoan+Depok+-+Bojongsari/data=!4m7!3m6!1s0x2e69e9684249c913:0xae243bce3342fee5!8m2!3d-6.400649!4d106.7421884!16s%2Fg%2F11v08rg4qj!19sChIJE8lJQmjpaS4R5f5CM847JK4?authuser=0&hl=id&rclk=1,"Jl. Raya Bojongsari No.43, Bojongsari Lama, Kec. Bojongsari, Kota Depok, Jawa Barat 16516",Kota Depok,Jawa Barat,4.8,1,Restoran Mie,08.00 hingga 23.00,Tidak Ada,Tidak Ada,Buka,Approved,2026-12-24,222,Tersertifikasi,Low,680000000,0,0,2,0,Low
GCN-0209,Mie Gacoan Jakarta - Mangga Besar,https://www.google.com/maps/place/Mie+Gacoan+Jakarta+-+Mangga+Besar/data=!4m7!3m6!1s0x2e69f500464d88b7:0x29107442fe6aaca!8m2!3d-6.148475!4d106.8282967!16s%2Fg%2F11y2npvp1c!19sChIJt4hNRgD1aS4RyqrmL0QHkQI?authuser=0&hl=id&rclk=1,"Jl. Raya Mangga Besar No.104, Rt.1/Rw.1, Karang Anyar, Kecamatan Sawah Besar, Kota Jakarta Pusat, Daerah Khusus Ibukota Jakarta 10740",Kota Jakarta Pusat,Dki Jakarta,4.6,2,Restoran Mie,Buka 24 jam,Tidak Ada,instagram.com,Buka,Approved,2027-01-10,239,Tersertifikasi,Low,430000000,0,0,2,0,Low
GCN-0210,Mie Gacoan Jakarta - Bina Marga,https://www.google.com/maps/place/Mie+Gacoan+Jakarta+-+Bina+Marga/data=!4m7!3m6!1s0x2e69ed00245326c9:0x21a126088ef6c654!8m2!3d-6.3300099!4d106.8883258!16s%2Fg%2F11y2p79mn0!19sChIJySZTJADtaS4RVMb2jggmoSE?authuser=0&hl=id&rclk=1,"Jl. Bina Marga, Rt.6/Rw.2, Cipayung, Kec. Cipayung, Kota Jakarta Timur, Daerah Khusus Ibukota Jakarta 13840",Kota Jakarta Timur,Dki Jakarta,4.8,2,Restoran Mie,Buka 24 jam,Tidak Ada,desty.page,Buka,Approved,2026-03-17,0,Tersertifikasi,Low,420000000,0,0,2,0,Low
GCN-0211,Gacoan Jalan Panjang,https://www.google.com/maps/place/gacoan+jalan+panjang/data=!4m7!3m6!1s0x2e69f7005a6a3469:0x544b82b8e49a9099!8m2!3d-6.1874606!4d106.7682974!16s%2Fg%2F11xs9ytx2d!19sChIJaTRqWgD3aS4RmZCa5LiCS1Q?authuser=0&hl=id&rclk=1,"Gacoan, Jl. Panjang, Kedoya Sel., Kec. Kb. Jeruk, Kota Jakarta Barat, Daerah Khusus Ibukota Jakarta",Kota Jakarta Barat,Dki Jakarta,4.6,2,Restoran Mie,10.00 hingga 22.00,Tidak Ada,Tidak Ada,Buka,Approved,2028-09-18,856,Tersertifikasi,Low,340000000,0,0,2,0,Low
GCN-0212,Mie Gacoan,https://www.google.com/maps/place/Mie+gacoan/data=!4m7!3m6!1s0x2e69f5002f5ccd39:0x1011a3c0975e0a08!8m2!3d-6.1368327!4d106.8343849!16s%2Fg%2F11ys9qrvkt!19sChIJOc1cLwD1aS4RCApel8CjERA?authuser=0&hl=id&rclk=1,"Vr7M+7Q6, Jl. Re Martadinata, Rt.2/Rw.6, Karangasem, Kec. Pademangan, Jkt Utara, Daerah Khusus Ibukota Jakarta 14420",Kota Jakarta Utara,Dki Jakarta,4.7,2,Restoran Mie,Buka 24 jam,Tidak Ada,Tidak Ada,Buka,Approved,2026-10-01,138,Tersertifikasi,Low,530000000,0,0,2,0,Low
GCN-0213,Mimume Ciledug Tangerang,https://www.google.com/maps/place/Mimume+Ciledug+Tangerang/data=!4m7!3m6!1s0x2e69fb2ddb12739b:0xae299d355643b752!8m2!3d-6.2507627!4d106.7027197!16s%2Fg%2F11rkj85vk2!19sChIJm3MS2y37aS4RUrdDVjWdKa4?authuser=0&hl=id&rclk=1,"Jl. Raden Patah, Rt.004/Rw.001, Parung Serab, Kec. Ciledug, Kota Tangerang, Banten 15153",Kota Tangerang,Banten,4.6,8,Restoran Mie,12.00 hingga 21.00,0821-1990-0098,Tidak Ada,Buka,Approved,2026-05-25,9,Tersertifikasi,Low,500000000,0,0,2,0,Low
GCN-0214,Gacoan Donjuan,https://www.google.com/maps/place/Gacoan+Donjuan/data=!4m7!3m6!1s0x2e42210022398a77:0xb6fcbb3522192aaa!8m2!3d-6.1600801!4d106.147464!16s%2Fg%2F11y3z491y4!19sChIJd4o5IgAhQi4RqioZIjW7_LY?authuser=0&hl=id&rclk=1,"Perumahan Griya Tembong Asri Blok B.22, Tembong, Cipocok Jaya, Serang City, Banten 42126",Kota Serang,Banten,4.7,8,Restoran Mie,04.00 hingga 00.00,0878-8875-7518,instagram.com,Buka,Approved,2026-04-13,0,Tersertifikasi,Low,760000000,0,0,2,0,Low
GCN-0215,Mie Gacoan Jakarta - Jgc Cakung,https://www.google.com/maps/place/Mie+Gacoan+Jakarta+-+JGC+Cakung/data=!4m7!3m6!1s0x2e698b35d94e64b7:0x4c45d79e653c8540!8m2!3d-6.1759683!4d106.9558116!16s%2Fg%2F11kc1w4_70!19sChIJt2RO2TWLaS4RQIU8ZZ7XRUw?authuser=0&hl=id&rclk=1,"Jl. Jkt Garden City Boulevard, Rt.7/Rw.9, Cakung Tim., Kec. Cakung, Kota Jakarta Timur, Daerah Khusus Ibukota Jakarta 13910",Kota Jakarta Timur,Dki Jakarta,4.7,2,Restoran Mie,Buka 24 jam,0878-7669-8178,Tidak Ada,Buka,In Progress,2028-02-07,632,Menunggu Audit,Low,400000000,0,2,0,0,Low
GCN-0216,Bakmi Akang 88,https://www.google.com/maps/place/Bakmi+Akang+88/data=!4m7!3m6!1s0x2e69fb7d16b2da49:0x666279b444eb040f!8m2!3d-6.2531479!4d106.5816873!16s%2Fg%2F11rc8f41cg!19sChIJSdqyFn37aS4RDwTrRLR5YmY?authuser=0&hl=id&rclk=1,"Jl. Nusa Indah 2 No.1 Blok K7, Rt.05/Rw.16, Binong, Kec. Curug, Kabupaten Tangerang, Banten 15810",Kabupaten Tangerang,Banten,4.9,8,Restoran Mie,Buka 24 jam,0838-6623-6575,Tidak Ada,Buka,Approved,2027-07-20,430,Tersertifikasi,Low,460000000,0,0,2,0,Low
GCN-0217,Mie Setan,https://www.google.com/maps/place/MIE+SETAN/data=!4m7!3m6!1s0x2e41f52159d00193:0x314701c3e4d66559!8m2!3d-6.1200009!4d106.1763788!16s%2Fg%2F11gfkw4fw6!19sChIJkwHQWSH1QS4RWWXW5MMBRzE?authuser=0&hl=id&rclk=1,"V5Hg+Xhr, Sumurpecung, Kec. Serang, Kota Serang, Banten 42118",Kota Serang,Banten,4.5,8,Restoran Mie,Buka 24 jam,0896-4382-9477,Tidak Ada,Buka,Approved,2026-06-07,22,Tersertifikasi,Medium,720000000,1,0,2,0,Medium
GCN-0218,"Produksi Pabrik Supplier Penggilingan Mie Ramen, Mie Ayam, Udon, Bakmi Gm, Kulit Dinsum, Gyoza, Mie Gacoan Halal","https://www.google.com/maps/place/Produksi+Pabrik+supplier+penggilingan+Mie+Ramen,+Mie+Ayam,+Udon,+Bakmi+GM,+kulit+dinsum,+gyoza,+mie+Gacoan+Halal/data=!4m7!3m6!1s0x2e69fdcd7524dd6f:0xf92816d7f43abb59!8m2!3d-6.2286344!4d106.5835769!16s%2Fg%2F11gnp9r57q!19sChIJb90kdc39aS4RWbs69NcWKPk?authuser=0&hl=id&rclk=1","Kp Peusar No:96 Rt Rw 03/01, Jl. Raya Binong, Binong, Kec. Curug, Kabupaten Tangerang, Banten 15810",Kabupaten Tangerang,Banten,4.8,8,Restoran Mie,Buka 24 jam,0852-1001-9154,jual-mieramen-basah.blogspot.com,Buka,Approved,2026-04-23,0,Tersertifikasi,Low,750000000,0,0,2,0,Low
GCN-0219,Mie Ayam Trending - Cipondoh,https://www.google.com/maps/place/Mie+Ayam+Trending+-+Cipondoh/data=!4m7!3m6!1s0x2e69fb3d66fa1807:0xee1356381de54191!8m2!3d-6.205523!4d106.6736262!16s%2Fg%2F11rd3nnzq2!19sChIJBxj6Zj37aS4RkUHlHThWE-4?authuser=0&hl=id&rclk=1,"Jl. H. Jali No.1A, Rt.004/Rw.003, Kunciran Jaya, Kec. Pinang, Kota Tangerang, Banten 15144",Kota Tangerang,Banten,4.4,8,Restoran Mie,Buka 24 jam,Tidak Ada,Tidak Ada,Tutup Sementara,Approved,2027-03-17,305,Proses Perpanjangan,Low,380000000,0,0,1,0,Low
GCN-0220,Kedai Mie Ayam & Gacoan,https://www.google.com/maps/place/Kedai+mie+ayam+%26+Gacoan/data=!4m7!3m6!1s0x2e69ff0070161ee7:0xa86c9398cd940db9!8m2!3d-6.1802028!4d106.5693646!16s%2Fg%2F11y53x9jbm!19sChIJ5x4WcAD_aS4RuQ2UzZiTbKg?authuser=0&hl=id&rclk=1,"Jl. Prabu Siliwangi No.132, Gembor, Kec. Periuk, Kota Tangerang, Banten 15135",Kota Tangerang,Banten,4.6,8,Restoran Mie,Buka 24 jam,Tidak Ada,Tidak Ada,Buka,Approved,2027-02-09,269,Tersertifikasi,Medium,340000000,1,0,2,0,Medium
GCN-0221,Teh Solo Gacoan Grogol,https://www.google.com/maps/place/Teh+solo+gacoan+grogol/data=!4m7!3m6!1s0x2e69f70022c63ccd:0x17acb9547442597e!8m2!3d-6.1640557!4d106.777147!16s%2Fg%2F11vqmc8pw6!19sChIJzTzGIgD3aS4RfllCdFS5rBc?authuser=0&hl=id&rclk=1,"Rqpg+9Vc, Jl. Daan Mogot, Wijaya Kusuma, Kec. Grogol Petamburan, Kota Jakarta Barat, Daerah Khusus Ibukota Jakarta 11470",Kota Jakarta Barat,Dki Jakarta,3.9,2,Restoran Mie,Buka 24 jam,Tidak Ada,Tidak Ada,Buka,Approved,2027-03-11,299,Tersertifikasi,Low,460000000,0,0,2,0,Low
GCN-0222,Mie Gacoan Jakarta - Plumpang Semper,https://www.google.com/maps/place/Mie+Gacoan+Jakarta+-+Plumpang+Semper/data=!4m7!3m6!1s0x2e6a1f0053c56243:0xd2a31f42ec42859e!8m2!3d-6.1310572!4d106.9126297!16s%2Fg%2F11yytpvgbc!19sChIJQ2LFUwAfai4RnoVC7EIfo9I?authuser=0&hl=id&rclk=1,"Jl. Plumpang Semper No.32, Rt.14/Rw.3, Tugu Utara, Kec. Koja, Jkt Utara, Daerah Khusus Ibukota Jakarta 14260",Kota Jakarta Utara,Dki Jakarta,3.9,2,Restoran Mie,08.00 hingga 23.00,Tidak Ada,Tidak Ada,Buka,Approved,2027-12-17,580,Tersertifikasi,Medium,360000000,1,0,2,0,Medium
GCN-0223,Gacoan Asolole,https://www.google.com/maps/place/GACOAN+ASOLOLE/data=!4m7!3m6!1s0x2e69f9003b381c25:0xf14b093a725da856!8m2!3d-6.1873284!4d106.7154545!16s%2Fg%2F11x8qf6qbq!19sChIJJRw4OwD5aS4RVqhdcjoJS_E?authuser=0&hl=id&rclk=1,"Rphc+4Gq, Rt.001/Rw.1, Duri Kosambi, Kecamatan Cengkareng, Kota Jakarta Barat, Daerah Khusus Ibukota Jakarta 11750",Kota Jakarta Barat,Dki Jakarta,2.5,2,Restoran Mie,Buka 24 jam,Tidak Ada,Tidak Ada,Buka,Approved,2026-09-17,124,Tersertifikasi,Medium,300000000,1,0,2,0,Medium
GCN-0224,Mie Gacoran X Okeben,https://www.google.com/maps/place/Mie+Gacoran+X+OkeBen/data=!4m7!3m6!1s0x2e69f77233cec0fd:0x9961faca00d8e17a!8m2!3d-6.1796438!4d106.8056605!16s%2Fg%2F11s8k9645z!19sChIJ_cDOM3L3aS4ReuHYAMr6YZk?authuser=0&hl=id&rclk=1,"Jl. Semangka I No.1, Rt.5/Rw.12, Jatipulo, Kec. Palmerah, Kota Jakarta Barat, Daerah Khusus Ibukota Jakarta 11420",Kota Jakarta Barat,Dki Jakarta,2.9,2,Restoran Mie,Buka 24 jam,Tidak Ada,Tidak Ada,Buka,Approved,2026-05-04,0,Tersertifikasi,Low,770000000,0,0,2,0,Low
GCN-0225,Soto Mi Gacoan,https://www.google.com/maps/place/Soto+Mi+Gacoan/data=!4m7!3m6!1s0x2e69f100389d8a63:0x1bdb9c18770fd82b!8m2!3d-6.2191728!4d106.7718062!16s%2Fg%2F11y4zxvnc6!19sChIJY4qdOADxaS4RK9gPdxic2xs?authuser=0&hl=id&rclk=1,"Qqjc+8Pm, Jl. Panjang Kp. Baru, Rt.8/Rw.4, Sukabumi Sel., Kec. Kb. Jeruk, Kota Jakarta Barat, Daerah Khusus Ibukota Jakarta 11560",Kota Jakarta Barat,Dki Jakarta,5.0,2,Restoran Mie,18.00 hingga 22.00,Tidak Ada,Tidak Ada,Buka,Approved,2026-06-20,35,Tersertifikasi,Low,270000000,0,0,2,0,Low
GCN-0226,Mie Gacoan Bekasi - Bintara,https://www.google.com/maps/place/Mie+Gacoan+Bekasi+-+Bintara/data=!4m7!3m6!1s0x2e698d4b32bce669:0xc25d8565d7298cb6!8m2!3d-6.2327646!4d106.9655219!16s%2Fg%2F11jz6kwh2m!19sChIJaea8MkuNaS4Rtowp12WFXcI?authuser=0&hl=id&rclk=1,"Jl. Bintara, Bintara Jaya, Kec. Bekasi Bar., Kota Bks, Jawa Barat 17136",Kota Bks,Jawa Barat,4.7,8,Restoran Mie,Buka 24 jam,Tidak Ada,Tidak Ada,Buka,Approved,2028-08-30,837,Tersertifikasi,Low,670000000,0,0,2,0,Low
GCN-0227,Mie Ocan,https://www.google.com/maps/place/Mie+ocan/data=!4m7!3m6!1s0x2e69f96c83559add:0xa1b14ec734c7f9c5!8m2!3d-6.1765326!4d106.7184554!16s%2Fg%2F11rhs4ndh5!19sChIJ3ZpVg2z5aS4RxfnHNMdOsaE?authuser=0&hl=id&rclk=1,"Depan Dapur Jindan, Jl. H. Muchtar No.10, Rt.4/Rw.3, Duri Kosambi, Kecamatan Cengkareng, Kota Jakarta Barat, Daerah Khusus Ibukota Jakarta 11750",Kota Jakarta Barat,Dki Jakarta,3.0,2,Restoran Mie,09.00 hingga 22.00,Tidak Ada,Tidak Ada,Buka,Approved,2026-09-03,110,Tersertifikasi,Low,160000000,0,0,2,0,Low
GCN-0228,Mie Ngacoan Jebul&Syabo,https://www.google.com/maps/place/MIE+NGACOAN+JEBUL%26SYABO/data=!4m7!3m6!1s0x2e69f5ab4b1d3655:0x91010cad0e860f80!8m2!3d-6.1521587!4d106.8210487!16s%2Fg%2F11l1vcly01!19sChIJVTYdS6v1aS4RgA-GDq0MAZE?authuser=0&hl=id&rclk=1,"Jl. Mangga Besar Ii No.18, Rt.8/Rw.2, Taman Sari, Kec. Taman Sari, Kota Jakarta Barat, Daerah Khusus Ibukota Jakarta 11160",Kota Jakarta Barat,Dki Jakarta,5.0,2,Restoran Mie,16.00 hingga 00.00,0857-7923-2892,Tidak Ada,Buka,Approved,2028-05-30,745,Tersertifikasi,Low,770000000,0,0,2,0,Low
GCN-0229,Mie Gacoan Jakarta - Pulo Gebang,https://www.google.com/maps/place/Mie+Gacoan+Jakarta+-+Pulo+Gebang/data=!4m7!3m6!1s0x2e698b002a692cf9:0xa8257f6b54ba8c1e!8m2!3d-6.2016504!4d106.9557891!16s%2Fg%2F11y9qfzzwn!19sChIJ-SxpKgCLaS4RHoy6VGt_Jag?authuser=0&hl=id&rclk=1,"Jl. Raya Pulo Gebang No.49 11, Rt.1/Rw.4, Pulo Gebang, Kec. Cakung, Kota Jakarta Timur, Daerah Khusus Ibukota Jakarta 23950",Kota Jakarta Timur,Dki Jakarta,4.8,2,Restoran Mie,Buka 24 jam,Tidak Ada,Tidak Ada,Buka,Approved,2028-05-25,740,Tersertifikasi,Low,720000000,0,0,2,0,Low
GCN-0230,Mie Gacoan Bekasi - Juanda,https://www.google.com/maps/place/Mie+Gacoan+Bekasi+-+Juanda/data=!4m7!3m6!1s0x2e698d948591a2dd:0x90784460c09749e8!8m2!3d-6.2429946!4d107.0058019!16s%2Fg%2F11q3zfv_d2!19sChIJ3aKRhZSNaS4R6EmXwGBEeJA?authuser=0&hl=id&rclk=1,"Jl. Insinyur H. Juanda No.99, Bekasi Jaya, Kec. Bekasi Tim., Kota Bks, Jawa Barat 17113",Kota Bks,Jawa Barat,4.6,8,Restoran Mie,Buka 24 jam,Tidak Ada,Tidak Ada,Buka,Approved,2026-07-18,63,Tersertifikasi,High (Butuh Eskalasi),510000000,2,0,2,0,High (Butuh Eskalasi)
GCN-0231,Sambal Bakar Gacoan Baba Food,https://www.google.com/maps/place/Sambal+Bakar+Gacoan+Baba+Food/data=!4m7!3m6!1s0x2e69f7c373485fd9:0xc636da82909c42aa!8m2!3d-6.1898997!4d106.8010517!16s%2Fg%2F11wvttwt3_!19sChIJ2V9Ic8P3aS4RqkKckILaNsY?authuser=0&hl=id&rclk=1,"Slipi, Kec. Palmerah, Kota Jakarta Barat, Daerah Khusus Ibukota Jakarta",Kota Jakarta Barat,Dki Jakarta,4.7,2,Restoran Mie,11.00 hingga 23.00,0813-8096-1551,Tidak Ada,Buka,Approved,2027-06-29,409,Proses Perpanjangan,Low,480000000,0,0,1,0,Low
GCN-0232,Mie Jelambar Utama,https://www.google.com/maps/place/Mie+Jelambar+Utama/data=!4m7!3m6!1s0x2e69f63af62b8ff3:0x7022dfbea9e53eef!8m2!3d-6.1497437!4d106.7843092!16s%2Fg%2F1pzs0pdrg!19sChIJ848r9jr2aS4R7z7lqb7fInA?authuser=0&hl=id&rclk=1,"Jl. Jelambar Utama X No.47 4, Rt.4/Rw.5, Jelambar Baru, Kec. Grogol Petamburan, Kota Jakarta Barat, Daerah Khusus Ibukota Jakarta 11460",Kota Jakarta Barat,Dki Jakarta,4.0,2,Restoran Mie,10.00 hingga 21.00,Tidak Ada,Tidak Ada,Buka,Approved,2027-09-16,488,Tersertifikasi,Low,670000000,0,0,2,0,Low
GCN-0233,Kedai Pangsit Meruya,https://www.google.com/maps/place/Kedai+Pangsit+meruya/data=!4m7!3m6!1s0x2e69f9246b42113b:0xc569902fe24836c4!8m2!3d-6.2047803!4d106.7287291!16s%2Fg%2F11hm8262z7!19sChIJOxFCayT5aS4RxDZI4i-QacU?authuser=0&hl=id&rclk=1,"Umkm Alfamidi Gerbang Villa, Jl. Taman Palem Raya No.6, Rt.4/Rw.10, Meruya Sel., Kec. Kembangan, Kota Jakarta Barat, Daerah Khusus Ibukota Jakarta 11650",Kota Jakarta Barat,Dki Jakarta,4.7,2,Restoran Mie,12.00 hingga 22.00,0878-8520-5457,Tidak Ada,Buka,Approved,2027-07-28,438,Tersertifikasi,Low,340000000,0,0,2,0,Low
GCN-0234,Mie Mangga Besar,https://www.google.com/maps/place/MIE+MANGGA+BESAR/data=!4m7!3m6!1s0x2e69f52e678649bf:0xdae076b352fa715b!8m2!3d-6.153212!4d106.8215019!16s%2Fg%2F11sy3fsrj2!19sChIJv0mGZy71aS4RW3H6UrN24No?authuser=0&hl=id&rclk=1,"Jl. Mangga Besar 4 M Kel No.1A, Rt.01/Rw.3, Taman Sari, Kec. Taman Sari, Kota Jakarta Barat, Daerah Khusus Ibukota Jakarta 11150",Kota Jakarta Barat,Dki Jakarta,4.4,2,Restoran Mie,Buka 24 jam,0815-5515-195,Tidak Ada,Tutup Sementara,Approved,2027-09-11,483,Tersertifikasi,Low,180000000,0,0,2,0,Low
GCN-0235,Mie Gacoan Bekasi - Raya Narogong,https://www.google.com/maps/place/Mie+Gacoan+Bekasi+-+Raya+Narogong/data=!4m7!3m6!1s0x2e69930075bbb8af:0xd4c4bed40e3fa496!8m2!3d-6.3234947!4d106.9844069!16s%2Fg%2F11ygxfzm9g!19sChIJr7i7dQCTaS4RlqQ_DtS-xNQ?authuser=0&hl=id&rclk=1,"Jl. Raya Narogong, Rt.001/Rw.008, Bantargebang, Kec. Bantar Gebang, Kota Bks, Jawa Barat",Kota Bks,Jawa Barat,4.9,8,Restoran Mie,08.00 hingga 23.00,Tidak Ada,Tidak Ada,Buka,Approved,2027-03-10,298,Tersertifikasi,Medium,660000000,1,0,2,0,Medium
GCN-0236,Mie Gacoan Bekasi Mustika Jaya,https://www.google.com/maps/place/Mie+Gacoan+Bekasi+Mustika+Jaya/data=!4m7!3m6!1s0x2e69919977a4c487:0x55aacceacf8d4c93!8m2!3d-6.320665!4d107.0189578!16s%2Fg%2F11tnxfqrkx!19sChIJh8Skd5mRaS4Rk0yNz-rMqlU?authuser=0&hl=id&rclk=1,"Jl. Raya Bantar Gebang - Setu No.56, Rt.002/Rw.005, Mustikajaya, Kec. Mustika Jaya, Kota Bks, Jawa Barat 17158",Kota Bks,Jawa Barat,4.7,8,Restoran Mie,Buka 24 jam,0817-7063-5223,Tidak Ada,Buka,Approved,2026-11-14,182,Proses Perpanjangan,Low,580000000,0,0,1,0,Low
GCN-0237,Mie Gacoan Jatiasih,https://www.google.com/maps/place/Mie+Gacoan+Jatiasih/data=!4m7!3m6!1s0x2e6993f9f09cf883:0x3aa3ad4cd841a3f4!8m2!3d-6.3076846!4d106.9551722!16s%2Fg%2F11sw2g32dx!19sChIJg_ic8PmTaS4R9KNB2Eytozo?authuser=0&hl=id&rclk=1,"Jl. Wibawa Mukti Ii, Rt.003/Rw.008, Jatiasih, Kec. Jatiasih, Kota Bks, Jawa Barat 17423",Kota Bks,Jawa Barat,4.8,8,Restoran Mie,Buka 24 jam,Tidak Ada,Tidak Ada,Buka,Approved,2028-11-11,910,Tersertifikasi,Low,680000000,0,0,2,0,Low
GCN-0238,Mie Gacoan Bekasi - Golden City,https://www.google.com/maps/place/Mie+Gacoan+Bekasi+-+Golden+City/data=!4m7!3m6!1s0x2e69898d43ccd6dd:0xaf2bb7b4aacd5207!8m2!3d-6.208418!4d107.0223284!16s%2Fg%2F11tnk7f0k_!19sChIJ3dbMQ42JaS4RB1LNqrS3K68?authuser=0&hl=id&rclk=1,"Perum Golden City, Blok B No.2, Rt.008/Rw.037, Tlk. Pucung, Kec. Bekasi Utara, Kota Bks, Jawa Barat 17121",Kota Bks,Jawa Barat,4.7,8,Restoran Mie,09.00 hingga 23.00,Tidak Ada,instagram.com,Buka,Approved,2027-01-17,246,Proses Perpanjangan,Low,190000000,0,0,1,0,Low
GCN-0239,Mie Gacorin - Ceger,https://www.google.com/maps/place/Mie+Gacorin+-+Ceger/data=!4m7!3m6!1s0x2e69ed0061dcc40b:0x8412f3f03443ea61!8m2!3d-6.313507!4d106.8939196!16s%2Fg%2F11vwcg_2gy!19sChIJC8TcYQDtaS4RYepDNPDzEoQ?authuser=0&hl=id&rclk=1,"Mvpv+Hhv, Jl. Gempol Raya, Ceger, Kec. Cipayung, Kota Jakarta Timur, Daerah Khusus Ibukota Jakarta 13820",Kota Jakarta Timur,Dki Jakarta,3.7,2,Restoran Mie,08.00 hingga 21.00,Tidak Ada,Tidak Ada,Buka,Approved,2027-11-17,550,Tersertifikasi,Low,760000000,0,0,2,0,Low
GCN-0240,Haus! Tebet,https://www.google.com/maps/place/HAUS!+Tebet/data=!4m7!3m6!1s0x2e69f3b88068bf73:0x9eb372df7cb52884!8m2!3d-6.2284532!4d106.8555637!16s%2Fg%2F11fnszg8kp!19sChIJc79ogLjzaS4RhCi1fN9ys54?authuser=0&hl=id&rclk=1,"Jl. Tebet Raya No.96 9, Rt.14/Rw.1, Tebet Tim., Kec. Tebet, Kota Jakarta Selatan, Daerah Khusus Ibukota Jakarta 12820",Kota Jakarta Selatan,Dki Jakarta,4.7,2,Restoran Mie,Buka 24 jam,Tidak Ada,Tidak Ada,Buka,Approved,2027-01-31,260,Tersertifikasi,High (Butuh Eskalasi),310000000,2,0,2,0,High (Butuh Eskalasi)
GCN-0241,Kober Mie Jakarta Tebet,https://www.google.com/maps/place/Kober+Mie+Jakarta+Tebet/data=!4m7!3m6!1s0x2e69f3bce4e50ea9:0xafca05fb41f02005!8m2!3d-6.2415514!4d106.8538555!16s%2Fg%2F11wpg_s3kw!19sChIJqQ7l5LzzaS4RBSDwQfsFyq8?authuser=0&hl=id&rclk=1,"Jl. Tebet Timur Raya No.56, Tebet Tim., Kec. Tebet, Kota Jakarta Selatan, Daerah Khusus Ibukota Jakarta 12820",Kota Jakarta Selatan,Dki Jakarta,4.8,2,Restoran Mie,14.00 hingga 23.00,Tidak Ada,Tidak Ada,Buka,Approved,2027-12-05,568,Tersertifikasi,Medium,770000000,1,0,2,0,Medium
GCN-0242,"Mie Gobyoss, Capcin & Ngemil Kuy","https://www.google.com/maps/place/Mie+GobyosS,+Capcin+%26+Ngemil+Kuy/data=!4m7!3m6!1s0x2e69f544bb76897d:0x2724736244a23e35!8m2!3d-6.1833824!4d106.8988748!16s%2Fg%2F11s69s9hnr!19sChIJfYl2u0T1aS4RNT6iRGJzJCc?authuser=0&hl=id&rclk=1","Jl. Kayu Mas Raya No.24, Rt.5/Rw.9, Pulo Gadung, Kec. Pulo Gadung, Kota Jakarta Timur, Daerah Khusus Ibukota Jakarta 13260",Kota Jakarta Timur,Dki Jakarta,3.0,2,Restoran Mie,13.00 hingga 22.00,0821-1111-2598,gofood.link,Buka,In Progress,2027-07-31,441,Tersertifikasi,Low,590000000,0,2,2,0,Low
GCN-0243,Mie Cabe Gerus Pulomas,https://www.google.com/maps/place/Mie+Cabe+Gerus+Pulomas/data=!4m7!3m6!1s0x2e69f51dfc0211b3:0x13598b1e5a18e009!8m2!3d-6.1742766!4d106.882484!16s%2Fg%2F11crzkg48r!19sChIJsxEC_B31aS4RCeAYWh6LWRM?authuser=0&hl=id&rclk=1,"Jl. Pulo Mas Barat V No.45 12, Rt.10/Rw.13, Kayu Putih, Kec. Pulo Gadung, Kota Jakarta Timur, Daerah Khusus Ibukota Jakarta 13210",Kota Jakarta Timur,Dki Jakarta,4.4,2,Restoran Mie,05.30 hingga 20.30,0813-9377-9850,Tidak Ada,Buka,Approved,2027-08-11,452,Tersertifikasi,Medium,480000000,1,0,2,0,Medium
GCN-0244,Mie Ghacor Pasar Rebo,https://www.google.com/maps/place/Mie+Ghacor+Pasar+Rebo/data=!4m7!3m6!1s0x2e69ed1065c7c965:0xc1bb76b430989fda!8m2!3d-6.3006999!4d106.8651897!16s%2Fg%2F11y814nyng!19sChIJZcnHZRDtaS4R2p-YMLR2u8E?authuser=0&hl=id&rclk=1,"Jl. H. Taiman No.371, Rt.4/Rw.9, Gedong, Kec. Ps. Rebo, Kota Jakarta Timur, Daerah Khusus Ibukota Jakarta 13760",Kota Jakarta Timur,Dki Jakarta,4.6,2,Restoran Mie,14.00 hingga 21.00,0812-9045-0808,Tidak Ada,Buka,Approved,2026-10-12,149,Tersertifikasi,Low,500000000,0,0,2,0,Low
GCN-0245,Wizzmie Ampera,https://www.google.com/maps/place/Wizzmie+Ampera/data=!4m7!3m6!1s0x2e69f3fab3ea596b:0x4872301c5170b40e!8m2!3d-6.2752214!4d106.8205624!16s%2Fg%2F11lnmtr33h!19sChIJa1nqs_rzaS4RDrRwURwwckg?authuser=0&hl=id&rclk=1,"Jl. Ampera Raya No.7, Cilandak Tim., Ps. Minggu, Kota Jakarta Selatan, Daerah Khusus Ibukota Jakarta 12560",Kota Jakarta Selatan,Dki Jakarta,4.8,2,Restoran Mie,12.00 hingga 23.00,0811-3874-9155,Tidak Ada,Buka,Approved,2028-02-12,637,Proses Perpanjangan,Low,710000000,0,0,1,0,Low
GCN-0246,Warung Endang Econ,https://www.google.com/maps/place/Warung+Endang+Econ/data=!4m7!3m6!1s0x2e698cb4bb15dd67:0x9385ad779f7afcdd!8m2!3d-6.2309538!4d106.9132303!16s%2Fg%2F11c2nst6vm!19sChIJZ90Vu7SMaS4R3fx6n3ethZM?authuser=0&hl=id&rclk=1,"Jl. Duren Sawit Baru Blok B2, Rt.11/Rw.11, Duren Sawit, Durensawit, East Jakarta City, Jakarta 13440",Kota East Jakarta,Dki Jakarta,4.4,2,Restoran Mie,06.00 hingga 23.00,0857-7991-0549,Tidak Ada,Buka,Approved,2027-04-07,326,Tersertifikasi,Medium,670000000,1,0,2,0,Medium
GCN-0247,"Demie Bakmie 69, Tebet","https://www.google.com/maps/place/DEMIE+Bakmie+69,+Tebet/data=!4m7!3m6!1s0x2e69f35d0c92e711:0xf5c94fb658893d0f!8m2!3d-6.2249139!4d106.8530155!16s%2Fg%2F11s1qxt28r!19sChIJEeeSDF3zaS4RDz2JWLZPyfU?authuser=0&hl=id&rclk=1","Jl. Kh Abdullah Syafei No.2A, Rt.8/Rw.5, Tebet Tim., Kec. Tebet, Kota Jakarta Selatan, Daerah Khusus Ibukota Jakarta 12840",Kota Jakarta Selatan,Dki Jakarta,4.8,2,Restoran Mie,Buka 24 jam,0811-1833-643,Tidak Ada,Buka,In Progress,2026-04-22,0,Tersertifikasi,Medium,300000000,1,2,2,0,Medium
GCN-0248,Kataramen Tebet,https://www.google.com/maps/place/Kataramen+Tebet/data=!4m7!3m6!1s0x2e69f3db766c1c49:0x3782ad7395ad402e!8m2!3d-6.2290308!4d106.8561856!16s%2Fg%2F11t29nrlpp!19sChIJSRxsdtvzaS4RLkCtlXOtgjc?authuser=0&hl=id&rclk=1,"Jl. Tebet Timur Dalam Ii No.38A, Tebet Tim., Kec. Tebet, Kota Jakarta Selatan, Daerah Khusus Ibukota Jakarta 12820",Kota Jakarta Selatan,Dki Jakarta,4.6,2,Restoran Mie,11.00 hingga 22.00,Tidak Ada,instagram.com,Buka,Approved,2026-04-03,0,Proses Perpanjangan,Medium,420000000,1,0,1,0,Medium
GCN-0249,Rumah Makan Jaya Mie,https://www.google.com/maps/place/Rumah+Makan+Jaya+Mie/data=!4m7!3m6!1s0x2e69f375b62a2175:0xb27c3b23172ad282!8m2!3d-6.2326009!4d106.8675872!16s%2Fg%2F1ptw0rytc!19sChIJdSEqtnXzaS4RgtIqFyM7fLI?authuser=0&hl=id&rclk=1,"Jl. Otista Raya No.85 10, Rt.10/Rw.9, Bidara Cina, Kecamatan Jatinegara, Kota Jakarta Timur, Daerah Khusus Ibukota Jakarta 13330",Kota Jakarta Timur,Dki Jakarta,4.6,2,Restoran Mie,08.00 hingga 21.00,(021) 85916518,Tidak Ada,Buka,Approved,2028-09-11,849,Tersertifikasi,Low,800000000,0,0,2,0,Low
GCN-0250,Polsub Sektor Tebet Timur,https://www.google.com/maps/place/Polsub+Sektor+Tebet+Timur/data=!4m7!3m6!1s0x2e69f39b45851cf9:0xe0b78cdee3cb2c98!8m2!3d-6.2269157!4d106.858326!16s%2Fg%2F11tk1zs7nv!19sChIJ-RyFRZvzaS4RmCzL496Mt-A?authuser=0&hl=id&rclk=1,"Qvf5+68P, Jl. Tebet Raya, Rt.1/Rw.3, Tebet Tim., Kec. Tebet, Kota Jakarta Selatan, Daerah Khusus Ibukota Jakarta 12820",Kota Jakarta Selatan,Dki Jakarta,5.0,2,Restoran Mie,Buka 24 jam,Tidak Ada,Tidak Ada,Buka,Approved,2027-03-11,299,Tersertifikasi,Low,740000000,0,0,2,0,Low
GCN-0251,Mie Iblis Cijantung,https://www.google.com/maps/place/Mie+Iblis+Cijantung/data=!4m7!3m6!1s0x2e69ed9fec7c0cc9:0xc486416a01d93083!8m2!3d-6.3173497!4d106.8637084!16s%2Fg%2F11fy4fwcyp!19sChIJyQx87J_taS4RgzDZAWpBhsQ?authuser=0&hl=id&rclk=1,"5, Rt.5/Rw.6, Cijantung, Kec. Ps. Rebo, Kota Jakarta Timur, Daerah Khusus Ibukota Jakarta 13770",Kota Jakarta Timur,Dki Jakarta,4.7,2,Restoran Mie,19.00 hingga 04.00,Tidak Ada,Tidak Ada,Buka,Approved,2028-06-23,769,Tersertifikasi,Low,470000000,0,0,2,0,Low
GCN-0252,"Mie Ngacoan, Bungur","https://www.google.com/maps/place/Mie+Ngacoan,+Bungur/data=!4m7!3m6!1s0x2e69f50031f531d7:0x219605bd32b13d3a!8m2!3d-6.1723537!4d106.8446551!16s%2Fg%2F11mcjym84r!19sChIJ1zH1MQD1aS4ROj2xMr0FliE?authuser=0&hl=id&rclk=1","Jl. Bungur Besar V No.4 3, Rt.3/Rw.4, Bungur, Kec. Senen, Kota Jakarta Pusat, Daerah Khusus Ibukota Jakarta 10460",Kota Jakarta Pusat,Dki Jakarta,5.0,2,Restoran Mie,10.00 hingga 18.00,0811-1552-014,Tidak Ada,Buka,Approved,2028-02-13,638,Tersertifikasi,Low,580000000,0,0,2,0,Low
GCN-0253,Mie Gacoan Bandung Buah Batu,https://www.google.com/maps/place/Mie+Gacoan+Bandung+Buah+Batu/data=!4m7!3m6!1s0x2e68e9002e19c94d:0xc23023b11b913144!8m2!3d-6.9477171!4d107.6335602!16s%2Fg%2F11yxn4l0zp!19sChIJTckZLgDpaC4RRDGRG7EjMMI?authuser=0&hl=id&rclk=1,"Jl. Buah Batu No.144, Turangga, Kec. Lengkong, Kota Bandung, Jawa Barat 40265",Kota Bandung,Jawa Barat,4.8,8,Restoran Mie,Buka 24 jam,0877-8833-7173,Tidak Ada,Buka,Approved,2026-03-15,0,Proses Perpanjangan,Low,510000000,0,0,1,0,Low
GCN-0254,Mie Gacoan Bandung - Setiabudi,https://www.google.com/maps/place/Mie+Gacoan+Bandung+-+Setiabudi/data=!4m7!3m6!1s0x2e68e7d44f91ef2b:0xc4288bd98ca9f9de!8m2!3d-6.8660733!4d107.5935501!16s%2Fg%2F11r2jbyx_n!19sChIJK--RT9TnaC4R3vmpjNmLKMQ?authuser=0&hl=id&rclk=1,"Sadu Jl. Dr. Setiabudi No.191B, Gegerkalong, Kec. Sukasari, Kota Bandung, Jawa Barat 40154",Kota Bandung,Jawa Barat,4.5,8,Restoran Mie,Buka 24 jam,0895-6344-75557,Tidak Ada,Buka,Approved,2028-05-16,731,Tersertifikasi,Low,770000000,0,0,2,0,Low
GCN-0256,Mie Gacoan Summarecon,https://www.google.com/maps/place/Mie+Gacoan+Summarecon/data=!4m7!3m6!1s0x2e68c3f4f5033187:0x4b54e4cbc2ea0207!8m2!3d-6.9564944!4d107.6873539!16s%2Fg%2F11lnmv9d_y!19sChIJhzED9fTDaC4RBwLqwsvkVEs?authuser=0&hl=id&rclk=1,"Jalan Magna Raya No.1A, Rancabolang, Kec. Gedebage, Kota Bandung, Jawa Barat 40285",Kota Bandung,Jawa Barat,4.8,8,Restoran Mie,08.00 hingga 00.00,0895-3351-35062,Tidak Ada,Buka,Approved,2028-04-09,694,Tersertifikasi,High (Butuh Eskalasi),610000000,2,0,2,0,High (Butuh Eskalasi)
GCN-0257,Mie Gacoan Bandung - Taman Kopo Indah,https://www.google.com/maps/place/Mie+Gacoan+Bandung+-+Taman+Kopo+Indah/data=!4m7!3m6!1s0x2e68ef871597dd8f:0x1f47d451c3bdcd90!8m2!3d-6.9634458!4d107.5616241!16s%2Fg%2F11trhxyl05!19sChIJj92XFYfvaC4RkM29w1HURx8?authuser=0&hl=id&rclk=1,"Jalan Blok Sukalanter, Mekar Rahayu, Kec. Margaasih, Kabupaten Bandung, Jawa Barat 40218",Kabupaten Bandung,Jawa Barat,4.6,1,Restoran Mie,08.00 hingga 23.00,Tidak Ada,Tidak Ada,Buka,Approved,2027-12-05,568,Proses Perpanjangan,Low,620000000,0,0,1,0,Low
GCN-0258,Mie Gacoan Bandung - Bojongsoang,https://www.google.com/maps/place/Mie+Gacoan+Bandung+-+Bojongsoang/data=!4m7!3m6!1s0x2e68e90063db9f4d:0x750e72ac15789a97!8m2!3d-6.9712832!4d107.6368867!16s%2Fg%2F11w4tbn8dx!19sChIJTZ_bYwDpaC4Rl5p4FaxyDnU?authuser=0&hl=id&rclk=1,"Jl. Raya Bojongsoang, Lengkong, Kec. Bojongsoang, Kabupaten Bandung, Jawa Barat 40287, Bojongsoang, Kec. Bojongsoang, Kabupaten Bandung, Jawa Barat 40278",Kabupaten Bandung,Jawa Barat,4.8,1,Restoran Mie,Buka 24 jam,Tidak Ada,Tidak Ada,Buka,Approved,2026-12-16,214,Tersertifikasi,Low,450000000,0,0,2,0,Low
GCN-0259,Mie Gacoan Lembang Bandung,https://www.google.com/maps/place/Mie+Gacoan+Lembang+Bandung/data=!4m7!3m6!1s0x2e68e1db825fc05b:0xea07a7a9bf212c70!8m2!3d-6.8150917!4d107.6139365!16s%2Fg%2F11l38znbcn!19sChIJW8BfgtvhaC4RcCwhv6mnB-o?authuser=0&hl=id&rclk=1,"Jl. Raya Lembang No.191A, Jayagiri, Kec. Lembang, Kabupaten Bandung Barat, Jawa Barat 40391",Kabupaten Bandung Barat,Jawa Barat,4.8,8,Restoran Mie,08.00 hingga 00.00,Tidak Ada,Tidak Ada,Buka,Approved,2028-05-20,735,Tersertifikasi,High (Butuh Eskalasi),220000000,2,0,2,0,High (Butuh Eskalasi)
GCN-0260,Mie Gacoan Cimahi,https://www.google.com/maps/place/Mie+Gacoan+Cimahi/data=!4m7!3m6!1s0x2e68e5a90dae5207:0x769c853176292f27!8m2!3d-6.8863793!4d107.5549435!16s%2Fg%2F11txl6bqrp!19sChIJB1KuDanlaC4RJy8pdjGFnHY?authuser=0&hl=id&rclk=1,"Jl. Jend. H. Amir Machmud No.312, Cibabat, Kec. Cimahi Utara, Kota Cimahi, Jawa Barat 40513",Kota Cimahi,Jawa Barat,4.8,8,Restoran Mie,Buka 24 jam,Tidak Ada,Tidak Ada,Buka,Approved,2028-05-19,734,Proses Perpanjangan,Low,660000000,0,0,1,0,Low
GCN-0261,Mie Gacoan Sumantri,https://www.google.com/maps/place/Mie+Gacoan+Sumantri/data=!4m7!3m6!1s0x2e68e7d4eb851dfb:0x468a5312e30b5a53!8m2!3d-6.8841466!4d107.5817663!16s%2Fg%2F11tdc0bt9w!19sChIJ-x2F69TnaC4RU1oL4xJTikY?authuser=0&hl=id&rclk=1,"Jl. Prof. Drg. Soeria Soemantri No.94, Sukagalih, Kec. Sukajadi, Kota Bandung, Jawa Barat 40164",Kota Bandung,Jawa Barat,4.8,8,Restoran Mie,08.00 hingga 00.00,Tidak Ada,Tidak Ada,Buka,Approved,2027-12-11,574,Tersertifikasi,Low,220000000,0,0,2,0,High (Butuh Eskalasi)
GCN-0262,Mie Gacoan Bandung - Majalaya,https://www.google.com/maps/place/Mie+Gacoan+Bandung+-+Majalaya/data=!4m7!3m6!1s0x2e68c1006ea4dabb:0x4f73663cf1124924!8m2!3d-7.0504762!4d107.7583711!16s%2Fg%2F11vympghh4!19sChIJu9qkbgDBaC4RJEkS8Txmc08?authuser=0&hl=id&rclk=1,"Jl. Raya Laswi No.252, Majalaya, Kec. Majalaya, Kabupaten Bandung, Jawa Barat 40382",Kabupaten Bandung,Jawa Barat,4.8,1,Restoran Mie,Buka 24 jam,Tidak Ada,Tidak Ada,Buka,Approved,2028-10-27,895,Tersertifikasi,Low,600000000,0,0,2,0,Low
GCN-0263,Mie Gacoan Padalarang,https://www.google.com/maps/place/Mie+Gacoan+Padalarang/data=!4m7!3m6!1s0x2e68fd000af62adf:0xd31f9c2dddfb986c!8m2!3d-6.8402854!4d107.4789164!16s%2Fg%2F11vyhdkyqt!19sChIJ3yr2CgD9aC4RbJj73S2cH9M?authuser=0&hl=id&rclk=1,"Jl. Raya Ciburuy-Padalarang No.139, Padalarang, Kec. Padalarang, Kabupaten Bandung Barat, Jawa Barat 40553",Kabupaten Bandung Barat,Jawa Barat,4.8,8,Restoran Mie,08.00 hingga 23.00,Tidak Ada,Tidak Ada,Buka,In Progress,2027-04-11,330,Proses Perpanjangan,Low,650000000,0,2,1,0,Low
GCN-0264,Mie Gacoan Padasuka,https://www.google.com/maps/place/Mie+Gacoan+Padasuka/data=!4m7!3m6!1s0x2e68e5d07a1f6a91:0x86786607561bca42!8m2!3d-6.8700605!4d107.5358051!16s%2Fg%2F11y1gncyzy!19sChIJkWofetDlaC4RQsobVgdmeIY?authuser=0&hl=id&rclk=1,"Jl.Raya Barat No.748, Padasuka, Kec. Cimahi Tengah, Kota Cimahi, Jawa Barat 40526",Kota Cimahi,Jawa Barat,4.8,8,Restoran Mie,Buka 24 jam,Tidak Ada,Tidak Ada,Buka,Approved,2028-08-29,836,Tersertifikasi,Low,180000000,0,0,2,0,Low
GCN-0265,Mie Gacoan Kopo Sayati,https://www.google.com/maps/place/Mie+Gacoan+Kopo+Sayati/data=!4m7!3m6!1s0x2e68e92718c2a33d:0xd96131fab63674a0!8m2!3d-6.967431!4d107.5753503!16s%2Fg%2F11v9z1x5ns!19sChIJPaPCGCfpaC4RoHQ2tvoxYdk?authuser=0&hl=id&rclk=1,"Jl. Raya Kopo No.101-103, Sayati, Kec. Margahayu, Kabupaten Bandung, Jawa Barat 40228",Kabupaten Bandung,Jawa Barat,4.8,1,Restoran Mie,Buka 24 jam,Tidak Ada,Tidak Ada,Buka,Approved,2027-01-28,257,Tersertifikasi,Low,150000000,0,0,2,0,Low
GCN-0266,Mie Gacoan Dan Thai Tea,https://www.google.com/maps/place/Mie+Gacoan+Dan+Thai+Tea/data=!4m7!3m6!1s0x2e68e7006ef80899:0x4d8ccf18c118abbb!8m2!3d-6.8977082!4d107.5905914!16s%2Fg%2F11x79r22gf!19sChIJmQj4bgDnaC4Ru6sYwRjPjE0?authuser=0&hl=id&rclk=1,"4H2R+W68, Jl. Cipedes Hilir, Pajajaran, Kec. Cicendo, Kota Bandung, Jawa Barat 40173",Kota Bandung,Jawa Barat,4.6,8,Restoran Mie,09.00 hingga 22.00,0838-6618-3881,Tidak Ada,Buka,Approved,2027-04-13,332,Tersertifikasi,Low,400000000,0,0,2,0,Low
GCN-0267,Mie Gacoan Sumedang - Jatinangor,https://www.google.com/maps/place/Mie+Gacoan+Sumedang+-+Jatinangor/data=!4m7!3m6!1s0x2e68c5000f3ae853:0x3b791990ebe0e221!8m2!3d-6.9357536!4d107.7656128!16s%2Fg%2F11y415w79s!19sChIJU-g6DwDFaC4RIeLg65AZeTs?authuser=0&hl=id&rclk=1,"Jl. Raya Jatinangor No.Km.20, Cibeusi, Kec. Sukasari, Kabupaten Sumedang, Jawa Barat 45363",Kabupaten Sumedang,Sumatra Utara,4.8,9,Restoran Mie,Buka 24 jam,Tidak Ada,Tidak Ada,Buka,Approved,2026-07-06,51,Tersertifikasi,High (Butuh Eskalasi),240000000,2,0,2,0,High (Butuh Eskalasi)
GCN-0268,Mie Gacoan Cibinong Mayor Oking,https://www.google.com/maps/place/Mie+Gacoan+Cibinong+Mayor+Oking/data=!4m7!3m6!1s0x2e69c100498d72ef:0x7f20bae8f320d6f2!8m2!3d-6.4761177!4d106.8637589!16s%2Fg%2F11y2dpt54v!19sChIJ73KNSQDBaS4R8tYg8-i6IH8?authuser=0&hl=id&rclk=1,"Jl. Raya Mayor Oking Jaya Atmaja, Ciriung, Kec. Cibinong, Kabupaten Bogor, Jawa Barat 16918",Kabupaten Bogor,Jawa Barat,4.8,8,Restoran Mie,Buka 24 jam,Tidak Ada,Tidak Ada,Buka,Bermasalah,2027-10-19,521,Tersertifikasi,Medium,470000000,1,1,2,0,Medium
GCN-0269,Mie Gacoan - Purwakarta,https://www.google.com/maps/place/Mie+Gacoan+-+Purwakarta/data=!4m7!3m6!1s0x2e690f31ffbd773f:0x724d9cc28f85d448!8m2!3d-6.5397615!4d107.442137!16s%2Fg%2F11td1ctszz!19sChIJP3e9_zEPaS4RSNSFj8KcTXI?authuser=0&hl=id&rclk=1,"Jl. Taman Pahlawan No.43B, Nagri Kaler, Kec. Purwakarta, Kabupaten Purwakarta, Jawa Barat 41119",Kabupaten Purwakarta,Jawa Barat,4.7,8,Restoran Mie,Buka 24 jam,Tidak Ada,Tidak Ada,Buka,Approved,2026-12-19,217,Tersertifikasi,Medium,560000000,1,0,2,0,Medium
GCN-0270,Mangkok Mie Gacoan,https://www.google.com/maps/place/Mangkok+Mie+Gacoan/data=!4m7!3m6!1s0x2e68c3ac55b557fb:0x783647a4f407564b!8m2!3d-6.9478932!4d107.6844918!16s%2Fg%2F11t2fs94rs!19sChIJ-1e1VazDaC4RS1YH9KRHNng?authuser=0&hl=id&rclk=1,"3M2M+Rqx, Jl. Riung Purna Vi, Cisaranten Kidul, Kec. Gedebage, Kota Bandung, Jawa Barat 40295",Kota Bandung,Jawa Barat,3.0,8,Restoran Mie,09.00 hingga 21.00,Tidak Ada,Tidak Ada,Buka,Approved,2026-04-02,0,Tersertifikasi,Low,450000000,0,0,2,0,Low
GCN-0271,Mie Gacoan Bekasi - Sultan Agung,https://www.google.com/maps/place/Mie+Gacoan+Bekasi+-+Sultan+Agung/data=!4m7!3m6!1s0x2e698d00508f884f:0x9c2743af69481a61!8m2!3d-6.2306683!4d106.9865809!16s%2Fg%2F11whnspt2q!19sChIJT4iPUACNaS4RYRpIaa9DJ5w?authuser=0&hl=id&rclk=1,"Qx9P+Pj4, Kayuringin Jaya, Kec. Bekasi Sel., Kota Bks, Jawa Barat",Kota Bks,Jawa Barat,4.8,8,Restoran Mie,10.00 hingga 23.00,Tidak Ada,Tidak Ada,Buka,Approved,2026-10-26,163,Tersertifikasi,Medium,150000000,1,0,2,0,Medium
GCN-0272,Mie Gacoan Bekasi - Harapan Indah,https://www.google.com/maps/place/Mie+Gacoan+Bekasi+-+Harapan+Indah/data=!4m7!3m6!1s0x2e698b002e4d0ec9:0x6c1c65c56d91fd45!8m2!3d-6.1682427!4d106.9781534!16s%2Fg%2F11xflp6ls2!19sChIJyQ5NLgCLaS4RRf2RbcVlHGw?authuser=0&hl=id&rclk=1,"Rxjh+P72, Jl. Harapan Indah Raya, Rt.005/Rw.010, Pusaka Rakyat, Kecamatan Medan Satria, Kota Bks, Jawa Barat",Kota Bks,Sumatra Utara,4.8,8,Restoran Mie,Buka 24 jam,Tidak Ada,Tidak Ada,Buka,Approved,2026-12-30,228,Proses Perpanjangan,Low,660000000,0,0,1,0,Low
GCN-0273,Mie Gacoan Bekasi - Pekayon,https://www.google.com/maps/place/Mie+Gacoan+Bekasi+-+Pekayon/data=!4m7!3m6!1s0x2e698d0044a969c5:0x92a924f060c55b80!8m2!3d-6.2852682!4d106.9683416!16s%2Fg%2F11wn545dsf!19sChIJxWmpRACNaS4RgFvFYPAkqZI?authuser=0&hl=id&rclk=1,"Jl. Raya Pekayon No.22-24, Rt.009/Rw.005, Jatirasa, Kec. Jatiasih, Kota Bks, Jawa Barat 17424",Kota Bks,Jawa Barat,4.9,8,Restoran Mie,08.00 hingga 00.00,0896-3934-5020,Tidak Ada,Buka,Approved,2028-07-09,785,Tersertifikasi,Low,210000000,0,0,2,0,Low
GCN-0274,Mie Gacoan Bekasi - Cut Mutia,https://www.google.com/maps/place/Mie+Gacoan+Bekasi+-+Cut+Mutia/data=!4m7!3m6!1s0x2e698d0012112615:0x968bef3927bf3ecb!8m2!3d-6.2610846!4d106.9976974!16s%2Fg%2F11y7tfpmp4!19sChIJFSYREgCNaS4Ryz6_Jznvi5Y?authuser=0&hl=id&rclk=1,"Jl. Cut Mutia No.3B, Rt.003/Rw.001, Sepanjang Jaya, Kec. Rawalumbu, Kota Bks, Jawa Barat 17114",Kota Bks,Jawa Barat,4.8,8,Restoran Mie,08.00 hingga 23.00,Tidak Ada,Tidak Ada,Buka,Approved,2028-08-26,833,Tersertifikasi,Low,210000000,0,0,2,0,Low
GCN-0275,Mie Gacoan Bekasi - Kampung Bulu,https://www.google.com/maps/place/Mie+Gacoan+Bekasi+-+Kampung+Bulu/data=!4m7!3m6!1s0x2e698f00735a93c3:0x27789e9574cf3cf2!8m2!3d-6.247672!4d107.0414284!16s%2Fg%2F11x71hjqq6!19sChIJw5NacwCPaS4R8jzPdJWeeCc?authuser=0&hl=id&rclk=1,"Jl. Setia Mekar No.8, Rt.05/Rw.25, Setiamekar, Kec. Tambun Sel., Kabupaten Bekasi, Jawa Barat 17510",Kabupaten Bekasi,Jawa Barat,4.5,8,Restoran Mie,Buka 24 jam,Tidak Ada,Tidak Ada,Buka,Approved,2026-05-14,0,Tersertifikasi,Low,270000000,0,0,2,0,Low
GCN-0276,Mie Gacoan Bekasi - Jatikramat,https://www.google.com/maps/place/Mie+Gacoan+Bekasi+-+Jatikramat/data=!4m7!3m6!1s0x2e698d0030adf2b7:0x3b6532c12d7c5ef0!8m2!3d-6.2879244!4d106.9422269!16s%2Fg%2F11wfx980d4!19sChIJt_KtMACNaS4R8F58LcEyZTs?authuser=0&hl=id&rclk=1,"Jl. Raya Jatikramat No.4 A, Rt.004/Rw.003, Jatikramat, Kec. Jatiasih, Kota Bks, Jawa Barat 17421",Kota Bks,Jawa Barat,4.8,8,Restoran Mie,08.00 hingga 23.00,Tidak Ada,Tidak Ada,Buka,Approved,2027-04-27,346,Tersertifikasi,Low,710000000,0,0,2,0,Low
GCN-0277,Me Gacoan Babelan - Bekasi,https://www.google.com/maps/place/Me+Gacoan+Babelan+-+Bekasi/data=!4m7!3m6!1s0x2e6989000726f75b:0x9da019f39f16e856!8m2!3d-6.1743496!4d107.0447037!16s%2Fg%2F11ynphg6rs!19sChIJW_cmBwCJaS4RVugWn_MZoJ0?authuser=0&hl=id&rclk=1,"Jl. Raya Babelan No.11, Kebalen, Kec. Babelan, Kabupaten Bekasi, Jawa Barat 17610",Kabupaten Bekasi,Jawa Barat,4.8,8,Restoran Mie,Buka 24 jam,Tidak Ada,instagram.com,Buka,Approved,2028-09-19,857,Menunggu Audit,Medium,180000000,1,0,0,0,Medium
GCN-0278,Mie Gacoan Bekasi - Jatisampurna,https://www.google.com/maps/place/Mie+Gacoan+Bekasi+-+Jatisampurna/data=!4m7!3m6!1s0x2e6995bc17c30d45:0xeb24effdecd98e2c!8m2!3d-6.3819512!4d106.9283625!16s%2Fg%2F11y1_y4qd8!19sChIJRQ3DF7yVaS4RLI7Z7P3vJOs?authuser=0&hl=id&rclk=1,"Jl. Alternatif Cibubur No.89, Rt.002/Rw.007, Jatisampurna, Kec. Jatisampurna, Kota Bks, Jawa Barat 17435",Kota Bks,Jawa Barat,4.8,8,Restoran Mie,Buka 24 jam,Tidak Ada,Tidak Ada,Buka,Bermasalah,2027-10-15,517,Tersertifikasi,High (Butuh Eskalasi),630000000,2,1,2,0,High (Butuh Eskalasi)
GCN-0279,Mie Gacoan - Pemuda,https://www.google.com/maps/place/Mie+Gacoan+-+Pemuda/data=!4m7!3m6!1s0x2e6f1d92eacdc143:0x4456e235d610070c!8m2!3d-6.7318028!4d108.5407665!16s%2Fg%2F11k4ylksrq!19sChIJQ8HN6pIdby4RDAcQ1jXiVkQ?authuser=0&hl=id&rclk=1,"Jl. Pemuda Raya No.101, Sunyaragi, Kec. Kesambi, Kota Cirebon, Jawa Barat 45132",Kota Cirebon,Jawa Barat,4.7,8,Restoran Mie,Buka 24 jam,Tidak Ada,Tidak Ada,Buka,Approved,2026-06-24,39,Tersertifikasi,Low,220000000,0,0,2,0,Low
GCN-0280,Mie Gacoan Tuparev,https://www.google.com/maps/place/Mie+Gacoan+Tuparev/data=!4m7!3m6!1s0x2e6ee30053665411:0x596def9932dfd843!8m2!3d-6.7108069!4d108.5409395!16s%2Fg%2F11w9lfgy67!19sChIJEVRmUwDjbi4RQ9jfMpnvbVk?authuser=0&hl=id&rclk=1,"Jl. Tuparev No.97, Kedungjaya, Kec. Kedawung, Kabupaten Cirebon, Jawa Barat 45153",Kabupaten Cirebon,Jawa Barat,4.7,5123,Restoran Mie,Buka 24 jam,Tidak Ada,Tidak Ada,Buka,Approved,2028-03-04,658,Tersertifikasi,Low,740000000,0,0,2,0,Low
GCN-0281,Mie Gacoan,https://www.google.com/maps/place/Mie+Gacoan/data=!4m7!3m6!1s0x2e6f050052e92675:0x4b5fb5a9cc96fe1d!8m2!3d-6.8474154!4d108.6407939!16s%2Fg%2F11x750xswy!19sChIJdSbpUgAFby4RHf6WzKm1X0s?authuser=0&hl=id&rclk=1,"5J3R+28M, Jl. Raya Karangsuwung, Karangsuwung, Kec. Karangsembung, Kabupaten Cirebon, Jawa Barat 45186",Kabupaten Cirebon,Jawa Barat,5.0,5123,Restoran Mie,Buka 24 jam,Tidak Ada,Tidak Ada,Buka,Approved,2027-03-25,313,Tersertifikasi,High (Butuh Eskalasi),350000000,2,0,2,0,High (Butuh Eskalasi)
GCN-0282,Mirip Mie Gacoan,https://www.google.com/maps/place/Mirip+Mie+Gacoan/data=!4m7!3m6!1s0x2e6ee3005ed4af3f:0xea252797df21e0c8!8m2!3d-6.721907!4d108.5330284!16s%2Fg%2F11y278h_z4!19sChIJP6_UXgDjbi4RyOAh35cnJeo?authuser=0&hl=id&rclk=1,"7Ghm+66J Depan Lapangan Voli, Jl. Cideng Jaya, Kertawinangun, Kec. Kedawung, Kabupaten Cirebon, Jawa Barat 45153",Kabupaten Cirebon,Jawa Barat,5.0,5123,Restoran Mie,Buka 24 jam,Tidak Ada,Tidak Ada,Buka,Approved,2026-05-14,0,Tersertifikasi,Low,440000000,0,0,2,0,Low
GCN-0283,Mie Gacoan,https://www.google.com/maps/place/Mie+Gacoan/data=!4m7!3m6!1s0x2e6ee10055e54627:0xebe802ab289d56f1!8m2!3d-6.719728!4d108.5131557!16s%2Fg%2F11m5hjqyr9!19sChIJJ0blVQDhbi4R8VadKKsC6Os?authuser=0&hl=id&rclk=1,"7Gj7+465, Jl. Ki Ageng Tapa, Gesik, Kec. Tengah Tani, Kabupaten Cirebon, Jawa Barat 45153",Kabupaten Cirebon,Jawa Barat,5.0,5123,Restoran Mie,Buka 24 jam,Tidak Ada,Tidak Ada,Buka,Approved,2026-10-16,153,Tersertifikasi,Low,280000000,0,0,2,0,Low
GCN-0284,Wajar Mie Gacoan,https://www.google.com/maps/place/WAJAR+Mie+Gacoan/data=!4m7!3m6!1s0x2e6ee10012abbf87:0xf61e373b92b7d523!8m2!3d-6.724117!4d108.43695!16s%2Fg%2F11yz9sh6s0!19sChIJh7-rEgDhbi4RI9W3kjs3HvY?authuser=0&hl=id&rclk=1,"7Cgp+8M8, Beberan, Kec. Palimanan, Kabupaten Cirebon, Jawa Barat 45161",Kabupaten Cirebon,Jawa Barat,5.0,5123,Restoran Mie,Buka 24 jam,Tidak Ada,Tidak Ada,Buka,Approved,2027-07-06,416,Proses Perpanjangan,Medium,310000000,1,0,1,0,Medium
GCN-0285,Me Gacoan,https://www.google.com/maps/place/Me+Gacoan/data=!4m7!3m6!1s0x2e6f1dab5e829e43:0x9e14646845070d35!8m2!3d-6.7368909!4d108.5422897!16s%2Fg%2F11kpznf2zt!19sChIJQ56CXqsdby4RNQ0HRWhkFJ4?authuser=0&hl=id&rclk=1,"7G9R+56Gjl. Brigjen Darsonosunyaragi, Kec. Kesambi, Kota Cirebon, Jawa Barat 45132",Kota Cirebon,Jawa Barat,3.3,8,Restoran Mie,Buka 24 jam,Tidak Ada,Tidak Ada,Buka,Approved,2027-01-15,244,Tersertifikasi,Low,250000000,0,0,2,0,Low
GCN-0286,Mie Gacoan Cirebon - Tentara Pelajar,https://www.google.com/maps/place/Mie+Gacoan+Cirebon+-+Tentara+Pelajar/data=!4m7!3m6!1s0x2e6ee35ce5e9b711:0xa6ad4ce8b9c86405!8m2!3d-6.7144884!4d108.5528102!16s%2Fg%2F11ns39p3jx!19sChIJEbfp5Vzjbi4RBWTIuehMraY?authuser=0&hl=id&rclk=1,"Jl. Tentara Pelajar No.87, Pekiringan, Kec. Kesambi, Kota Cirebon, Jawa Barat 45123",Kota Cirebon,Jawa Barat,4.4,8,Restoran Mie,Buka 24 jam,Tidak Ada,Tidak Ada,Tutup Permanen,Approved,2027-07-16,426,Tersertifikasi,Low,540000000,0,0,2,0,Low
GCN-0291,Mie Gacoan Sukabumi - Otista,https://www.google.com/maps/place/Mie+Gacoan+Sukabumi+-+Otista/data=!4m7!3m6!1s0x2e6849006a2fe423:0x4648056a489c7cf5!8m2!3d-6.9250147!4d106.9335406!16s%2Fg%2F11ydtl71ls!19sChIJI-QvagBJaC4R9XycSGoFSEY?authuser=0&hl=id&rclk=1,"Jl. Otto Iskandardinata No.42, Kebonjati, Kec. Citamiang, Kota Sukabumi, Jawa Barat 43145",Kota Sukabumi,Jawa Barat,4.6,8,Restoran Mie,Buka 24 jam,Tidak Ada,Tidak Ada,Buka,Approved,2028-11-09,908,Tersertifikasi,Low,590000000,0,0,2,0,Low
GCN-0292,Mie Gacoan Sukabumi - Cibadak,https://www.google.com/maps/place/Mie+Gacoan+Sukabumi+-+Cibadak/data=!4m7!3m6!1s0x2e6831006f29475b:0xb6ab9fa0354bc29d!8m2!3d-6.8942133!4d106.7875539!16s%2Fg%2F11md1nz9b2!19sChIJW0cpbwAxaC4RncJLNaCfq7Y?authuser=0&hl=id&rclk=1,"Jl. Raya Cibadak No.93A, Rt.01, Cibadak, Kec. Cibadak, Kabupaten Sukabumi, Jawa Barat 43351",Kabupaten Sukabumi,Jawa Barat,4.8,8,Restoran Mie,08.00 hingga 23.00,Tidak Ada,Tidak Ada,Buka,Approved,2028-05-03,718,Tersertifikasi,Medium,370000000,1,0,2,0,Medium
GCN-0293,Mie Gacoan-Yudanegara Tasikmalaya,https://www.google.com/maps/place/Mie+Gacoan-Yudanegara+Tasikmalaya/data=!4m7!3m6!1s0x2e6f57e33949019f:0xc94ee1f1355b6c9f!8m2!3d-7.3260164!4d108.2187508!16s%2Fg%2F11vc68cm8s!19sChIJnwFJOeNXby4Rn2xbNfHhTsk?authuser=0&hl=id&rclk=1,"Jl. Yudanegara No.57A, Yudanagara, Kec. Cihideung, Kab. Tasikmalaya, Jawa Barat 46121",Kabupaten Tasikmalaya,Jawa Barat,4.8,8,Restoran Mie,Buka 24 jam,0896-3934-5020,Tidak Ada,Buka,Approved,2027-01-28,257,Tersertifikasi,Low,470000000,0,0,2,0,Low
GCN-0294,Mie Gacoan Tasikmalaya 1 - Siliwangi,https://www.google.com/maps/place/Mie+Gacoan+Tasikmalaya+1+-+Siliwangi/data=!4m7!3m6!1s0x2e6f5719a2d15171:0x5627a72341e095a1!8m2!3d-7.3488011!4d108.2198472!16s%2Fg%2F11l6zzc393!19sChIJcVHRohlXby4RoZXgQSOnJ1Y?authuser=0&hl=id&rclk=1,"Jl. Siliwangi No.29, Tugujaya, Kec. Cihideung, Kab. Tasikmalaya, Jawa Barat",Kabupaten Tasikmalaya,Jawa Barat,4.8,8,Restoran Mie,Buka 24 jam,Tidak Ada,Tidak Ada,Buka,Approved,2026-10-12,149,Tersertifikasi,Low,450000000,0,0,2,0,Low
GCN-0295,Mie Gacoan Garut - Blok Sumber Sari,https://www.google.com/maps/place/Mie+Gacoan+Garut+-+Blok+Sumber+Sari/data=!4m7!3m6!1s0x2e68b10000b728e7:0x1772af174ccdae4e!8m2!3d-7.2188754!4d107.9104584!16s%2Fg%2F11mdb0w7l3!19sChIJ5yi3AACxaC4RTq7NTBevchc?authuser=0&hl=id&rclk=1,"Jl. Bratayuda No.38, Regol, Kec. Garut Kota, Kabupaten Garut, Jawa Barat 44111",Kabupaten Garut,Jawa Barat,4.9,8,Restoran Mie,Buka 24 jam,Tidak Ada,Tidak Ada,Buka,Approved,2026-11-11,179,Tersertifikasi,Low,160000000,0,0,2,0,Low
GCN-0296,Mie Gacoan - Kota Subang,https://www.google.com/maps/place/Mie+Gacoan+-+Kota+Subang/data=!4m7!3m6!1s0x2e693b0026e6f2a1:0xaf2456aefa64a1a4!8m2!3d-6.5630252!4d107.7677666!16s%2Fg%2F11w961r39d!19sChIJofLmJgA7aS4RpKFk-q5WJK8?authuser=0&hl=id&rclk=1,"Jl. Otto Iskandardinata No.108-110, Karanganyar, Kec. Subang, Kabupaten Subang, Jawa Barat 41211",Kabupaten Subang,Jawa Barat,4.8,8,Restoran Mie,Buka 24 jam,Tidak Ada,Tidak Ada,Buka,Approved,2028-08-13,820,Tersertifikasi,Low,370000000,0,0,2,0,Low
GCN-0297,Mie Gacoan Pamanukan,https://www.google.com/maps/place/Mie+Gacoan+Pamanukan/data=!4m7!3m6!1s0x2e6945005c78077d:0xe483ec4e59fa31b1!8m2!3d-6.2966502!4d107.8209499!16s%2Fg%2F11ys6j2zkb!19sChIJfQd4XABFaS4RsTH6WU7sg-Q?authuser=0&hl=id&rclk=1,"Jl. Ion Martasasmita No.87, Rancasari, Kec. Pamanukan, Kabupaten Subang, Jawa Barat 41254",Kabupaten Subang,Jawa Barat,4.8,8,Restoran Mie,Buka 24 jam,Tidak Ada,Tidak Ada,Buka,Approved,2026-10-26,163,Tersertifikasi,High (Butuh Eskalasi),370000000,2,0,2,0,High (Butuh Eskalasi)
GCN-0298,Mie Gebetan Subang,https://www.google.com/maps/place/Mie+Gebetan+Subang/data=!4m7!3m6!1s0x2e693d3f79b66a87:0x92d6525a4f1ee9c5!8m2!3d-6.5627548!4d107.7594544!16s%2Fg%2F11s_wp3646!19sChIJh2q2eT89aS4RxekeT1pS1pI?authuser=0&hl=id&rclk=1,"Jl. D. Kartawigenda Gg. Palabuan No.18B, Cigadung, Kec. Subang, Kabupaten Subang, Jawa Barat 41213",Kabupaten Subang,Jawa Barat,5.0,8,Restoran Mie,12.00 hingga 20.00,Tidak Ada,Tidak Ada,Buka,Approved,2028-02-23,648,Tersertifikasi,Low,370000000,0,0,2,0,Low
GCN-0299,Mie Gacoan Majapahit,https://www.google.com/maps/place/Mie+Gacoan+Majapahit/data=!4m7!3m6!1s0x2e708cfa31450b8d:0x8be9502b76e795f1!8m2!3d-7.0083067!4d110.4643965!16s%2Fg%2F11rr13cwgx!19sChIJjQtFMfqMcC4R8ZXnditQ6Ys?authuser=0&hl=id&rclk=1,"Jl. Brigjen Sudiarto No. 326 B, Palebon, Kec. Pedurungan, Kota Semarang, Jawa Tengah 50192",Kota Semarang,Jawa Tengah,4.6,1,Restoran Mie,Buka 24 jam,Tidak Ada,Tidak Ada,Buka,Approved,2027-10-29,531,Tersertifikasi,Low,760000000,0,0,2,0,Low
GCN-0300,Mie Gacoan Setiabudi Semarang,https://www.google.com/maps/place/Mie+Gacoan+Setiabudi+Semarang/data=!4m7!3m6!1s0x2e708b037599318d:0x22a945f8e2588f82!8m2!3d-7.0473415!4d110.4208135!16s%2Fg%2F11qng2yfj7!19sChIJjTGZdQOLcC4Rgo9Y4vhFqSI?authuser=0&hl=id&rclk=1,"Tinjomoyo, Kec. Banyumanik, Kota Semarang, Jawa Tengah",Kota Semarang,Jawa Tengah,4.5,1,Restoran Mie,Buka 24 jam,Tidak Ada,Tidak Ada,Buka,In Progress,2028-04-09,694,Tersertifikasi,Medium,650000000,1,2,2,0,Medium
GCN-0301,Mie Gacoan Imam Bonjol,https://www.google.com/maps/place/Mie+Gacoan+Imam+Bonjol/data=!4m7!3m6!1s0x2e708b881f890467:0x52726ce100d96e6a!8m2!3d-6.9776182!4d110.4123006!16s%2Fg%2F11y1fc9h2r!19sChIJZwSJH4iLcC4Ram7ZAOFsclI?authuser=0&hl=id&rclk=1,"Jl. Imam Bonjol No.188, Sekayu, Kec. Semarang Tengah, Kota Semarang, Jawa Tengah 50132",Kota Semarang,Jawa Tengah,4.7,1,Restoran Mie,10.00 hingga 22.00,Tidak Ada,Tidak Ada,Buka,Approved,2028-04-10,695,Tersertifikasi,Low,510000000,0,0,2,0,Low
GCN-0302,Mie Gacoan Pamularsih Raya,https://www.google.com/maps/place/Mie+Gacoan+Pamularsih+Raya/data=!4m7!3m6!1s0x2e708bcf3886d307:0x525ecfbed30c9a94!8m2!3d-6.9878383!4d110.3872871!16s%2Fg%2F11s0v7k94h!19sChIJB9OGOM-LcC4RlJoM077PXlI?authuser=0&hl=id&rclk=1,"Jl. Pamularsih Raya No.106, Gisikdrono, Kec. Semarang Barat, Kota Semarang, Jawa Tengah 50149",Kota Semarang,Jawa Tengah,4.7,1,Restoran Mie,Buka 24 jam,Tidak Ada,Tidak Ada,Buka,Approved,2027-04-03,322,Tersertifikasi,Low,480000000,0,0,2,0,Low
GCN-0303,Mie Gacoan Soekarno Hatta,https://www.google.com/maps/place/Mie+Gacoan+Soekarno+Hatta/data=!4m7!3m6!1s0x2e708d6426e784e5:0x8ebf73b0f05faeca!8m2!3d-6.9803919!4d110.4519173!16s%2Fg%2F11v50gk1vr!19sChIJ5YTnJmSNcC4Ryq5f8LBzv44?authuser=0&hl=id&rclk=1,"Jl. Soekarno Hatta, Tlogosari Kulon, Kec. Pedurungan, Kota Semarang, Jawa Tengah 50196",Kota Semarang,Jawa Tengah,4.7,1,Restoran Mie,09.00 hingga 22.00,0895-3012-2864,Tidak Ada,Buka,Approved,2027-06-16,396,Tersertifikasi,Low,400000000,0,0,2,0,Low
GCN-0304,Mie Gacoan Wolter Monginsidi,https://www.google.com/maps/place/Mie+Gacoan+Wolter+Monginsidi/data=!4m7!3m6!1s0x2e708de19cf8ea2f:0xab3f26eb0722e9a6!8m2!3d-6.9897588!4d110.4733856!16s%2Fg%2F11vlqlq1jm!19sChIJL-r4nOGNcC4RpukiB-smP6s?authuser=0&hl=id&rclk=1,"Jl. Wolter Monginsidi No.7, Tlogosari Wetan, Kec. Pedurungan, Kota Semarang, Jawa Tengah 50196",Kota Semarang,Jawa Tengah,4.7,1,Restoran Mie,09.00 hingga 22.00,0895-3446-60983,instagram.com,Buka,Approved,2026-11-30,198,Tersertifikasi,Low,390000000,0,0,2,0,Low
GCN-0305,Mie Gacoan Ngaliyan,https://www.google.com/maps/place/Mie+Gacoan+Ngaliyan/data=!4m7!3m6!1s0x2e708b517d05b815:0xceb1c83eb9f1c186!8m2!3d-7.001805!4d110.3416328!16s%2Fg%2F11nnvd226f!19sChIJFbgFfVGLcC4RhsHxuT7Isc4?authuser=0&hl=id&rclk=1,"Starbuck, Ruko Citadel Belakang, Mcdonal, Kec. Ngaliyan, Kota Semarang, Jawa Tengah 50181",Kota Semarang,Jawa Tengah,4.6,1,Restoran Mie,Buka 24 jam,Tidak Ada,Tidak Ada,Buka,Approved,2028-11-05,904,Tersertifikasi,Low,790000000,0,0,2,0,Low
GCN-0306,Mie Gacoan Banyumanik,https://www.google.com/maps/place/Mie+Gacoan+Banyumanik/data=!4m7!3m6!1s0x2e708979c6fe49e9:0x578cc2b5d02532cd!8m2!3d-7.0650253!4d110.4153863!16s%2Fg%2F11pv8rx7v3!19sChIJ6Un-xnmJcC4RzTIl0LXCjFc?authuser=0&hl=id&rclk=1,"Jl. Sukun Raya No.30, Srondol Wetan, Kec. Banyumanik, Kota Semarang, Jawa Tengah 50263",Kota Semarang,Jawa Tengah,4.6,1,Restoran Mie,10.00 hingga 22.00,Tidak Ada,Tidak Ada,Buka,Approved,2028-06-17,763,Tersertifikasi,Low,560000000,0,0,2,0,Low
GCN-0307,Mie Gacoan Solo Jebres,https://www.google.com/maps/place/Mie+Gacoan+Solo+Jebres/data=!4m7!3m6!1s0x2e7a17aa1fefce9d:0x52be124381f6cebc!8m2!3d-7.561813!4d110.835839!16s%2Fg%2F11sxs8n8sz!19sChIJnc7vH6oXei4RvM72gUMSvlI?authuser=0&hl=id&rclk=1,"Jl. Jend. Urip Sumoharjo No.197, Purwodiningratan, Kec. Jebres, Kota Surakarta, Jawa Tengah 57129",Kota Surakarta,Jawa Tengah,4.6,1,Restoran Mie,08.00 hingga 21.00,Tidak Ada,Tidak Ada,Buka,Approved,2026-11-21,189,Tersertifikasi,Low,390000000,0,0,2,0,Low
GCN-0308,Mie Gacoan Mawar Solo,https://www.google.com/maps/place/Mie+Gacoan+Mawar+Solo/data=!4m7!3m6!1s0x2e7a16817752e3af:0xac3b6027a40869d!8m2!3d-7.5625622!4d110.808492!16s%2Fg%2F11dxl4gr6x!19sChIJr-NSd4EWei4RnYZAegK2wwo?authuser=0&hl=id&rclk=1,"Jl. Mawar No.7, Mangkubumen, Kec. Banjarsari, Kota Surakarta, Jawa Tengah 57142",Kota Surakarta,Jawa Tengah,4.7,1,Restoran Mie,11.00 hingga 00.00,Tidak Ada,Tidak Ada,Buka,Approved,2028-10-17,885,Proses Perpanjangan,Low,180000000,0,0,1,0,Low
GCN-0309,Mie Gacoan Solo Baru,https://www.google.com/maps/place/Mie+Gacoan+Solo+Baru/data=!4m7!3m6!1s0x2e7a17a38f7ef3e9:0xae537ea28096acd3!8m2!3d-7.6077365!4d110.8117221!16s%2Fg%2F11h5ss3t0g!19sChIJ6fN-j6MXei4R06yWgKJ-U64?authuser=0&hl=id&rclk=1,"Jl. Ir. Soekarno No.54, Dusun I, Madegondo, Kec. Grogol, Kabupaten Sukoharjo, Jawa Tengah 57552",Kabupaten Sukoharjo,Jawa Tengah,4.8,14,Restoran Mie,Buka 24 jam,0831-8755-9908,Tidak Ada,Buka,Approved,2028-05-10,725,Tersertifikasi,Low,190000000,0,0,2,0,Low
GCN-0310,Mie Gacoan Solo Veteran,https://www.google.com/maps/place/Mie+Gacoan+Solo+Veteran/data=!4m7!3m6!1s0x2e7a176f56db1131:0xa3b79447fa57fb1!8m2!3d-7.5797024!4d110.8114738!16s%2Fg%2F11t_wgg1xp!19sChIJMRHbVm8Xei4RsX-lf0R5Owo?authuser=0&hl=id&rclk=1,"A Jl. Veteran No.309, Tipes, Kec. Serengan, Kota Surakarta, Jawa Tengah 57154",Kota Surakarta,Jawa Tengah,4.7,1,Restoran Mie,11.00 hingga 22.00,0895-0742-8953,Tidak Ada,Buka,Approved,2026-04-14,0,Tersertifikasi,Low,250000000,0,0,2,0,Low
GCN-0311,Mie Gacoan Colomadu,https://www.google.com/maps/place/Mie+Gacoan+Colomadu/data=!4m7!3m6!1s0x2e7a159ca9ac2011:0x2a875d0b15b428d5!8m2!3d-7.5440297!4d110.7703651!16s%2Fg%2F11sht0rflj!19sChIJESCsqZwVei4R1Si0FQtdhyo?authuser=0&hl=id&rclk=1,"Jl. Adi Sucipto No.43, Kenaiban, Manahan, Kec. Colomadu, Kabupaten Karanganyar, Jawa Tengah 57174",Kabupaten Karanganyar,Jawa Tengah,4.7,34,Restoran Mie,Buka 24 jam,Tidak Ada,Tidak Ada,Buka,Approved,2028-05-02,717,Tersertifikasi,Low,650000000,0,0,2,0,Low
GCN-0312,Mie Gacoan Kartasura,https://www.google.com/maps/place/Mie+Gacoan+Kartasura/data=!4m7!3m6!1s0x2e7a151ab5ee4155:0xdda07fc9388e16b7!8m2!3d-7.5660284!4d110.773488!16s%2Fg%2F11spmqhybz!19sChIJVUHutRoVei4RtxaOOMl_oN0?authuser=0&hl=id&rclk=1,"Jl. Slamet Riyadi No.368, Dusun I, Makamhaji, Kec. Kartasura, Kabupaten Sukoharjo, Jawa Tengah 57161",Kabupaten Sukoharjo,Jawa Tengah,4.7,14,Restoran Mie,08.00 hingga 23.00,Tidak Ada,Tidak Ada,Buka,Approved,2027-02-19,279,Tersertifikasi,Low,350000000,0,0,2,0,Low
GCN-0313,Mie Gacoan Karanganyar,https://www.google.com/maps/place/Mie+Gacoan+Karanganyar/data=!4m7!3m6!1s0x2e7a19003ada65d5:0x6627e031e1063eae!8m2!3d-7.6009341!4d110.9636806!16s%2Fg%2F11x22xc20w!19sChIJ1WXaOgAZei4Rrj4G4THgJ2Y?authuser=0&hl=id&rclk=1,"Jl. Lawu No.176, Titang, Bejen, Kec. Karanganyar, Kabupaten Karanganyar, Jawa Tengah 57714",Kabupaten Karanganyar,Jawa Tengah,4.8,34,Restoran Mie,10.00 hingga 22.00,Tidak Ada,Tidak Ada,Buka,Approved,2026-04-28,0,Tersertifikasi,Low,260000000,0,0,2,0,Low
GCN-0314,Mie Level Gacoan Gober Home Made Karanganyar,https://www.google.com/maps/place/Mie+Level+Gacoan+Gober+Home+Made+Karanganyar/data=!4m7!3m6!1s0x2e7a196d246afd49:0xde1ccda29842474f!8m2!3d-7.5930396!4d110.9460128!16s%2Fg%2F11vrkvpq4p!19sChIJSf1qJG0Zei4RT0dCmKLNHN4?authuser=0&hl=id&rclk=1,"Rt.01/Rw.03, Cangakan Timur, Cangakan, Kec. Karanganyar, Kabupaten Karanganyar, Jawa Tengah 57712",Kabupaten Karanganyar,Jawa Tengah,4.7,34,Restoran Mie,Buka 24 jam,0896-8555-8390,gofood.link,Buka,Bermasalah,2027-05-24,373,Tersertifikasi,Low,450000000,0,1,2,0,Low
GCN-0315,Mie Gacoan Sragen,https://www.google.com/maps/place/Mie+Gacoan+Sragen/data=!4m7!3m6!1s0x2e7a0300730ca60b:0x6f4ea0ac851b8407!8m2!3d-7.4215513!4d111.0342361!16s%2Fg%2F11yfjk6rzz!19sChIJC6YMcwADei4RB4QbhaygTm8?authuser=0&hl=id&rclk=1,"Jl. Raya Solo - Ngawi, Dusun Kebayanan Widodo 2, Sragen Wetan, Kec. Sragen, Kabupaten Sragen, Jawa Tengah",Kabupaten Sragen,Jawa Tengah,4.7,1,Restoran Mie,08.00 hingga 23.00,0895-2810-8349,Tidak Ada,Buka,Approved,2028-10-15,883,Tersertifikasi,Low,310000000,0,0,2,0,Low
GCN-0316,Mie Ala Gacoan,https://www.google.com/maps/place/Mie+ala+gacoan/data=!4m7!3m6!1s0x2e7a03cd976b4cf9:0xac6eab7798d3489d!8m2!3d-7.4341039!4d111.0434925!16s%2Fg%2F11t4x1gyr2!19sChIJ-Uxrl80Dei4RnUjTmHerbqw?authuser=0&hl=id&rclk=1,"Jl. Plumbungan Indah No.275 Blok K No 274, Jerik, Karangmalang, Kec. Sragen, Kabupaten Sragen, Jawa Tengah 57222",Kabupaten Sragen,Jawa Tengah,5.0,1,Restoran Mie,Buka 24 jam,0822-4333-3386,Tidak Ada,Buka,Approved,2028-07-01,777,Tersertifikasi,Low,250000000,0,0,2,0,Low
GCN-0317,Mie Gacoan - Batang,https://www.google.com/maps/place/Mie+Gacoan+-+Batang/data=!4m7!3m6!1s0x2e7025000d73c235:0xeeb4fc4d83e2e4ff!8m2!3d-6.898542!4d109.7382845!16s%2Fg%2F11msrhvbg4!19sChIJNcJzDQAlcC4R_-Tig038tO4?authuser=0&hl=id&rclk=1,"Jl. Re Martadinata No.006, Rt.002, Banyongsari, Karangasem Sel., Kec. Batang, Kabupaten Batang, Jawa Tengah 51216",Kabupaten Batang,Jawa Tengah,4.9,1,Restoran Mie,Buka 24 jam,0857-0138-9267,Tidak Ada,Buka,Approved,2027-12-22,585,Tersertifikasi,Low,650000000,0,0,2,0,Low
GCN-0318,Mie Gacoan Kudus,https://www.google.com/maps/place/Mie+Gacoan+Kudus/data=!4m7!3m6!1s0x2e70c5084433a389:0x30b069746922e017!8m2!3d-6.8071785!4d110.8282002!16s%2Fg%2F11sv1zg399!19sChIJiaMzRAjFcC4RF-AiaXRpsDA?authuser=0&hl=id&rclk=1,"Jl. Hm Subchan Ze, Purwosari, Kec. Kota Kudus, Kabupaten Kudus, Jawa Tengah 59316",Kota Kudus,Jawa Tengah,4.1,1,Restoran Mie,Buka 24 jam,Tidak Ada,Tidak Ada,Buka,Approved,2026-05-20,4,Tersertifikasi,Low,300000000,0,0,2,0,Low
GCN-0319,Mie Gacoan Ungaran,https://www.google.com/maps/place/Mie+Gacoan+Ungaran/data=!4m7!3m6!1s0x2e7087671f09070f:0x7b6e418e33eff321!8m2!3d-7.147831!4d110.4082179!16s%2Fg%2F11v0y18d_d!19sChIJDwcJH2eHcC4RIfPvM45Bbns?authuser=0&hl=id&rclk=1,"Jalan Diponegoro B No.239 Kelurahan Genuk, Jl. Diponegoro No.235, Genuk Timur, Ungaran, Kec. Ungaran Bar., Kabupaten Semarang, Jawa Tengah 50512",Kabupaten Semarang,Jawa Tengah,4.6,1,Restoran Mie,Buka 24 jam,0821-3300-6261,Tidak Ada,Buka,Approved,2027-12-09,572,Tersertifikasi,Low,510000000,0,0,2,0,Low
GCN-0320,Mie Gacoan - Pemalang,https://www.google.com/maps/place/Mie+Gacoan+-+Pemalang/data=!4m7!3m6!1s0x2e6fdb0076d8d22b:0x1dee98c2d8522e8!8m2!3d-6.8896904!4d109.3827722!16s%2Fg%2F11wn0qgs5g!19sChIJK9LYdgDbby4R6CKFLYzp3gE?authuser=0&hl=id&rclk=1,"496M+44C, Jl. Jend. Sudirman, Pelutan, Kec. Pemalang, Kabupaten Pemalang, Jawa Tengah 52312",Kabupaten Pemalang,Jawa Tengah,4.7,1,Restoran Mie,Buka 24 jam,Tidak Ada,Tidak Ada,Buka,Approved,2027-05-05,354,Tersertifikasi,Medium,300000000,1,0,2,0,Medium
GCN-0321,Mie Gacoan - Pekalongan,https://www.google.com/maps/place/Mie+Gacoan+-+Pekalongan/data=!4m7!3m6!1s0x2e702527c628dd63:0x5d7a9f268e2a263a!8m2!3d-6.9024229!4d109.6641872!16s%2Fg%2F11p_7z0_cp!19sChIJY90oxiclcC4ROiYqjiafel0?authuser=0&hl=id&rclk=1,"Jl. Urip Sumoharjo No.89, Podosugih, Kec. Pekalongan Bar., Kota Pekalongan, Jawa Tengah 51111",Kota Pekalongan,Jawa Tengah,4.7,1,Restoran Mie,09.00 hingga 21.00,Tidak Ada,Tidak Ada,Buka,Approved,2028-02-19,644,Proses Perpanjangan,Medium,360000000,1,0,1,0,Medium
GCN-0322,Mie Gacoan Kebumen,https://www.google.com/maps/place/Mie+Gacoan+Kebumen/data=!4m7!3m6!1s0x2e7ab50017c23b9f:0xb6138972628b275a!8m2!3d-7.6651663!4d109.6535872!16s%2Fg%2F11wpsl9_jy!19sChIJnzvCFwC1ei4RWieLYnKJE7Y?authuser=0&hl=id&rclk=1,"Jl. H.M. Sarbini No.26, Kebumen, Bumirejo, Kec. Kebumen, Kabupaten Kebumen, Jawa Tengah 54316",Kabupaten Kebumen,Jawa Tengah,4.8,1,Restoran Mie,08.00 hingga 22.00,0896-9954-4003,Tidak Ada,Buka,Bermasalah,2028-07-14,790,Tersertifikasi,Low,460000000,0,1,2,0,Low
GCN-0323,Mie Gacoan Banjarnegara,https://www.google.com/maps/place/Mie+Gacoan+Banjarnegara/data=!4m7!3m6!1s0x2e7aa9001345196f:0x7aeb983d69e1ac90!8m2!3d-7.3991919!4d109.6893385!16s%2Fg%2F11wn6cn340!19sChIJbxlFEwCpei4RkKzhaT2Y63o?authuser=0&hl=id&rclk=1,"Jl. Letjend Suprapto, Rt.04/Rw.08, Kutabanjarnegara, Kec. Banjarnegara, Kab. Banjarnegara, Jawa Tengah",Kabupaten Banjarnegara,Jawa Tengah,4.7,1,Restoran Mie,08.00 hingga 23.00,Tidak Ada,Tidak Ada,Buka,Approved,2026-06-18,33,Tersertifikasi,Low,450000000,0,0,2,0,Low
GCN-0324,Mie Gacoan Boyolali,https://www.google.com/maps/place/Mie+Gacoan+Boyolali/data=!4m7!3m6!1s0x2e7a69c38653e761:0x174c8cb07901beaf!8m2!3d-7.5421561!4d110.6131617!16s%2Fg%2F11x8zm9_vt!19sChIJYedThsNpei4Rr74BebCMTBc?authuser=0&hl=id&rclk=1,"Jl. Boulevard Soekarno No.1, Wonosari, Kemiri, Kec. Mojosongo, Kabupaten Boyolali, Jawa Tengah 57482",Kabupaten Boyolali,Jawa Tengah,4.5,1,Restoran Mie,09.00 hingga 23.00,Tidak Ada,Tidak Ada,Buka,Approved,2026-07-02,47,Tersertifikasi,Low,800000000,0,0,2,0,Low
GCN-0325,Mie Gacoan Jepara,https://www.google.com/maps/place/Mie+Gacoan+Jepara/data=!4m7!3m6!1s0x2e711f0067716cc1:0x6ec7c9ba15f55165!8m2!3d-6.5911493!4d110.663572!16s%2Fg%2F11vypysvrg!19sChIJwWxxZwAfcS4RZVH1FbrJx24?authuser=0&hl=id&rclk=1,"Jl. Veteran No.38, Jobokuto Iii, Jobokuto, Kec. Jepara, Kabupaten Jepara, Jawa Tengah 59416",Kabupaten Jepara,Jawa Tengah,4.6,1,Restoran Mie,11.00 hingga 00.00,Tidak Ada,Tidak Ada,Buka,Approved,2027-01-01,230,Tersertifikasi,Low,150000000,0,0,2,0,Low
GCN-0326,Mie Gacoan Purworejo,https://www.google.com/maps/place/Mie+Gacoan+Purworejo/data=!4m7!3m6!1s0x2e7aeb004c2a7387:0x2b3648ce7f3a7bcc!8m2!3d-7.7130187!4d110.0170238!16s%2Fg%2F11yjy_l_d_!19sChIJh3MqTADrei4RzHs6f85INis?authuser=0&hl=id&rclk=1,"Jl. A. Yani No.102, Kedungputri, Baledono, Kec. Purworejo, Kabupaten Purworejo, Jawa Tengah 54118",Kabupaten Purworejo,Jawa Tengah,4.8,1,Restoran Mie,08.00 hingga 23.00,Tidak Ada,sites.google.com,Buka,Approved,2027-12-24,587,Tersertifikasi,Low,350000000,0,0,2,0,Low
GCN-0327,Mie Gacoan Banyumas,https://www.google.com/maps/place/Mie+Gacoan+Banyumas/data=!4m7!3m6!1s0x2e655b31307c3d51:0x8559393db885cf5b!8m2!3d-7.51445!4d109.2962961!16s%2Fg%2F11wmz1fyxk!19sChIJUT18MDFbZS4RW8-FuD05WYU?authuser=0&hl=id&rclk=1,"Kabupaten Jl. Jenderal Gatot Subroto, Kedungter Lor, Kedunguter, Kec. Banyumas, Kabupaten Banyumas, Jawa Tengah 53192",Kabupaten Jl. Jenderal Gatot Subroto,Jawa Tengah,4.7,1,Restoran Mie,10.00 hingga 22.00,0896-7825-0129,Tidak Ada,Buka,Approved,2027-07-08,418,Tersertifikasi,Low,380000000,0,0,2,0,Low
GCN-0328,Mie Gacoan Temanggung,https://www.google.com/maps/place/Mie+Gacoan+Temanggung/data=!4m7!3m6!1s0x2e7a830035ffa9d3:0xd00862beb94cfbe9!8m2!3d-7.3156477!4d110.1863074!16s%2Fg%2F11m60bnxkf!19sChIJ06n_NQCDei4R6ftMub5iCNA?authuser=0&hl=id&rclk=1,"Jl. Sri Suwarno No.31, Banyuurip Barat, Banyuurip, Kec. Temanggung, Kabupaten Temanggung, Jawa Tengah 56211",Kabupaten Temanggung,Jawa Tengah,4.7,1,Restoran Mie,08.00 hingga 00.00,0896-7825-0043,Tidak Ada,Buka,Approved,2028-11-14,913,Tersertifikasi,Low,470000000,0,0,2,0,Low
GCN-0329,Mie Gacoan - Kendal Pemuda,https://www.google.com/maps/place/Mie+Gacoan+-+Kendal+Pemuda/data=!4m7!3m6!1s0x2e705d0043e60c47:0xac41891ec2e4f124!8m2!3d-6.923875!4d110.2024671!16s%2Fg%2F11x1tz945s!19sChIJRwzmQwBdcC4RJPHkwh6JQaw?authuser=0&hl=id&rclk=1,"Jl. Pemuda No.39, Kebondalem, Langenharjo, Kec. Kendal, Kabupaten Kendal, Jawa Tengah 51314",Kabupaten Kendal,Jawa Tengah,4.6,1,Restoran Mie,08.00 hingga 23.00,Tidak Ada,Tidak Ada,Buka,Approved,2028-02-02,627,Tersertifikasi,Low,660000000,0,0,2,0,Low
GCN-0330,Mie Gacoan Brebes,https://www.google.com/maps/place/Mie+Gacoan+Brebes/data=!4m7!3m6!1s0x2e6fbb000e752a7d:0xeb238d3e72298993!8m2!3d-6.872071!4d109.0449497!16s%2Fg%2F11yck9dn6y!19sChIJfSp1DgC7by4Rk4kpcj6NI-s?authuser=0&hl=id&rclk=1,"42Hv+5Xg, Pesangrahan, Brebes, Kec. Brebes, Kabupaten Brebes, Jawa Tengah",Kabupaten Brebes,Jawa Tengah,4.8,1,Restoran Mie,08.00 hingga 23.00,Tidak Ada,Tidak Ada,Buka,Approved,2026-10-09,146,Proses Perpanjangan,Low,590000000,0,0,1,0,Low
GCN-0331,Mie Gacoan Klaten,https://www.google.com/maps/place/Mie+Gacoan+Klaten/data=!4m7!3m6!1s0x2e7a43a0fff87ce5:0x9a7ad16f8ae7a032!8m2!3d-7.6948155!4d110.6000085!16s%2Fg%2F11v66jw4tm!19sChIJ5Xz4_6BDei4RMqDnim_Repo?authuser=0&hl=id&rclk=1,"Jl. Mayor Kusmanto No.5, Tegaltalang, Semangkak, Kec. Klaten Tengah, Kabupaten Klaten, Jawa Tengah 57415",Kabupaten Klaten,Jawa Tengah,4.7,1,Restoran Mie,Buka 24 jam,Tidak Ada,Tidak Ada,Buka,Approved,2028-10-26,894,Proses Perpanjangan,Medium,800000000,1,0,1,0,Medium
GCN-0332,Mie Gacoan Demak,https://www.google.com/maps/place/Mie+Gacoan+Demak/data=!4m7!3m6!1s0x2e70eb0015e35057:0x3093d581169c55de!8m2!3d-6.8951315!4d110.6280152!16s%2Fg%2F11mdb36jpj!19sChIJV1DjFQDrcC4R3lWcFoHVkzA?authuser=0&hl=id&rclk=1,"4J3H+W6R, Jl. Sultan Hadiwijaya, Nogorame, Mangunjiwan, Kec. Demak, Kabupaten Demak, Jawa Tengah 59515",Kabupaten Demak,Jawa Tengah,4.8,1,Restoran Mie,08.00 hingga 23.00,Tidak Ada,Tidak Ada,Buka,In Progress,2028-12-03,932,Tersertifikasi,Low,180000000,0,2,2,0,Low
GCN-0333,Mie Gacoan Grobogan - Purwodadi,https://www.google.com/maps/place/Mie+Gacoan+Grobogan+-+Purwodadi/data=!4m7!3m6!1s0x2e70b10043fdec1d:0x31e7ea008201ba16!8m2!3d-7.0934745!4d110.9134536!16s%2Fg%2F11x7csp773!19sChIJHez9QwCxcC4RFroBggDq5zE?authuser=0&hl=id&rclk=1,"Jl. R.Suprapto No.117, Jetis Selatan, Purwodadi, Kec. Purwodadi, Kabupaten Grobogan, Jawa Tengah 58111",Kabupaten Grobogan,Jawa Tengah,4.7,1,Restoran Mie,09.00 hingga 22.00,0896-9954-4016,Tidak Ada,Buka,Approved,2026-07-05,50,Menunggu Audit,High (Butuh Eskalasi),660000000,2,0,0,0,High (Butuh Eskalasi)
GCN-0334,Mie Gacoan,https://www.google.com/maps/place/Mie+gacoan/data=!4m7!3m6!1s0x2e6fb9003c7ff829:0x97006a7ba01f4bb1!8m2!3d-6.8811524!4d109.125809!16s%2Fg%2F11vx6wc794!19sChIJKfh_PAC5by4RsUsfoHtqAJc?authuser=0&hl=id&rclk=1,"449G+G8M, Gg. Rama, Debong Lor, Kec. Tegal Bar., Kota Tegal, Jawa Tengah 52133",Kota Tegal,Jawa Tengah,4.7,1,Restoran Mie,Buka 24 jam,Tidak Ada,Tidak Ada,Buka,Approved,2028-09-22,860,Proses Perpanjangan,Low,290000000,0,0,1,0,Low
GCN-0335,Mie Gacoan Purwokerto,https://www.google.com/maps/place/Mie+Gacoan+Purwokerto/data=!4m7!3m6!1s0x2e655f4b2e15c697:0x8aa70d2081517e45!8m2!3d-7.4142053!4d109.2539947!16s%2Fg%2F11q9m90_z2!19sChIJl8YVLktfZS4RRX5RgSANp4o?authuser=0&hl=id&rclk=1,"Arcawinangun, Kec. Purwokerto Tim., Kabupaten Banyumas, Jawa Tengah 53191",Kabupaten Banyumas,Jawa Tengah,4.5,10,Restoran Mie,Buka 24 jam,Tidak Ada,Tidak Ada,Buka,Approved,2027-10-18,520,Tersertifikasi,Low,520000000,0,0,2,0,Low
GCN-0336,Mie Gacoan Tidar Magelang,https://www.google.com/maps/place/Mie+Gacoan+Tidar+Magelang/data=!4m7!3m6!1s0x2e7a8f3e1b810153:0x83ac4989e4147c3d!8m2!3d-7.485988!4d110.2161834!16s%2Fg%2F11q1vpbr45!19sChIJUwGBGz6Pei4RPXwU5IlJrIM?authuser=0&hl=id&rclk=1,"Jl. Tidar No.44, Kemirirejo, Kec. Magelang Tengah, Kota Magelang, Jawa Tengah 59214",Kota Magelang,Jawa Tengah,4.7,25,Restoran Mie,09.00 hingga 22.00,Tidak Ada,instagram.com,Buka,Approved,2027-12-24,587,Proses Perpanjangan,Low,360000000,0,0,1,0,Low
GCN-0337,Mie Gacoan 2 Pekalongan,https://www.google.com/maps/place/Mie+Gacoan+2+Pekalongan/data=!4m7!3m6!1s0x2e70250067ad5777:0x40fdfbd25a46943!8m2!3d-6.8859061!4d109.669298!16s%2Fg%2F11vy46q0cg!19sChIJd1etZwAlcC4RQ2mkJb3fDwQ?authuser=0&hl=id&rclk=1,"Jl. Imam Bonjol No.55, Pabean, Kec. Pekalongan Utara, Kota Pekalongan, Jawa Tengah 51146",Kota Pekalongan,Jawa Tengah,4.7,1,Restoran Mie,Buka 24 jam,0857-0138-9267,Tidak Ada,Buka,Approved,2028-05-16,731,Tersertifikasi,Medium,190000000,1,0,2,0,Medium
GCN-0338,Mie Gacoan Blora,https://www.google.com/maps/place/Mie+Gacoan+Blora/data=!4m7!3m6!1s0x2e77410016afcf0b:0xdc7326568bff7d80!8m2!3d-6.9729634!4d111.4122469!16s%2Fg%2F11wx__pzgp!19sChIJC8-vFgBBdy4RgH3_i1Ymc9w?authuser=0&hl=id&rclk=1,"Jl. Mr. Iskandar No.21, Mlangsen, Jetis, Kec. Blora, Kabupaten Blora, Jawa Tengah 58214",Kabupaten Blora,Jawa Tengah,4.9,1,Restoran Mie,10.00 hingga 22.00,Tidak Ada,Tidak Ada,Buka,Approved,2028-06-01,747,Tersertifikasi,Low,500000000,0,0,2,0,Low
GCN-0339,Mie Gacoan Cilacap,https://www.google.com/maps/place/Mie+Gacoan+Cilacap/data=!4m7!3m6!1s0x2e6513f1fbe9736f:0xd9d4a755bc3cf944!8m2!3d-7.7235411!4d109.0131524!16s%2Fg%2F11tm_txtyl!19sChIJb3Pp-_ETZS4RRPk8vFWn1Nk?authuser=0&hl=id&rclk=1,"Jl. S. Parman No.31, Cilacap, Sidanegara, Kec. Cilacap Tengah, Kabupaten Cilacap, Jawa Tengah 53212",Kabupaten Cilacap,Jawa Tengah,4.8,1,Restoran Mie,08.00 hingga 23.00,Tidak Ada,Tidak Ada,Buka,Approved,2026-05-30,14,Tersertifikasi,Medium,500000000,1,0,2,0,Medium
GCN-0340,Mie Gacoan Teh Nining,https://www.google.com/maps/place/Mie+Gacoan+Teh+Nining/data=!4m7!3m6!1s0x2e655f3df62b5497:0xd0ada2ca7086cdc2!8m2!3d-7.4331502!4d109.2571813!16s%2Fg%2F11y34rztqt!19sChIJl1Qr9j1fZS4Rws2GcMqirdA?authuser=0&hl=id&rclk=1,"Jl. Sarwodadi Vi, Rt.01 Rw08/Rw.No.15A, Karanganyar, Purwokerto Kidul, Kec. Purwokerto Sel., Kabupaten Banyumas, Jawa Tengah 53147",Kabupaten Banyumas,Jawa Tengah,5.0,10,Restoran Mie,09.00 hingga 21.00,0882-1556-7823,Tidak Ada,Buka,Approved,2027-01-19,248,Tersertifikasi,Low,210000000,0,0,2,0,Low
GCN-0341,Mie Gacoan Salatiga,https://www.google.com/maps/place/Mie+Gacoan+Salatiga/data=!4m7!3m6!1s0x2e7a79ed40c3683d:0x5cd491a191dc13cd!8m2!3d-7.3315135!4d110.5022826!16s%2Fg%2F11r2qxr3_l!19sChIJPWjDQO15ei4RzRPckaGR1Fw?authuser=0&hl=id&rclk=1,"Jl. Sukowati No.51, Kalicacing, Kec. Sidomukti, Kota Salatiga, Jawa Tengah 50724",Kota Salatiga,Jawa Tengah,4.6,1,Restoran Mie,09.00 hingga 23.00,Tidak Ada,Tidak Ada,Buka,Approved,2027-01-26,255,Tersertifikasi,Low,360000000,0,0,2,0,Low
GCN-0342,Mie Gacoan Bogor - Pabuaran Ciangsana,https://www.google.com/maps/place/Mie+Gacoan+Bogor+-+Pabuaran+Ciangsana/data=!4m7!3m6!1s0x2e6993001853da75:0x724c5ee277730fae!8m2!3d-6.3493214!4d106.9599697!16s%2Fg%2F11m5s3g6n4!19sChIJddpTGACTaS4Rrg9zd-JeTHI?authuser=0&hl=id&rclk=1,"Jl. Raya Ciangsana, Ciangsana, Kec. Gn. Putri, Kabupaten Bogor, Jawa Barat 16968",Kabupaten Bogor,Jawa Barat,4.8,8,Restoran Mie,08.00 hingga 23.00,Tidak Ada,Tidak Ada,Buka,Approved,2026-05-05,0,Tersertifikasi,Medium,540000000,1,0,2,0,Medium
GCN-0343,Mie Gacoan Transyogi Cileungsi,https://www.google.com/maps/place/Mie+Gacoan+Transyogi+Cileungsi/data=!4m7!3m6!1s0x2e6995004f380f01:0x5090f7181a0a98b5!8m2!3d-6.4067506!4d106.9752425!16s%2Fg%2F11w2hnjnc9!19sChIJAQ84TwCVaS4RtZgKGhj3kFA?authuser=0&hl=id&rclk=1,"Jl. Raya Cileungsi - Jonggol, Cileungsi Kidul, Kec. Cileungsi, Kabupaten Bogor, Jawa Barat",Kabupaten Bogor,Jawa Barat,4.8,8,Restoran Mie,Buka 24 jam,0896-9954-4013,Tidak Ada,Buka,Approved,2028-03-05,659,Tersertifikasi,Medium,750000000,1,0,2,0,Medium
GCN-0344,Mie Gacoan Purbalingga,https://www.google.com/maps/place/Mie+Gacoan+Purbalingga/data=!4m7!3m6!1s0x2e655904d73203b5:0xf45630a59bd240d4!8m2!3d-7.3871073!4d109.3492889!16s%2Fg%2F11vks97n7c!19sChIJtQMy1wRZZS4R1EDSm6UwVvQ?authuser=0&hl=id&rclk=1,"Jl. Mt. Haryono, Desa_Karangsentul, Karangsentul, Kec. Padamara, Kabupaten Purbalingga, Jawa Tengah 53372",Kabupaten Purbalingga,Jawa Tengah,4.8,1,Restoran Mie,08.00 hingga 23.00,Tidak Ada,Tidak Ada,Buka,Approved,2026-07-05,50,Proses Perpanjangan,Medium,430000000,1,0,1,0,Medium
GCN-0345,Mie Gacoan Pemda Cibinong,https://www.google.com/maps/place/Mie+Gacoan+Pemda+Cibinong/data=!4m7!3m6!1s0x2e69c10003ea2ac5:0x1805466b63aa49ca!8m2!3d-6.4820808!4d106.8296911!16s%2Fg%2F11xv87nd_5!19sChIJxSrqAwDBaS4RykmqY2tGBRg?authuser=0&hl=id&rclk=1,"Jl. Tegar Beriman No.41, Tengah, Kec. Cibinong, Kabupaten Bogor, Jawa Barat 16914",Kabupaten Bogor,Jawa Barat,4.9,8,Restoran Mie,Buka 24 jam,Tidak Ada,Tidak Ada,Buka,Approved,2027-11-02,535,Tersertifikasi,Low,650000000,0,0,2,0,Low
GCN-0346,"Mie Gacoan ""Mas Budi""",https://www.google.com/maps/place/Mie+Gacoan+%22Mas+Budi%22/data=!4m7!3m6!1s0x2e70b15139af6437:0xe0ca413c783f262a!8m2!3d-7.0884257!4d110.9105313!16s%2Fg%2F11sj9t__qp!19sChIJN2SvOVGxcC4RKiY_eDxByuA?authuser=0&hl=id&rclk=1,"Ww66+J6G, Jetis Barat, Purwodadi, Kec. Purwodadi, Kabupaten Grobogan, Jawa Tengah 58111",Kabupaten Grobogan,Jawa Tengah,4.5,1,Restoran Mie,09.00 hingga 22.00,0813-2815-5169,Tidak Ada,Buka,Approved,2026-08-27,103,Tersertifikasi,Low,730000000,0,0,2,0,Low
GCN-0347,Mie Gacoan Bogor,https://www.google.com/maps/place/Mie+Gacoan+Bogor/data=!4m7!3m6!1s0x2e69c5b8f298740f:0x5c78b63307a54155!8m2!3d-6.5832353!4d106.8058375!16s%2Fg%2F11pzscknzw!19sChIJD3SY8rjFaS4RVUGlBzO2eFw?authuser=0&hl=id&rclk=1,"Jl. Raya Pajajaran No.63, Rt.04/Rw.13, Bantarjati, Kec. Bogor Utara, Kota Bogor, Jawa Barat 16153",Kota Bogor,Jawa Barat,4.7,5005,Restoran Mie,Buka 24 jam,Tidak Ada,Tidak Ada,Buka,In Progress,2026-10-19,156,Menunggu Audit,Medium,740000000,1,2,0,0,Medium
GCN-0348,Mie Gacoan Dan Seblak Gacor,https://www.google.com/maps/place/Mie+gacoan+dan+seblak+Gacor/data=!4m7!3m6!1s0x2e70dfae5c691d61:0xe59923cc3bcb1b1!8m2!3d-6.6903313!4d110.7161293!16s%2Fg%2F11kpk681gq!19sChIJYR1pXK7fcC4RsbG8wzySWQ4?authuser=0&hl=id&rclk=1,"Rw. 2, Pulodarat, Kec. Pecangaan, Kabupaten Jepara, Jawa Tengah 59460",Kabupaten Jepara,Jawa Tengah,4.5,1,Restoran Mie,11.00 hingga 21.00,0856-4304-8623,Tidak Ada,Buka,In Progress,2026-06-07,22,Menunggu Audit,Low,530000000,0,2,0,0,Low
GCN-0349,Parkir Mie Gacoan,https://www.google.com/maps/place/Parkir+mie+gacoan/data=!4m7!3m6!1s0x2e6fb9000417e373:0xcea967da223ac6b6!8m2!3d-6.8749711!4d109.1271636!16s%2Fg%2F11ylxt2ly3!19sChIJc-MXBAC5by4RtsY6Itpnqc4?authuser=0&hl=id&rclk=1,"Jl. Kompol Suprapto No.91, Kemandungan, Kec. Tegal Bar., Kota Tegal, Jawa Tengah 52133",Kota Tegal,Jawa Tengah,5.0,1,Restoran Mie,Buka 24 jam,Tidak Ada,Tidak Ada,Buka,Approved,2028-06-20,766,Tersertifikasi,Low,350000000,0,0,2,0,Low
GCN-0350,Mie Gacoan,https://www.google.com/maps/place/Mie+gacoan/data=!4m7!3m6!1s0x2e6fc50030149b6d:0x41860d3883955e40!8m2!3d-6.9290861!4d109.3416657!16s%2Fg%2F11xp1zx6p3!19sChIJbZsUMADFby4RQF6VgzgNhkE?authuser=0&hl=id&rclk=1,"38Cr+9G5, Sidomulyo, Banjarmulya, Kec. Pemalang, Kabupaten Pemalang, Jawa Tengah",Kabupaten Pemalang,Jawa Tengah,5.0,1,Restoran Mie,08.00 hingga 20.00,0831-0952-0192,Tidak Ada,Buka,Approved,2028-11-21,920,Menunggu Audit,Low,600000000,0,0,0,0,Low
GCN-0351,Mie Gacoan Bogor - Leuwiliang,https://www.google.com/maps/place/Mie+Gacoan+Bogor+-+Leuwiliang/data=!4m7!3m6!1s0x2e69d9002e6e70f5:0x5f7b26e700adda87!8m2!3d-6.5710892!4d106.6255984!16s%2Fg%2F11md1klkpy!19sChIJ9XBuLgDZaS4Rh9qtAOcme18?authuser=0&hl=id&rclk=1,"Jl. Raya Leuwiliang, Leuwiliang, Kec. Leuwiliang, Kabupaten Bogor, Jawa Barat 16640",Kabupaten Bogor,Jawa Barat,4.7,8,Restoran Mie,08.00 hingga 23.00,Tidak Ada,Tidak Ada,Buka,Approved,2027-09-08,480,Tersertifikasi,Medium,220000000,1,0,2,0,Medium
GCN-0352,Mie Gacoan - Bogor Kedung Badak,https://www.google.com/maps/place/Mie+Gacoan+-+Bogor+Kedung+Badak/data=!4m7!3m6!1s0x2e69c55dcd6a85c7:0x7f9cbc9e26a74922!8m2!3d-6.5625013!4d106.7999253!16s%2Fg%2F11sv5z329d!19sChIJx4VqzV3FaS4RIkmnJp68nH8?authuser=0&hl=id&rclk=1,"Jl. Kedung Badak, Rt.01/Rw.02, Kedungbadak, Tanah Sareal, Kota Bogor, Jawa Barat 16164",Kota Bogor,Jawa Barat,4.8,5005,Restoran Mie,Buka 24 jam,Tidak Ada,Tidak Ada,Buka,Approved,2026-05-01,0,Tersertifikasi,Low,440000000,0,0,2,0,Low
GCN-0353,Dc Mie Gacoan Semarang,https://www.google.com/maps/place/DC+Mie+Gacoan+Semarang/data=!4m7!3m6!1s0x2e7089233176ebf1:0xdd861a131ab09b90!8m2!3d-7.0583049!4d110.4151084!16s%2Fg%2F11q24c760h!19sChIJ8et2MSOJcC4RkJuwGhMaht0?authuser=0&hl=id&rclk=1,"Jl. Murbei No.140, Sumurboto, Kec. Banyumanik, Kota Semarang, Jawa Tengah 50263",Kota Semarang,Jawa Tengah,5.0,1,Restoran Mie,08.00 hingga 16.00,Tidak Ada,Tidak Ada,Buka,Approved,2027-03-24,312,Menunggu Audit,Medium,640000000,1,0,0,0,Medium
GCN-0354,Mie Gacoan Ciomas,https://www.google.com/maps/place/Mie+Gacoan+Ciomas/data=!4m7!3m6!1s0x2e69c5d332b75ef1:0xc9a640d4f2067820!8m2!3d-6.5965312!4d106.7789826!16s%2Fg%2F11txhvrb0t!19sChIJ8V63MtPFaS4RIHgG8tRApsk?authuser=0&hl=id&rclk=1,"Jl. Re. Abdullah, Rt.03/Rw.05, Pasirmulya, Kec. Bogor Bar., Kota Bogor, Jawa Barat 16118",Kota Bogor,Jawa Barat,4.9,5,Restoran Mie,08.00 hingga 23.00,Tidak Ada,Tidak Ada,Buka,Approved,2028-07-13,789,Proses Perpanjangan,Medium,620000000,1,0,1,0,Medium
GCN-0355,Mie Gacoan Bogor - Yasmin,https://www.google.com/maps/place/Mie+Gacoan+Bogor+-+Yasmin/data=!4m7!3m6!1s0x2e69c5cff090fdb7:0x673f85bd0f26344d!8m2!3d-6.5647245!4d106.7629369!16s%2Fg%2F11s9hd18zy!19sChIJt_2Q8M_FaS4RTTQmD72FP2c?authuser=0&hl=id&rclk=1,"Jl. Brigjen Saptadji Hadiprawira, Rt.01/Rw.13, Cilendek Bar., Kec. Bogor Bar., Kota Bogor, Jawa Barat",Kota Bogor,Jawa Barat,4.8,10006,Restoran Mie,08.00 hingga 23.00,Tidak Ada,Tidak Ada,Buka,Approved,2026-10-02,139,Tersertifikasi,High (Butuh Eskalasi),180000000,2,0,2,0,High (Butuh Eskalasi)
GCN-0356,Mie Gacoan Annora,https://www.google.com/maps/place/Mie+gacoan+annora/data=!4m7!3m6!1s0x2e70b9001866dc25:0x33c8a54bbb612d85!8m2!3d-7.0262497!4d110.895838!16s%2Fg%2F11y3713qyn!19sChIJJdxmGAC5cC4RhS1hu0ulyDM?authuser=0&hl=id&rclk=1,"Depan Bank Bkk, Raya Brati-Kudus, Tengaran, Tirem, Kec. Brati, Kabupaten Grobogan, Jawa Tengah",Kabupaten Grobogan,Jawa Tengah,5.0,1,Restoran Mie,Buka 24 jam,Tidak Ada,Tidak Ada,Buka,In Progress,2028-05-13,728,Tersertifikasi,Low,320000000,0,2,2,0,Low
GCN-0357,Mie Gacoan Proklamator Bandar Jaya,https://www.google.com/maps/place/Mie+Gacoan+Proklamator+Bandar+Jaya/data=!4m7!3m6!1s0x2e40a9004e6b96fb:0xd3622858fe3ed9a5!8m2!3d-4.9373178!4d105.2129028!16s%2Fg%2F11w3rprqsk!19sChIJ-5ZrTgCpQC4Rpdk-_lgoYtM?authuser=0&hl=id&rclk=1,"3677+44P, Jl. Proklamator Raya, Bandar Jaya Bar., Kec. Terbanggi Besar, Kabupaten Lampung Tengah, Lampung 34163",Kabupaten Lampung Tengah,Lampung,4.7,8,Restoran Mie,08.00 hingga 00.00,Tidak Ada,mitrabalisukses.com,Buka,In Progress,2026-10-17,154,Tersertifikasi,Low,570000000,0,2,2,0,Low
GCN-0358,Mie Gacoan,https://www.google.com/maps/place/Mie+gacoan/data=!4m7!3m6!1s0x2e655f0074657a33:0x331b87960cefe798!8m2!3d-7.4210958!4d109.2546443!16s%2Fg%2F11y01497jt!19sChIJM3pldABfZS4RmOfvDJaHGzM?authuser=0&hl=id&rclk=1,"H7H3+Hv6, Jl. Dr. Soeparno, Purwokerto Wetan, Kec. Purwokerto Tim., Kabupaten Banyumas, Jawa Tengah 53111",Kabupaten Banyumas,Jawa Tengah,4.9,10,Restoran Mie,Buka 24 jam,Tidak Ada,Tidak Ada,Buka,Approved,2027-07-01,411,Tersertifikasi,Low,300000000,0,0,2,0,Low
GCN-0359,Mie Gacoan Jogja - Godean,https://www.google.com/maps/place/MIE+GACOAN+JOGJA+-+GODEAN/data=!4m7!3m6!1s0x2e7a590911fd37e1:0x4d86403679c3c577!8m2!3d-7.7783473!4d110.3377024!16s%2Fg%2F11mfb1c0sf!19sChIJ4Tf9EQlZei4Rd8XDeTZAhk0?authuser=0&hl=id&rclk=1,"Jl. Ngapak - Kentheng, Modinan, Banyuraden, Kec. Gamping, Kabupaten Sleman, Daerah Istimewa Yogyakarta 55293",Kabupaten Sleman,Di Yogyakarta,4.6,4631,Restoran Mie,10.00 hingga 22.00,Tidak Ada,Tidak Ada,Buka,Approved,2027-05-11,360,Tersertifikasi,High (Butuh Eskalasi),280000000,2,0,2,0,High (Butuh Eskalasi)
GCN-0360,"Mie Ayam,Mie Gacoan &Seblak Podomoro","https://www.google.com/maps/place/Mie+ayam,mie+gacoan+%26seblak+PODOMORO/data=!4m7!3m6!1s0x2e708d00417f7cd5:0xd3d30e69afaf342e!8m2!3d-7.0415859!4d110.5026189!16s%2Fg%2F11yv5hg6h5!19sChIJ1Xx_QQCNcC4RLjSvr2kO09M?authuser=0&hl=id&rclk=1","Xg53+929, Jl. Kayon V, Rt.06 Rw02, Kayon, Batursari, Kec. Mranggen, Kabupaten Demak, Jawa Tengah 59567",Kabupaten Demak,Jawa Tengah,5.0,1,Restoran Mie,10.00 hingga 20.30,0821-3622-4016,Tidak Ada,Buka,Approved,2027-06-22,402,Tersertifikasi,Medium,250000000,1,0,2,0,Medium
GCN-0361,Mie Gacoan Rasa Mantul Dapoer Raya,https://www.google.com/maps/place/Mie+Gacoan+Rasa+Mantul+Dapoer+Raya/data=!4m7!3m6!1s0x2e6fb80ab16f2fcd:0xbf0cf65d2b90d5ef!8m2!3d-6.8857215!4d109.1870082!16s%2Fg%2F11vz6qwqm0!19sChIJzS9vsQq4by4R79WQK132DL8?authuser=0&hl=id&rclk=1,"Babakan Utara, Babakan, Kec. Kramat, Kabupaten Tegal, Jawa Tengah",Kabupaten Tegal,Jawa Tengah,5.0,1,Restoran Mie,Buka 24 jam,Tidak Ada,Tidak Ada,Buka,Approved,2027-08-02,443,Tersertifikasi,High (Butuh Eskalasi),680000000,2,0,2,0,High (Butuh Eskalasi)
GCN-0362,Mie Ala Gacoan Mb.Al,https://www.google.com/maps/place/Mie+ala+Gacoan+mb.AL/data=!4m7!3m6!1s0x2e70bf48b21edc37:0x833c576c46b41ab2!8m2!3d-7.0307238!4d110.7187303!16s%2Fg%2F11w7rcdrgh!19sChIJN9weski_cC4Rshq0RmxXPIM?authuser=0&hl=id&rclk=1,"Dangi, Harjowinangun, Kec. Godong, Kabupaten Grobogan, Jawa Tengah 58162",Kabupaten Grobogan,Jawa Tengah,4.85,1,Restoran Mie,Buka 24 jam,Tidak Ada,Tidak Ada,Tutup Sementara,Approved,2026-06-02,17,Proses Perpanjangan,Low,450000000,0,0,1,0,Low
GCN-0363,Mie Gacoan Bogor - Dramaga Raya,https://www.google.com/maps/place/Mie+Gacoan+Bogor+-+Dramaga+raya/data=!4m7!3m6!1s0x2e69c5066c0ded01:0xedce207a98f16693!8m2!3d-6.5699324!4d106.7392578!16s%2Fg%2F11l3872pry!19sChIJAe0NbAbFaS4Rk2bxmHogzu0?authuser=0&hl=id&rclk=1,"Jl. Nasional 11, Dramaga, Kec. Dramaga, Kabupaten Bogor, Jawa Barat 16680",Kabupaten Bogor,Jawa Barat,4.7,8,Restoran Mie,Buka 24 jam,Tidak Ada,Tidak Ada,Buka,Approved,2028-01-22,616,Proses Perpanjangan,Low,530000000,0,0,1,0,Low
GCN-0364,Kedai Gacoan,https://www.google.com/maps/place/Kedai+GACOAN/data=!4m7!3m6!1s0x2e7aa1d2bbebe9c1:0x619451844f44015e!8m2!3d-7.3672141!4d109.9218705!16s%2Fg%2F11p_4dh69w!19sChIJwenru9Khei4RXgFET4RRlGE?authuser=0&hl=id&rclk=1,"Perum Jl. Perumahan Griya Madukoro Asri Blok E12, Perum Madukoro Asri, Bumireso, Kec. Wonosobo, Kabupaten Wonosobo, Jawa Tengah 56317",Kabupaten Wonosobo,Jawa Tengah,4.8,1,Restoran Mie,16.00 hingga 23.00,0813-9383-2267,Tidak Ada,Buka,Approved,2027-03-23,311,Tersertifikasi,Low,530000000,0,0,2,0,Low
GCN-0365,Mie Gacoan Karangsambung,https://www.google.com/maps/place/Mie+gacoan+karangsambung/data=!4m7!3m6!1s0x2e7ab1d64f69dca5:0x2c8041fda055df9b!8m2!3d-7.5497725!4d109.6726496!16s%2Fg%2F11w7h3vctk!19sChIJpdxpT9axei4Rm99VoP1BgCw?authuser=0&hl=id&rclk=1,"Jl. Karangsambung, Rt.003/Rw.002, Karangsambung, Kec. Karangsambung, Kabupaten Kebumen, Jawa Tengah",Kabupaten Kebumen,Jawa Tengah,5.0,1,Restoran Mie,10.00 hingga 22.00,0812-8863-6742,Tidak Ada,Buka,Approved,2028-09-16,854,Tersertifikasi,Low,470000000,0,0,2,0,Low
GCN-0366,Mie Gacoan Ponorogo - Urip Sumoharjo,https://www.google.com/maps/place/Mie+Gacoan+Ponorogo+-+Urip+Sumoharjo/data=!4m7!3m6!1s0x2e799fcc13463831:0x4be141129069b6f6!8m2!3d-7.8652032!4d111.4651484!16s%2Fg%2F11kjh5g9kc!19sChIJMThGE8yfeS4R9rZpkBJB4Us?authuser=0&hl=id&rclk=1,"Jl. Urip Sumoharjo No.58, Krajan, Mangkujayan, Kec. Ponorogo, Kabupaten Ponorogo, Jawa Timur 63413",Kabupaten Ponorogo,Jawa Timur,4.7,150,Restoran Mie,Buka 24 jam,Tidak Ada,desty.page,Buka,Approved,2028-10-22,890,Tersertifikasi,Medium,400000000,1,0,2,0,Medium
GCN-0367,Mie Yamin Ghacoan Cabang Kupang,https://www.google.com/maps/place/Mie+Yamin+ghacoan+cabang+kupang/data=!4m7!3m6!1s0x2e708115656cb529:0x2b22250fe96351c1!8m2!3d-7.2495709!4d110.4140022!16s%2Fg%2F11kk6z4y1d!19sChIJKbVsZRWBcC4RwVFj6Q8lIis?authuser=0&hl=id&rclk=1,"Jl. Yos Sudarso No.18, Kupangrengas, Kupang Ndukuh, Kec. Ambarawa, Kabupaten Semarang, Jawa Tengah 50612",Kabupaten Semarang,Jawa Tengah,4.1,1,Restoran Mie,10.00 hingga 20.00,Tidak Ada,Tidak Ada,Buka,Approved,2027-05-17,366,Tersertifikasi,Low,470000000,0,0,2,0,Low
GCN-0368,Mie Gacoan Cuandu,https://www.google.com/maps/place/Mie+gacoan+cuandu/data=!4m7!3m6!1s0x2e705d00529de68d:0xc2d29fec57e28768!8m2!3d-6.9458866!4d110.1497241!16s%2Fg%2F11xmrn4h0s!19sChIJjeadUgBdcC4RaIfiV-yf0sI?authuser=0&hl=id&rclk=1,"343X+Jvx, Jl. Botomulyo - Jambangan, Debong Kidul, Botomulyo, Kec. Gemuh, Kabupaten Kendal, Jawa Tengah 51352",Kabupaten Kendal,Jawa Tengah,4.7,1,Restoran Mie,Buka 24 jam,Tidak Ada,Tidak Ada,Buka,In Progress,2028-11-13,912,Tersertifikasi,Low,760000000,0,2,2,0,Low
GCN-0369,Gacoan Wahid Hasyim,https://www.google.com/maps/place/Gacoan+Wahid+Hasyim/data=!4m7!3m6!1s0x2e655d00087161e7:0xfe8d39d14898cff7!8m2!3d-7.4435781!4d109.2440147!16s%2Fg%2F11x1lhpncz!19sChIJ52FxCABdZS4R98-YSNE5jf4?authuser=0&hl=id&rclk=1,"Jl. Kyai H. Wahid Hasim No.81, Windusara, Karangklesem, Kec. Purwokerto Sel., Kabupaten Banyumas, Jawa Tengah 53144",Kabupaten Banyumas,Jawa Tengah,4.9,10,Restoran Mie,Buka 24 jam,Tidak Ada,Tidak Ada,Buka,Approved,2026-07-20,65,Tersertifikasi,Low,530000000,0,0,2,0,Low
GCN-0370,Kedai Mie Gacoan,https://www.google.com/maps/place/Kedai+Mie+Gacoan/data=!4m7!3m6!1s0x2e655700215425d7:0x7b7bf7f297812620!8m2!3d-7.4021993!4d109.4338415!16s%2Fg%2F11vqk2dljm!19sChIJ1yVUIQBXZS4RICaBl_L3e3s?authuser=0&hl=id&rclk=1,"Hcxm+4Hr, Jalan Raya, Dusun V, Bandingan, Kec. Kejobong, Kabupaten Purbalingga, Jawa Tengah 53392",Kabupaten Purbalingga,Jawa Tengah,4.2,1,Restoran Mie,Buka 24 jam,Tidak Ada,Tidak Ada,Buka,Approved,2028-08-17,824,Tersertifikasi,Low,310000000,0,0,2,0,Low
GCN-0371,Mie Ala Gacoan Mas Surya (Delivery Order),https://www.google.com/maps/place/Mie+Ala+Gacoan+Mas+Surya+%28Delivery+Order%29/data=!4m7!3m6!1s0x2e70b10c25737cdf:0xf87a9f2986246440!8m2!3d-7.0866996!4d110.9121018!16s%2Fg%2F11kpxt3sq_!19sChIJ33xzJQyxcC4RQGQkhimfevg?authuser=0&hl=id&rclk=1,"Jl. Soponyono Iii No.30, Jetis Utara, Purwodadi, Kec. Purwodadi, Kabupaten Grobogan, Jawa Tengah 58111",Kabupaten Grobogan,Jawa Tengah,5.0,1,Restoran Mie,10.00 hingga 21.00,0895-0569-4283,facebook.com,Buka,Approved,2028-11-03,902,Tersertifikasi,Low,170000000,0,0,2,0,Low
GCN-0372,Mie Judhes Ala Gacoan Icha,https://www.google.com/maps/place/Mie+judhes+ala+gacoan+icha/data=!4m7!3m6!1s0x2e705d004930c1ad:0x53fb9d2f98714c34!8m2!3d-6.9376457!4d110.1426075!16s%2Fg%2F11vxg38pc8!19sChIJrcEwSQBdcC4RNExxmC-d-1M?authuser=0&hl=id&rclk=1,"346R+Rxq Kiongan, Rt.02/Rw.3, Kiongan, Karangsuno, Kec. Cepiring, Kabupaten Kendal, Jawa Tengah 51352",Kabupaten Kendal,Jawa Tengah,4.9,1,Restoran Mie,Buka 24 jam,0896-3590-3543,Tidak Ada,Buka,In Progress,2026-12-15,213,Tersertifikasi,Low,480000000,0,2,2,0,Low
GCN-0373,Mie Gacoan,https://www.google.com/maps/place/Mie+gacoan/data=!4m7!3m6!1s0x2e708b00529ec467:0x20d27a729b0188c3!8m2!3d-6.9963806!4d110.3884365!16s%2Fg%2F11zh_ctph1!19sChIJZ8SeUgCLcC4Rw4gBm3J60iA?authuser=0&hl=id&rclk=1,"293Q+C9V, Jl. Tarupolo Raya, Gisikdrono, Kec. Semarang Barat, Kota Semarang, Jawa Tengah 50149",Kota Semarang,Jawa Tengah,4.65,1,Restoran Mie,Buka 24 jam,Tidak Ada,Tidak Ada,Buka,Approved,2026-06-18,33,Tersertifikasi,Low,420000000,0,0,2,0,Low
GCN-0374,Mie Gacoan Mang Bogel,https://www.google.com/maps/place/Mie+Gacoan+Mang+Bogel/data=!4m7!3m6!1s0x2e6f9b0025abea31:0x63dfc69177d2d430!8m2!3d-7.1864374!4d108.913819!16s%2Fg%2F11y78gcnl8!19sChIJMeqrJQCbby4RMNTSd5HG32M?authuser=0&hl=id&rclk=1,"Rw77+Cgm, Jetak, Sindangwangi, Kec. Bantarkawung, Kabupaten Brebes, Jawa Tengah 52274",Kabupaten Brebes,Jawa Tengah,3.0,1,Restoran Mie,Buka 24 jam,Tidak Ada,Tidak Ada,Buka,Approved,2028-04-19,704,Tersertifikasi,Low,460000000,0,0,2,0,Low
GCN-0375,Mie Gacoan Ayam Bakso Om Ali,https://www.google.com/maps/place/Mie+Gacoan+Ayam+Bakso+Om+Ali/data=!4m7!3m6!1s0x2e775ebf3a2e2657:0x515a68d421da37f1!8m2!3d-7.1919199!4d111.398679!16s%2Fg%2F11vz4hl03j!19sChIJVyYuOr9edy4R8TfaIdRoWlE?authuser=0&hl=id&rclk=1,"R95X+6Fm, Jl. Raya Cepu - Randublatung, Rt.04/Rw.01, Kedungjaran, Wulung, Kec. Randublatung, Kabupaten Blora, Jawa Tengah 58382",Kabupaten Blora,Jawa Tengah,5.0,1,Restoran Mie,Buka 24 jam,Tidak Ada,Tidak Ada,Buka,Approved,2026-11-12,180,Tersertifikasi,High (Butuh Eskalasi),590000000,2,0,2,0,High (Butuh Eskalasi)
GCN-0376,Mie Kacoan Mae Pekalongan,https://www.google.com/maps/place/Mie+Kacoan+Mae+Pekalongan/data=!4m7!3m6!1s0x2e7025e704bcba47:0x59a538fcd3bab344!8m2!3d-6.8908611!4d109.6742035!16s%2Fg%2F11tjl7w651!19sChIJR7q8BOclcC4RRLO60_w4pVk?authuser=0&hl=id&rclk=1,"Gg.10 A No.8, Kauman, Kec. Pekalongan Tim., Kota Pekalongan, Jawa Tengah 51127",Kota Pekalongan,Jawa Tengah,5.0,1,Restoran Mie,10.00 hingga 19.00,0815-7268-3419,Tidak Ada,Buka,Approved,2028-08-07,814,Tersertifikasi,Medium,570000000,1,0,2,0,Medium
GCN-0377,Mie Gacor Ala Gacoan,https://www.google.com/maps/place/MIE+GACOR+ALA+GACOAN/data=!4m7!3m6!1s0x2e6f9700580823e9:0xbd1db64f7697814c!8m2!3d-7.0724016!4d109.0346347!16s%2Fg%2F11y0y_11z2!19sChIJ6SMIWACXby4RTIGXdk-2Hb0?authuser=0&hl=id&rclk=1,"W2Hm+2Rh, Jl. Margasari - Jatibarang, Karangdawa, Kec. Margasari, Kabupaten Tegal, Jawa Tengah 52463",Kabupaten Tegal,Jawa Tengah,5.0,1,Restoran Mie,10.00 hingga 21.00,Tidak Ada,Tidak Ada,Buka,Approved,2028-11-29,928,Tersertifikasi,Low,160000000,0,0,2,0,Low
GCN-0378,Mie Ala Gacoan,https://www.google.com/maps/place/Mie+Ala+Gacoan/data=!4m7!3m6!1s0x2e705cb11a2570c1:0xf65cd7302985aa0b!8m2!3d-6.9198623!4d110.1485854!16s%2Fg%2F11whlrqsd3!19sChIJwXAlGrFccC4RC6qFKTDXXPY?authuser=0&hl=id&rclk=1,"34Jx+3C4, Jl. Nusa Indah Karangayu, Kendayaan, Karangayu, Kec. Cepiring, Kabupaten Kendal, Jawa Tengah 51352",Kabupaten Kendal,Jawa Tengah,4.7,1,Restoran Mie,Buka 24 jam,Tidak Ada,Tidak Ada,Buka,Approved,2027-12-21,584,Tersertifikasi,Medium,370000000,1,0,2,0,Medium
GCN-0379,Mie Gacoan Banjar Mayjen,https://www.google.com/maps/place/Mie+Gacoan+Banjar+Mayjen/data=!4m7!3m6!1s0x2e6f630022e385b3:0x135505608779f777!8m2!3d-7.3691583!4d108.5346015!16s%2Fg%2F11vx7gtm3h!19sChIJs4XjIgBjby4Rd_d5h2AFVRM?authuser=0&hl=id&rclk=1,"Jl. Lapang Bakti, Banjar, Kec. Banjar, Kota Banjar, Jawa Barat 46311",Kota Banjar,Jawa Barat,4.8,8,Restoran Mie,08.00 hingga 23.00,Tidak Ada,Tidak Ada,Buka,Approved,2026-10-26,163,Tersertifikasi,Low,300000000,0,0,2,0,Low
GCN-0380,Mie Ayam Bakso Gacoan,https://www.google.com/maps/place/Mie+Ayam+Bakso+Gacoan/data=!4m7!3m6!1s0x2e708bbcfc597d81:0xfc35f27cd2d19e1e!8m2!3d-7.0034128!4d110.3951189!16s%2Fg%2F11p6z1dkbd!19sChIJgX1Z_LyLcC4RHp7R0nzyNfw?authuser=0&hl=id&rclk=1,"X9Ww+J2Q, Jl. Simongan, Ngemplak Simongan, Kec. Semarang Barat, Kota Semarang, Jawa Tengah 50148",Kota Semarang,Jawa Tengah,4.0,1,Restoran Mie,10.00 hingga 21.00,Tidak Ada,Tidak Ada,Buka,Approved,2028-06-22,768,Tersertifikasi,Low,340000000,0,0,2,0,Low
GCN-0381,Mie Gacoan Cobek Bakar,https://www.google.com/maps/place/Mie+Gacoan+Cobek+Bakar/data=!4m7!3m6!1s0x2e6fa1007d6ef795:0xbcc65882a4d0410b!8m2!3d-6.978316!4d108.8380963!16s%2Fg%2F11wh4c_jfw!19sChIJlfdufQChby4RC0HQpIJYxrw?authuser=0&hl=id&rclk=1,"2Rcq+M6Q, Parereja, Parireja, Kec. Banjarharjo, Kabupaten Brebes, Jawa Tengah 52265",Kabupaten Brebes,Jawa Tengah,5.0,1,Restoran Mie,Buka 24 jam,Tidak Ada,Tidak Ada,Buka,Approved,2027-05-20,369,Tersertifikasi,Low,190000000,0,0,2,0,Low
GCN-0382,Mie Ngacoan,https://www.google.com/maps/place/Mie+NGACOAN/data=!4m7!3m6!1s0x2e656d39795dd055:0xb9beb967f9f1dcb3!8m2!3d-7.6232496!4d109.0869539!16s%2Fg%2F11v6wn4tr7!19sChIJVdBdeTltZS4Rs9zx-We5vrk?authuser=0&hl=id&rclk=1,"93Gp+Pq4, Srimaja, Planjan, Kec. Kesugihan, Kabupaten Cilacap, Jawa Tengah 53274",Kabupaten Cilacap,Jawa Tengah,4.7,1,Restoran Mie,Buka 24 jam,Tidak Ada,Tidak Ada,Buka,Approved,2027-11-22,555,Tersertifikasi,Low,390000000,0,0,2,0,Low
GCN-0383,Mie Gacoan Bu Yati,https://www.google.com/maps/place/Mie+gacoan+Bu+yati/data=!4m7!3m6!1s0x2e7091e46486552d:0x2ceab86d0bfd715a!8m2!3d-7.0517442!4d110.5740167!16s%2Fg%2F11l5v8jcv8!19sChIJLVWGZOSRcC4RWnH9C2246iw?authuser=0&hl=id&rclk=1,"Whxf+8J2, Jl Gang Pondok Almubasir, Rt.1/Rw.13, Karangawen, Kec. Karangawen, Kabupaten Demak, Jawa Tengah",Kabupaten Demak,Jawa Tengah,4.9,1,Restoran Mie,Buka 24 jam,Tidak Ada,Tidak Ada,Buka,Approved,2028-01-26,620,Tersertifikasi,High (Butuh Eskalasi),730000000,2,0,2,0,High (Butuh Eskalasi)
GCN-0384,Rumah Gacoan,https://www.google.com/maps/place/Rumah+Gacoan/data=!4m7!3m6!1s0x2e6fbba03b2a5675:0x63e8e0954bbe022c!8m2!3d-6.8786706!4d109.0571197!16s%2Fg%2F11w3x6d63b!19sChIJdVYqO6C7by4RLAK-S5Xg6GM?authuser=0&hl=id&rclk=1,"Jl. Hasanudin No.30, Rt.04/Rw.06, Pecolotan, Gandasuli, Kec. Brebes, Kabupaten Brebes, Jawa Tengah 52215",Kabupaten Brebes,Jawa Tengah,5.0,1,Restoran Mie,Buka 24 jam,0856-4053-2174,Tidak Ada,Buka,In Progress,2027-11-29,562,Tersertifikasi,Low,230000000,0,2,2,0,Low
GCN-0385,Mie Gacoan Dan Warkop Jublegan K.J,https://www.google.com/maps/place/Mie+gacoan+dan+warkop+jublegan+k.j/data=!4m7!3m6!1s0x2e6f91004ea003e7:0x71b2e8e362f058b5!8m2!3d-7.1662886!4d109.0902715!16s%2Fg%2F11x96725y4!19sChIJ5wOgTgCRby4RtVjwYuPosnE?authuser=0&hl=id&rclk=1,"Krajan, Jejeg, Kecamatan Bumijawa, Kabupaten Tegal, Jawa Tengah 52466",Kabupaten Tegal,Jawa Tengah,5.0,1,Restoran Mie,09.00 hingga 00.00,0881-3755-652,facebook.com,Buka,Approved,2027-01-24,253,Tersertifikasi,Low,570000000,0,0,2,0,Low
GCN-0386,Mie Gacoan Kotabaru,https://www.google.com/maps/place/Mie+Gacoan+Kotabaru/data=!4m7!3m6!1s0x2e7a5930d6b7875f:0x6330d678abba8199!8m2!3d-7.788613!4d110.3750568!16s%2Fg%2F11jbnqcthc!19sChIJX4e31jBZei4RmYG6q3jWMGM?authuser=0&hl=id&rclk=1,"Jl. Sudarso No.13, Kotabaru, Kec. Gondokusuman, Kota Yogyakarta, Daerah Istimewa Yogyakarta 55224",Kota Yogyakarta,Di Yogyakarta,4.6,4631,Restoran Mie,09.00 hingga 22.00,Tidak Ada,Tidak Ada,Buka,In Progress,2026-06-29,44,Tersertifikasi,Medium,200000000,1,2,2,0,Medium
GCN-0387,Mie Gacoan Patangpuluhan,https://www.google.com/maps/place/MIE+GACOAN+PATANGPULUHAN/data=!4m7!3m6!1s0x2e7a579af5f48561:0x1456125f0b25e32e!8m2!3d-7.8077059!4d110.3469759!16s%2Fg%2F11sz2mk9jv!19sChIJYYX09ZpXei4RLuMlC18SVhQ?authuser=0&hl=id&rclk=1,"58Vw+2Q5, Jl. Patangpuluhan, Patangpuluhan, Wirobrajan, Kota Yogyakarta, Daerah Istimewa Yogyakarta 55251",Kota Yogyakarta,Di Yogyakarta,4.6,4631,Restoran Mie,09.00 hingga 23.00,Tidak Ada,Tidak Ada,Buka,Approved,2027-08-08,449,Tersertifikasi,Low,610000000,0,0,2,0,Low
GCN-0388,Mie Gacoan Gejayan,https://www.google.com/maps/place/Mie+Gacoan+Gejayan/data=!4m7!3m6!1s0x2e7a5959d1aafeb9:0x1906e7ba074b3daa!8m2!3d-7.7637281!4d110.3931354!16s%2Fg%2F11q4h7jcvb!19sChIJuf6q0VlZei4Rqj1LB7rnBhk?authuser=0&hl=id&rclk=1,"Jl. Affandi No.9, Karang Gayam, Caturtunggal, Kec. Depok, Kabupaten Sleman, Daerah Istimewa Yogyakarta 55281",Kabupaten Sleman,Jawa Barat,4.5,4631,Restoran Mie,Buka 24 jam,Tidak Ada,Tidak Ada,Buka,In Progress,2027-04-02,321,Tersertifikasi,Low,780000000,0,2,2,0,Low
GCN-0389,Mie Gacoan Taman Siswa,https://www.google.com/maps/place/Mie+Gacoan+Taman+Siswa/data=!4m7!3m6!1s0x2e7a5750c0bbda53:0xee6e45d756945c1e!8m2!3d-7.8046148!4d110.378397!16s%2Fg%2F11fm15nlvy!19sChIJU9q7wFBXei4RHlyUVtdFbu4?authuser=0&hl=id&rclk=1,"Jl. Taman Siswa No.27, Wirogunan, Kec. Mergangsan, Kota Yogyakarta, Daerah Istimewa Yogyakarta 55151",Kota Yogyakarta,Di Yogyakarta,4.4,4631,Restoran Mie,Buka 24 jam,Tidak Ada,Tidak Ada,Buka,Approved,2026-12-26,224,Tersertifikasi,Medium,440000000,1,0,2,0,Medium
GCN-0390,Mie Gacoan Jombor,https://www.google.com/maps/place/Mie+Gacoan+Jombor/data=!4m7!3m6!1s0x2e7a59b2da77dff7:0x4a2f30409dfd4347!8m2!3d-7.7520853!4d110.3624444!16s%2Fg%2F11sqpcl6r7!19sChIJ99932rJZei4RR0P9nUAwL0o?authuser=0&hl=id&rclk=1,"69X6+67F, Kutu Patran, Sinduadi, Kec. Mlati, Kabupaten Sleman, Daerah Istimewa Yogyakarta 55284",Kabupaten Sleman,Di Yogyakarta,4.6,4631,Restoran Mie,Buka 24 jam,Tidak Ada,Tidak Ada,Buka,Approved,2028-07-01,777,Tersertifikasi,Low,210000000,0,0,2,0,Low
GCN-0391,Mie Gacoan Babarsari,https://www.google.com/maps/place/Mie+Gacoan+Babarsari/data=!4m7!3m6!1s0x2e7a59bfcb25c1d5:0xaff9c0300b8b31e6!8m2!3d-7.779548!4d110.4152316!16s%2Fg%2F11rkctql9d!19sChIJ1cEly79Zei4R5jGLCzDA-a8?authuser=0&hl=id&rclk=1,"Ruko Rafflesia, Jl. Babarsari, Janti, Caturtunggal, Kec. Depok, Kabupaten Sleman, Daerah Istimewa Yogyakarta 55281",Kabupaten Sleman,Jawa Barat,4.7,4631,Restoran Mie,Buka 24 jam,Tidak Ada,Tidak Ada,Buka,Approved,2026-09-04,111,Tersertifikasi,Low,400000000,0,0,2,0,Low
GCN-0392,꧋ꦒꦕꦺꦴꦮꦤ꧀ꦏꦺꦴꦠꦧꦫꦸ Gacoan Kota Baru,https://www.google.com/maps/place/%EA%A7%8B%EA%A6%92%EA%A6%95%EA%A6%BA%EA%A6%B4%EA%A6%AE%EA%A6%A4%EA%A7%80%EA%A6%8F%EA%A6%BA%EA%A6%B4%EA%A6%A0%EA%A6%A7%EA%A6%AB%EA%A6%B8+Gacoan+kota+baru/data=!4m7!3m6!1s0x2e7a591c722f5755:0xf266579bc849901a!8m2!3d-7.7884085!4d110.3749707!16s%2Fg%2F11shkwy12q!19sChIJVVcvchxZei4RGpBJyJtXZvI?authuser=0&hl=id&rclk=1,"696F+Jxq, Jl. Atmosukarto, Kotabaru, Kec. Gondokusuman, Kota Yogyakarta, Daerah Istimewa Yogyakarta 55224",Kota Yogyakarta,Di Yogyakarta,4.3,4631,Restoran Mie,Buka 24 jam,Tidak Ada,Tidak Ada,Buka,Bermasalah,2027-09-01,473,Tersertifikasi,Low,690000000,0,1,2,0,Low
GCN-0393,꧋ꦩꦶꦪꦺꦒꦗꦺꦴꦮꦤ꧀,https://www.google.com/maps/place/%EA%A7%8B%EA%A6%A9%EA%A6%B6%EA%A6%AA%EA%A6%BA%EA%A6%92%EA%A6%97%EA%A6%BA%EA%A6%B4%EA%A6%AE%EA%A6%A4%EA%A7%80/data=!4m7!3m6!1s0x2e7a57a6a078f769:0xc39417f7d8019e85!8m2!3d-7.8073242!4d110.3470804!16s%2Fg%2F11sk3pg03d!19sChIJafd4oKZXei4RhZ4B2PcXlMM?authuser=0&hl=id&rclk=1,"Jl. Patangpuluhan No.25-33, Patangpuluhan, Wirobrajan, Kota Yogyakarta, Daerah Istimewa Yogyakarta 55251",Kota Yogyakarta,Di Yogyakarta,5.0,4631,Restoran Mie,Buka 24 jam,Tidak Ada,Tidak Ada,Buka,Approved,2026-08-28,104,Tersertifikasi,Low,600000000,0,0,2,0,Low
GCN-0394,꧋ꦩꦶꦪꦺꦒꦕꦺꦴꦮꦤ꧀ꦠꦩ꧀ꦱꦶꦱ꧀ Mie Gacoan Tamsis,https://www.google.com/maps/place/%EA%A7%8B%EA%A6%A9%EA%A6%B6%EA%A6%AA%EA%A6%BA%EA%A6%92%EA%A6%95%EA%A6%BA%EA%A6%B4%EA%A6%AE%EA%A6%A4%EA%A7%80%EA%A6%A0%EA%A6%A9%EA%A7%80%EA%A6%B1%EA%A6%B6%EA%A6%B1%EA%A7%80+mie+gacoan+tamsis/data=!4m7!3m6!1s0x2e7a57f975c5bc45:0xe51dd818af2d5e94!8m2!3d-7.8046432!4d110.3783405!16s%2Fg%2F11k4_f_83g!19sChIJRbzFdflXei4RlF4trxjYHeU?authuser=0&hl=id&rclk=1,"Jl. Taman Siswa No.27, Wirogunan, Kec. Mergangsan, Kota Yogyakarta, Daerah Istimewa Yogyakarta 55151",Kota Yogyakarta,Di Yogyakarta,3.9,4631,Restoran Mie,Buka 24 jam,Tidak Ada,Tidak Ada,Buka,Approved,2028-11-16,915,Menunggu Audit,Low,310000000,0,0,0,0,Low
GCN-0404,Mie Gacoan Sidoarjo - Pabean,https://www.google.com/maps/place/Mie+Gacoan+Sidoarjo+-+Pabean/data=!4m7!3m6!1s0x2dd7e52231071e9f:0x619e9e448f1c2463!8m2!3d-7.3678077!4d112.7636106!16s%2Fg%2F11s4c6q7tf!19sChIJnx4HMSLl1y0RYyQcj0SenmE?authuser=0&hl=id&rclk=1,"Jl. Raya Pabean No.39, Payan, Pabean, Kec. Sedati, Kabupaten Sidoarjo, Jawa Timur 61253",Kabupaten Sidoarjo,Jawa Timur,4.7,150,Restoran Mie,09.00 hingga 23.00,Tidak Ada,Tidak Ada,Buka,Approved,2026-06-09,24,Tersertifikasi,Low,610000000,0,0,2,0,Low
GCN-0408,Mie Gacoan Gresik - Panglima Sudirman,https://www.google.com/maps/place/Mie+Gacoan+Gresik+-+Panglima+Sudirman/data=!4m7!3m6!1s0x2dd8017a83b639e1:0x773ff0e6dcd63379!8m2!3d-7.1689739!4d112.6546273!16s%2Fg%2F11s3bzb_dg!19sChIJ4Tm2g3oB2C0ReTPW3ObwP3c?authuser=0&hl=id&rclk=1,"Jl. Panglima Sudirman No.161, Kramatandap, Gapurosukolilo, Kec. Gresik, Kabupaten Gresik, Jawa Timur 61111",Kabupaten Gresik,Jawa Timur,4.8,150,Restoran Mie,08.00 hingga 23.00,Tidak Ada,Tidak Ada,Buka,In Progress,2026-05-07,0,Menunggu Audit,Low,610000000,0,2,0,0,Low
GCN-0409,Mie Gacoan Sidoarjo Geluran Taman,https://www.google.com/maps/place/Mie+Gacoan+Sidoarjo+Geluran+taman/data=!4m7!3m6!1s0x2dd7e30cf42de4d1:0x59083de6a0ef0b75!8m2!3d-7.3567666!4d112.6931693!16s%2Fg%2F11l6vkm7cz!19sChIJ0eQt9Azj1y0RdQvvoOY9CFk?authuser=0&hl=id&rclk=1,"Jl. Imam Bonjol, Taman, Kec. Taman, Kabupaten Sidoarjo, Jawa Timur 61257",Kabupaten Sidoarjo,Jawa Timur,4.6,150,Restoran Mie,Buka 24 jam,Tidak Ada,Tidak Ada,Buka,Approved,2028-04-26,711,Tersertifikasi,Medium,550000000,1,0,2,0,Medium
GCN-0410,Mie Gacoan Sidoarjo - Trosobo Citra Harmoni,https://www.google.com/maps/place/Mie+Gacoan+Sidoarjo+-+Trosobo+Citra+Harmoni/data=!4m7!3m6!1s0x2dd7e38bbd10f2b1:0xaff7ee2d46d624e0!8m2!3d-7.372706!4d112.6506319!16s%2Fg%2F11vc5mj494!19sChIJsfIQvYvj1y0R4CTWRi3u968?authuser=0&hl=id&rclk=1,"Jmg2+W76, Jl. Raya Beringin Kulon, Bringin Kulon, Bringinbendo, Kec. Taman, Kabupaten Sidoarjo, Jawa Timur 61257",Kabupaten Sidoarjo,Jawa Timur,4.8,150,Restoran Mie,08.00 hingga 23.00,Tidak Ada,Tidak Ada,Buka,Approved,2027-11-12,545,Menunggu Audit,High (Butuh Eskalasi),250000000,2,0,0,0,High (Butuh Eskalasi)
GCN-0411,Mie Gacoan Geluran,https://www.google.com/maps/place/Mie+gacoan+geluran/data=!4m7!3m6!1s0x2dd7e300467cf1b9:0x3d788466736bb357!8m2!3d-7.3531492!4d112.6980054!16s%2Fg%2F11ytc7_bz5!19sChIJufF8RgDj1y0RV7Nrc2aEeD0?authuser=0&hl=id&rclk=1,"Jmwx+P6R, Jl. Raya Geluran, Taman, Kec. Taman, Kabupaten Sidoarjo, Jawa Timur",Kabupaten Sidoarjo,Jawa Timur,4.6,150,Restoran Mie,Buka 24 jam,Tidak Ada,Tidak Ada,Buka,Approved,2027-11-29,562,Tersertifikasi,High (Butuh Eskalasi),180000000,2,0,2,0,High (Butuh Eskalasi)
GCN-0412,Mie Gacoan - Teuku Umar,https://www.google.com/maps/place/Mie+Gacoan+-+Teuku+Umar/data=!4m7!3m6!1s0x2dd7e79fafbc2605:0xe758fcff46f28397!8m2!3d-7.4504644!4d112.7157177!16s%2Fg%2F11st8g762c!19sChIJBSa8r5_n1y0Rl4PyRv_8WOc?authuser=0&hl=id&rclk=1,"Jl. Teuku Umar No.41Mangersari, Mangersari, Magersari, Kec. Sidoarjo, Kabupaten Sidoarjo, Jawa Timur 61212",Kabupaten Sidoarjo,Jawa Timur,4.8,150,Restoran Mie,Buka 24 jam,Tidak Ada,Tidak Ada,Buka,Approved,2027-12-24,587,Menunggu Audit,Medium,490000000,1,0,0,0,Medium
GCN-0413,Mie Gacoan - Gresik Kota Baru,https://www.google.com/maps/place/Mie+Gacoan+-+Gresik+Kota+Baru/data=!4m7!3m6!1s0x2e77ff6c0c917e0f:0x5df59b411112ad0c!8m2!3d-7.1586093!4d112.6172799!16s%2Fg%2F11s62_9jmg!19sChIJD36RDGz_dy4RDK0SEUGb9V0?authuser=0&hl=id&rclk=1,"Jl. Sumatera, Gn. Malang, Randuagung, Kec. Kebomas, Kabupaten Gresik, Jawa Timur",Kabupaten Gresik,Jawa Timur,4.8,150,Restoran Mie,Buka 24 jam,0895-0289-2827,Tidak Ada,Buka,Approved,2028-07-20,796,Tersertifikasi,Medium,160000000,1,0,2,0,Medium
GCN-0415,Mie Gacoan - Puri Surya Jaya,https://www.google.com/maps/place/Mie+Gacoan+-+Puri+Surya+Jaya/data=!4m7!3m6!1s0x2dd7e59b9cdf8891:0x1d81160ffe596777!8m2!3d-7.3948237!4d112.7311082!16s%2Fg%2F11khf3vz45!19sChIJkYjfnJvl1y0Rd2dZ_g8WgR0?authuser=0&hl=id&rclk=1,"Jp4J+3Ch, Jl. Taman Athena, Demeling, Gedangan, Kec. Gedangan, Kabupaten Sidoarjo, Jawa Timur 61254",Kabupaten Sidoarjo,Jawa Timur,4.7,150,Restoran Mie,10.00 hingga 23.00,Tidak Ada,Tidak Ada,Buka,In Progress,2028-02-05,630,Tersertifikasi,Low,540000000,0,2,2,0,Low
GCN-0416,Mie Gacoan - Krian Sidoarjo,https://www.google.com/maps/place/Mie+Gacoan+-+Krian+Sidoarjo/data=!4m7!3m6!1s0x2e780939c90d9e33:0xd5b4a40e8881ba49!8m2!3d-7.4119291!4d112.5727483!16s%2Fg%2F11sth47k3_!19sChIJM54NyTkJeC4RSbqBiA6ktNU?authuser=0&hl=id&rclk=1,"Hhqf+74Q, Jl. Mayjen Bambang Yuwono, Sidodadi, Kemangsen, Kec. Balongbendo, Kabupaten Sidoarjo, Jawa Timur 61262",Kabupaten Sidoarjo,Dki Jakarta,4.7,150,Restoran Mie,Buka 24 jam,Tidak Ada,Tidak Ada,Buka,Approved,2028-11-28,927,Tersertifikasi,Low,800000000,0,0,2,0,Low
GCN-0417,Mie Gacoan - Ponti,https://www.google.com/maps/place/Mie+Gacoan+-+Ponti/data=!4m7!3m6!1s0x2dd7e150a830c681:0x90d608c0e75ccda0!8m2!3d-7.445301!4d112.7049543!16s%2Fg%2F11st8fbyfd!19sChIJgcYwqFDh1y0RoM1c58AI1pA?authuser=0&hl=id&rclk=1,"Jl. Raya Ponti No.9, Wismasarinadi, Magersari, Kec. Sidoarjo, Kabupaten Sidoarjo, Jawa Timur 61212",Kabupaten Sidoarjo,Jawa Timur,4.7,150,Restoran Mie,09.00 hingga 23.00,Tidak Ada,Tidak Ada,Buka,Approved,2027-01-18,247,Tersertifikasi,Low,660000000,0,0,2,0,Low
GCN-0419,Ayam Gacoan Faskul,https://www.google.com/maps/place/Ayam+Gacoan+Faskul/data=!4m7!3m6!1s0x2dd7e5ae92061d61:0x9805135a719a74db!8m2!3d-7.356334!4d112.7645672!16s%2Fg%2F11q2s0_0rb!19sChIJYR0Gkq7l1y0R23SacVoTBZg?authuser=0&hl=id&rclk=1,"Wisma, Jl. Bhineka Faskul No.03, Tropodo Wetan, Tropodo, Kec. Waru, Kabupaten Sidoarjo, Jawa Timur 61256",Kabupaten Sidoarjo,Jawa Timur,4.3,150,Restoran Mie,Buka 24 jam,0878-7083-1069,Tidak Ada,Buka,Approved,2028-12-06,935,Tersertifikasi,Low,620000000,0,0,2,0,Low
GCN-0421,Mie Gacoan Malang - Sukun,https://www.google.com/maps/place/Mie+Gacoan+Malang+-+Sukun/data=!4m7!3m6!1s0x2e78833db8f86e79:0xf9530d21e7e657f9!8m2!3d-7.9985522!4d112.6185701!16s%2Fg%2F11kpdxkkb3!19sChIJeW74uD2DeC4R-Vfm5yENU_k?authuser=0&hl=id&rclk=1,"Jl. S. Supriadi No.74, Sukun, Kec. Sukun, Kota Malang, Jawa Timur 65148",Kota Malang,Jawa Timur,4.5,29,Restoran Mie,Buka 24 jam,0896-3934-5020,Tidak Ada,Buka,Approved,2028-04-06,691,Tersertifikasi,Low,260000000,0,0,2,0,Low
GCN-0422,Mie Gacoan Stasiun Kota Malang,https://www.google.com/maps/place/Mie+Gacoan+Stasiun+Kota+Malang/data=!4m7!3m6!1s0x2dd629b60b7d6d1b:0x11c797e4f7ea9e41!8m2!3d-7.9759012!4d112.6362213!16s%2Fg%2F11svpx6xc5!19sChIJG219C7Yp1i0RQZ7q9-SXxxE?authuser=0&hl=id&rclk=1,"Jl. Ronggo Warsito No.27, Klojen, Kec. Klojen, Kota Malang, Jawa Timur 65111",Kota Malang,Jawa Timur,4.7,29,Restoran Mie,08.00 hingga 00.00,Tidak Ada,Tidak Ada,Buka,Approved,2027-06-14,394,Tersertifikasi,Low,690000000,0,0,2,0,Low
GCN-0423,Mie Gacoan Suhat,https://www.google.com/maps/place/Mie+Gacoan+Suhat/data=!4m7!3m6!1s0x2dd629adcb5961ad:0x78ff8cd2b5b452e7!8m2!3d-7.9380555!4d112.6281303!16s%2Fg%2F11wmj6l3jv!19sChIJrWFZy60p1i0R51K0tdKM_3g?authuser=0&hl=id&rclk=1,"Di Samping Dikichi Fied Chicken, Jl. Soekarno Hatta, Rt.01/Rw.14, Mojolangu, Kec. Lowokwaru, Kota Malang, Jawa Timur 65142",Kota Malang,Jawa Timur,4.4,29,Restoran Mie,Buka 24 jam,0896-3934-5020,Tidak Ada,Buka,Approved,2027-09-04,476,Tersertifikasi,Low,440000000,0,0,2,0,Low
GCN-0424,Mie Gacoan Tlogomas,https://www.google.com/maps/place/Mie+Gacoan+Tlogomas/data=!4m7!3m6!1s0x2e7883551a052a8d:0xd1abac38ecba2d44!8m2!3d-7.9342323!4d112.604645!16s%2Fg%2F11t_k3d13_!19sChIJjSoFGlWDeC4RRC267Disq9E?authuser=0&hl=id&rclk=1,"Jl. Raya Tlogomas No.5, Tlogomas, Kec. Lowokwaru, Kota Malang, Jawa Timur 65144",Kota Malang,Jawa Timur,4.5,29,Restoran Mie,Buka 24 jam,Tidak Ada,Tidak Ada,Buka,Approved,2028-03-09,663,Tersertifikasi,Low,640000000,0,0,2,0,Low
GCN-0425,Mie Gacoan,https://www.google.com/maps/place/Mie+Gacoan/data=!4m7!3m6!1s0x2dd6296dc886eb2b:0x9155f320e6f9cc0c!8m2!3d-7.9628152!4d112.6236545!16s%2Fg%2F11v02w5rcb!19sChIJK-uGyG0p1i0RDMz55iDzVZE?authuser=0&hl=id&rclk=1,"Jl. Jakarta No.16, Penanggungan, Kec. Klojen, Kota Malang, Jawa Timur 65113",Kota Malang,Dki Jakarta,4.6,29,Restoran Mie,11.00 hingga 00.00,0822-3361-6163,Tidak Ada,Buka,Approved,2028-08-23,830,Tersertifikasi,Low,540000000,0,0,2,0,Low
GCN-0426,Mie Gacoan Sawojajar Kota Malang,https://www.google.com/maps/place/Mie+Gacoan+Sawojajar+Kota+Malang/data=!4m7!3m6!1s0x2dd62943c8df2c89:0xe738fe2d59b1afe!8m2!3d-7.9812603!4d112.653789!16s%2Fg%2F11sv7nxknc!19sChIJiSzfyEMp1i0R_hqb1eKPcw4?authuser=0&hl=id&rclk=1,"2M93+Ggg, Jl. Dirgantara, Lesanpuro, Kec. Kedungkandang, Kota Malang, Jawa Timur 65139",Kota Malang,Jawa Timur,4.7,29,Restoran Mie,Buka 24 jam,Tidak Ada,Tidak Ada,Buka,Approved,2027-04-26,345,Tersertifikasi,Medium,470000000,1,0,2,0,Medium
GCN-0427,Mie Gacoan Malang - Singosari,https://www.google.com/maps/place/Mie+Gacoan+Malang+-+Singosari/data=!4m7!3m6!1s0x2dd62b7894907899:0xb702cbaf429d0c2a!8m2!3d-7.9001902!4d112.6627503!16s%2Fg%2F11t_k3p1bf!19sChIJmXiQlHgr1i0RKgydQq_LArc?authuser=0&hl=id&rclk=1,"Jl. Raya Mondoroko No.123A, Rt.08/Rw.07, Pangetan, Pagentan, Kec. Singosari, Kabupaten Malang, Jawa Timur 65153",Kabupaten Malang,Jawa Timur,4.3,150,Restoran Mie,09.00 hingga 22.00,Tidak Ada,Tidak Ada,Buka,Approved,2026-10-07,144,Tersertifikasi,Low,710000000,0,0,2,0,Low
GCN-0428,Mie Gacoan Candi Sidoarjo,https://www.google.com/maps/place/Mie+Gacoan+Candi+Sidoarjo/data=!4m7!3m6!1s0x2dd7e1e459c70fc5:0x7e642c4b2cdad29b!8m2!3d-7.4822162!4d112.7130171!16s%2Fg%2F11k4rs_zt1!19sChIJxQ_HWeTh1y0Rm9LaLEssZH4?authuser=0&hl=id&rclk=1,"Gp97+45M, Jl. Raya Gelam No.6, Gelam, Kec. Candi, Kabupaten Sidoarjo, Jawa Timur 61271",Kabupaten Sidoarjo,Jawa Timur,4.6,150,Restoran Mie,Buka 24 jam,Tidak Ada,Tidak Ada,Buka,Approved,2026-11-17,185,Tersertifikasi,Low,260000000,0,0,2,0,Low
GCN-0429,Mie Gacoan Kediri - Urip Sumoharjo,https://www.google.com/maps/place/Mie+Gacoan+Kediri+-+Urip+Sumoharjo/data=!4m7!3m6!1s0x2e7857a24db89697:0x4ede1eb29581f24e!8m2!3d-7.8324019!4d112.0094114!16s%2Fg%2F11v04wmp79!19sChIJl5a4TaJXeC4RTvKBlbIe3k4?authuser=0&hl=id&rclk=1,"Jl. Urip Sumoharjo No.88, Kaliombo, Kec. Kota, Kota Kediri, Jawa Timur 64129",Kota Kediri,Jawa Timur,4.7,150,Restoran Mie,08.00 hingga 23.00,Tidak Ada,Tidak Ada,Buka,Approved,2028-11-25,924,Proses Perpanjangan,Low,720000000,0,0,1,0,Low
GCN-0430,Mie Gacoan Banjaran,https://www.google.com/maps/place/Mie+Gacoan+Banjaran/data=!4m7!3m6!1s0x2e7857e688283997:0x79666dd5287262c9!8m2!3d-7.8174549!4d112.0263916!16s%2Fg%2F11v4mznm8s!19sChIJlzkoiOZXeC4RyWJyKNVtZnk?authuser=0&hl=id&rclk=1,"Jl. Pahlawan Kusuma Bangsa, Banjaran, Kec. Kota, Kota Kediri, Jawa Timur 64129",Kota Kediri,Jawa Timur,4.7,150,Restoran Mie,Buka 24 jam,Tidak Ada,Tidak Ada,Buka,In Progress,2027-08-22,463,Proses Perpanjangan,Medium,580000000,1,2,1,0,Medium
GCN-0431,Mie Gacoan 1,https://www.google.com/maps/place/Mie+Gacoan+1/data=!4m7!3m6!1s0x2e785725a99f4961:0xf049b2ddd8439e61!8m2!3d-7.8216231!4d112.0186001!16s%2Fg%2F11bw5xm8h7!19sChIJYUmfqSVXeC4RYZ5D2N2ySfA?authuser=0&hl=id&rclk=1,"Jl. Joyoboyo No.13, Jagalan, Kec. Kota, Kota Kediri, Jawa Timur 64129",Kota Kediri,Jawa Timur,4.3,150,Restoran Mie,09.00 hingga 21.00,Tidak Ada,Tidak Ada,Buka,Approved,2027-05-07,356,Tersertifikasi,Low,290000000,0,0,2,0,Low
GCN-0432,Mie Gacoan,https://www.google.com/maps/place/Mie+gacoan/data=!4m7!3m6!1s0x2e785700057ea8a7:0x8f6ff061ceb0ac0f!8m2!3d-7.7968953!4d112.0023207!16s%2Fg%2F11xh9rf41z!19sChIJp6h-BQBXeC4RD6ywzmHwb48?authuser=0&hl=id&rclk=1,"6232+6Ww, Mojoroto, Kec. Mojoroto, Kota Kediri, Jawa Timur",Kota Kediri,Jawa Timur,5.0,150,Restoran Mie,Buka 24 jam,Tidak Ada,Tidak Ada,Buka,Approved,2026-06-03,18,Tersertifikasi,Medium,650000000,1,0,2,0,Medium
GCN-0433,Mie Gacoan Kediri - Pare,https://www.google.com/maps/place/Mie+Gacoan+Kediri+-+Pare/data=!4m7!3m6!1s0x2e785d45caecbdd1:0x1ebdeaee39d90f3!8m2!3d-7.7620728!4d112.1808255!16s%2Fg%2F11v0hj_21p!19sChIJ0b3sykVdeC4R85Cd467e6wE?authuser=0&hl=id&rclk=1,"Jl. Raya Kediri - Pare No.25, Puhrejo, Tulungrejo, Kec. Pare, Kabupaten Kediri, Jawa Timur 64212",Kabupaten Kediri,Jawa Timur,4.7,150,Restoran Mie,08.00 hingga 23.00,0895-0742-8957,Tidak Ada,Buka,Approved,2028-10-13,881,Proses Perpanjangan,Low,270000000,0,0,1,0,Low
GCN-0434,Mie Gacoan Blitar - Tanjung,https://www.google.com/maps/place/Mie+Gacoan+Blitar+-+Tanjung/data=!4m7!3m6!1s0x2e78ed002ecf9e67:0x74d6ec17b117f15d!8m2!3d-8.1016102!4d112.1515985!16s%2Fg%2F11x0x5xldx!19sChIJZ57PLgDteC4RXfEXsRfs1nQ?authuser=0&hl=id&rclk=1,"Jl. Raya Kediri - Blitar No.73, Sukorejo, Kec. Sukorejo, Kota Blitar, Jawa Timur 66121",Kota Blitar,Jawa Timur,4.6,150,Restoran Mie,Buka 24 jam,Tidak Ada,Tidak Ada,Buka,Approved,2028-02-09,634,Tersertifikasi,Low,710000000,0,0,2,0,Low
GCN-0435,Mie Gacoan Kalimantan - Blitar,https://www.google.com/maps/place/Mie+Gacoan+Kalimantan+-+Blitar/data=!4m7!3m6!1s0x2e78ebecb7a3f9bb:0x83aa2dcfa726879f!8m2!3d-8.1107701!4d112.1787138!16s%2Fg%2F11sgygbncc!19sChIJu_mjt-zreC4Rn4cmp88tqoM?authuser=0&hl=id&rclk=1,"Jl. Kalimantan No.102, Karangtengah, Kec. Sananwetan, Kota Blitar, Jawa Timur 66137",Kota Blitar,Jawa Timur,4.8,150,Restoran Mie,Buka 24 jam,0856-4909-4797,Tidak Ada,Tutup Permanen,Approved,2027-12-12,575,Tersertifikasi,Medium,270000000,1,0,2,0,Medium
GCN-0436,Mie Gacoan - Banyuwangi Dr. Wahidin,https://www.google.com/maps/place/Mie+Gacoan+-+Banyuwangi+DR.+Wahidin/data=!4m7!3m6!1s0x2dd1451bc5c71f8f:0x23b2a571decdae19!8m2!3d-8.2133092!4d114.3768092!16s%2Fg%2F11xfqhy4lb!19sChIJjx_HxRtF0S0RGa7N3nGlsiM?authuser=0&hl=id&rclk=1,"Jl. Dr. Sutomo No.6, Rt.005/Rw.003, Kepatihan, Kec. Banyuwangi, Kabupaten Banyuwangi, Jawa Timur 68411",Kabupaten Banyuwangi,Jawa Tengah,4.7,1,Restoran Mie,Buka 24 jam,0895-2440-5007,Tidak Ada,Buka,Approved,2027-09-14,486,Proses Perpanjangan,Low,620000000,0,0,1,0,Low
GCN-0437,Mie Gacoan - Genteng Banyuwangi,https://www.google.com/maps/place/Mie+Gacoan+-+Genteng+Banyuwangi/data=!4m7!3m6!1s0x2dd1550065d28ffd:0x6f471ef367c0d4b9!8m2!3d-8.3658727!4d114.1472444!16s%2Fg%2F11x7kx__st!19sChIJ_Y_SZQBV0S0RudTAZ_MeR28?authuser=0&hl=id&rclk=1,"Jl. Diponegoro No.15, Dusun Krajan, Genteng Kulon, Kec. Genteng, Kabupaten Banyuwangi, Jawa Timur 68465",Kabupaten Banyuwangi,Jawa Timur,4.8,150,Restoran Mie,Buka 24 jam,Tidak Ada,Tidak Ada,Buka,Approved,2028-05-26,741,Tersertifikasi,Low,720000000,0,0,2,0,Low
GCN-0438,Mie Gacoan,https://www.google.com/maps/place/mie+gacoan/data=!4m7!3m6!1s0x2dd145000d204fd5:0x7f8408fe01272c62!8m2!3d-8.2190944!4d114.3691416!16s%2Fg%2F11n4x0w4gg!19sChIJ1U8gDQBF0S0RYiwnAf4IhH8?authuser=0&hl=id&rclk=1,"Q9J9+9M6, Penganjuran, Kec. Banyuwangi, Kabupaten Banyuwangi, Jawa Timur",Kabupaten Banyuwangi,Jawa Timur,4.7,150,Restoran Mie,Buka 24 jam,Tidak Ada,Tidak Ada,Buka,In Progress,2028-09-01,839,Proses Perpanjangan,Low,510000000,0,2,1,0,Low
GCN-0439,Mie Hotlaza Ala Mie Gacoan Level Pedas Bwi,https://www.google.com/maps/place/Mie+Hotlaza+ala+Mie+Gacoan+Level+Pedas+Bwi/data=!4m7!3m6!1s0x2dd15b6720b8faf5:0xde21783fc0b57042!8m2!3d-8.2256074!4d114.3627269!16s%2Fg%2F11kk7nk71w!19sChIJ9fq4IGdb0S0RQnC1wD94Id4?authuser=0&hl=id&rclk=1,"Timur Tk Rahmatullah Depan Bengkel Las, Jl. Panjalu, Rt.04/Rw.01, Taman Baru, Kabupaten Banyuwangi, Jawa Timur 68416",Kabupaten Banyuwangi,Jawa Timur,4.5,150,Restoran Mie,Buka 24 jam,0822-2542-8177,wa.me,Buka,Approved,2028-06-13,759,Menunggu Audit,Medium,390000000,1,0,0,0,Medium
GCN-0440,Mie Gacoan Dewi Sri,https://www.google.com/maps/place/Mie+Gacoan+Dewi+Sri/data=!4m7!3m6!1s0x2dd2471eefdc1e95:0xdf7fcfa423faa927!8m2!3d-8.7053607!4d115.1775346!16s%2Fg%2F11q7gr11pt!19sChIJlR7c7x5H0i0RJ6n6I6TPf98?authuser=0&hl=id&rclk=1,"Jl. Dewi Sri No.72, Legian, Kec. Kuta Utara, Kabupaten Badung, Bali 80361",Kabupaten Badung,Bali,4.4,25,Restoran Mie,Buka 24 jam,Tidak Ada,Tidak Ada,Buka,Approved,2026-12-25,223,Tersertifikasi,Low,310000000,0,0,2,0,Low
GCN-0441,Mie Gacoan Jimbaran,https://www.google.com/maps/place/Mie+Gacoan+Jimbaran/data=!4m7!3m6!1s0x2dd24504a6d4b023:0xab15fb452971cde5!8m2!3d-8.7848083!4d115.1785706!16s%2Fg%2F11ngrhfdrl!19sChIJI7DUpgRF0i0R5c1xKUX7Fas?authuser=0&hl=id&rclk=1,"657H+Xfq, Jl. Raya Kampus Unud, Jimbaran, Kec. Kuta Sel., Kabupaten Badung, Bali 80361",Kabupaten Badung,Bali,4.4,5,Restoran Mie,Buka 24 jam,Tidak Ada,Tidak Ada,Buka,Approved,2026-12-03,201,Tersertifikasi,Low,240000000,0,0,2,0,Low
GCN-0442,Mie Gacoan Raya Kuta,https://www.google.com/maps/place/Mie+Gacoan+Raya+Kuta/data=!4m7!3m6!1s0x2dd24741fdd09fb7:0xe41eb5bf2707c664!8m2!3d-8.7310076!4d115.1775288!16s%2Fg%2F11ptpg5hl9!19sChIJt5_Q_UFH0i0RZMYHJ7-1HuQ?authuser=0&hl=id&rclk=1,"Jl. Raya Kuta No.72, Kuta, Kec. Kuta, Kabupaten Badung, Bali 80361",Kabupaten Badung,Bali,4.3,25,Restoran Mie,Buka 24 jam,Tidak Ada,Tidak Ada,Buka,Approved,2026-10-14,151,Tersertifikasi,High (Butuh Eskalasi),260000000,2,0,2,0,High (Butuh Eskalasi)
GCN-0443,Mie Gacoan Teuku Umar Barat,https://www.google.com/maps/place/Mie+Gacoan+Teuku+Umar+Barat/data=!4m7!3m6!1s0x2dd241d8d8bb9871:0xd9eb478db25e1c47!8m2!3d-8.6812338!4d115.1908886!16s%2Fg%2F11hzsn4rg8!19sChIJcZi72NhB0i0RRxxeso1H69k?authuser=0&hl=id&rclk=1,"Jl. Teuku Umar Barat No.99, Pemecutan Klod, Kec. Denpasar Bar., Kota Denpasar, Bali 80119",Kota Denpasar,Bali,4.4,1,Restoran Mie,Buka 24 jam,Tidak Ada,Tidak Ada,Buka,Approved,2028-02-10,635,Tersertifikasi,Low,590000000,0,0,2,0,Low
GCN-0444,Mie Gacoan Dalung - ᬫᬶ ᬕᬘ᭄ᬯᬦ᭄᭟,https://www.google.com/maps/place/Mie+Gacoan+Dalung+-+%E1%AC%AB%E1%AC%B6+%E1%AC%95%E1%AC%98%E1%AD%84%E1%AC%AF%E1%AC%A6%E1%AD%84%E1%AD%9F/data=!4m7!3m6!1s0x2dd23919d8280d8b:0x60b41a2a49990951!8m2!3d-8.6305347!4d115.1759575!16s%2Fg%2F11qm6l1dy3!19sChIJiw0o2Bk50i0RUQmZSSoatGA?authuser=0&hl=id&rclk=1,"Jl. Raya Padang Luwih No.145, Dalung, Kec. Kuta Utara, Kabupaten Badung, Bali 80361",Kabupaten Badung,Sumatra Barat,4.5,25,Restoran Mie,Buka 24 jam,Tidak Ada,mitrabalisukses.com,Buka,Approved,2027-04-21,340,Tersertifikasi,Low,490000000,0,0,2,0,Low
GCN-0445,Mie Gacoan Canggu,https://www.google.com/maps/place/Mie+Gacoan+Canggu/data=!4m7!3m6!1s0x2dd239089b8bec39:0xa850ba726202a3da!8m2!3d-8.6461744!4d115.1660315!16s%2Fg%2F11pvb7vqfp!19sChIJOeyLmwg50i0R2qMCYnK6UKg?authuser=0&hl=id&rclk=1,"Jl. Raya Canggu No.176, Kerobokan, Kec. Kuta Utara, Kabupaten Badung, Bali 80361",Kabupaten Badung,Bali,4.5,25,Restoran Mie,Buka 24 jam,0897-1411-313,mitrabalisukses.com,Buka,Approved,2028-07-03,779,Tersertifikasi,Low,800000000,0,0,2,0,Low
GCN-0446,Mie Gacoan Renon,https://www.google.com/maps/place/Mie+Gacoan+Renon/data=!4m7!3m6!1s0x2dd241d91ea208e5:0x941aae7c19515542!8m2!3d-8.6700572!4d115.2230165!16s%2Fg%2F11j0yh1sx3!19sChIJ5QiiHtlB0i0RQlVRGXyuGpQ?authuser=0&hl=id&rclk=1,"Jl. Tantular Barat No.83, Dangin Puri Klod, Kec. Denpasar Tim., Kota Denpasar, Bali 80234",Kota Denpasar,Bali,4.4,1,Restoran Mie,Buka 24 jam,Tidak Ada,instagram.com,Buka,Approved,2027-08-01,442,Tersertifikasi,Low,570000000,0,0,2,0,Low
GCN-0447,Mie Gacoan Sesetan,https://www.google.com/maps/place/Mie+Gacoan+Sesetan/data=!4m7!3m6!1s0x2dd24180f31f831b:0xe98d717e510c171b!8m2!3d-8.7085084!4d115.2204512!16s%2Fg%2F11rwwtnlcm!19sChIJG4Mf84BB0i0RGxcMUX5xjek?authuser=0&hl=id&rclk=1,"Jl. Raya Sesetan No.300B, Sesetan, Denpasar Selatan, Kota Denpasar, Bali 80223",Kota Denpasar,Bali,4.5,1,Restoran Mie,10.00 hingga 22.00,Tidak Ada,Tidak Ada,Buka,Approved,2027-08-01,442,Tersertifikasi,Low,750000000,0,0,2,0,Low
GCN-0448,Mie Gacoan Singaraja 2.0,https://www.google.com/maps/place/Mie+Gacoan+Singaraja+2.0/data=!4m7!3m6!1s0x2dd19b0054a95823:0xcb0cbff75d221539!8m2!3d-8.1187894!4d115.0919024!16s%2Fg%2F11w4chw4jd!19sChIJI1ipVACb0S0RORUiXfe_DMs?authuser=0&hl=id&rclk=1,"Jl. Ngurah Rai No.41, Banjar Tegal, Kec. Buleleng, Kabupaten Buleleng, Bali 81113",Kabupaten Buleleng,Jawa Tengah,4.7,2,Restoran Mie,Buka 24 jam,Tidak Ada,Tidak Ada,Buka,Approved,2027-06-02,382,Tersertifikasi,High (Butuh Eskalasi),540000000,2,0,2,0,High (Butuh Eskalasi)
GCN-0449,Mie Gacoan Kedonganan,https://www.google.com/maps/place/Mie+Gacoan+Kedonganan/data=!4m7!3m6!1s0x2dd245aefc1da061:0x35b511c001a8f56b!8m2!3d-8.7611518!4d115.1777203!16s%2Fg%2F11s45ywfd9!19sChIJYaAd_K5F0i0Ra_WoAcARtTU?authuser=0&hl=id&rclk=1,"Jl. Toyaning No.22, Kedonganan, Kec. Kuta, Kabupaten Badung, Bali 80361",Kabupaten Badung,Bali,4.5,46,Restoran Mie,08.00 hingga 00.00,Tidak Ada,Tidak Ada,Buka,Approved,2026-10-10,147,Proses Perpanjangan,Low,370000000,0,0,1,0,Low
GCN-0450,Mie Gacoan Batubulan,https://www.google.com/maps/place/Mie+Gacoan+Batubulan/data=!4m7!3m6!1s0x2dd23f20e4ceee83:0xf5324a8e19d4fb9!8m2!3d-8.6264637!4d115.258119!16s%2Fg%2F11qn6bcg2k!19sChIJg-7O5CA_0i0RuU-d4agkUw8?authuser=0&hl=id&rclk=1,"Jl. Raya Batubulan, Batubulan, Kec. Sukawati, Kabupaten Gianyar, Bali",Kabupaten Gianyar,Bali,4.3,19,Restoran Mie,Buka 24 jam,0877-9065-2287,mitrabalisukses.com,Buka,Approved,2026-05-13,0,Tersertifikasi,Medium,250000000,1,0,2,0,Medium
GCN-0451,Mie Gacoan Pakerisan,https://www.google.com/maps/place/Mie+Gacoan+Pakerisan/data=!4m7!3m6!1s0x2dd241f71c22c97f:0xf9d0b149a6114504!8m2!3d-8.6883131!4d115.2261999!16s%2Fg%2F11ghncgsd1!19sChIJf8kiHPdB0i0RBEURpkmx0Pk?authuser=0&hl=id&rclk=1,"Jl. Tukad Pakerisan No.76, Panjer, Denpasar Selatan, Kota Denpasar, Bali 80225",Kota Denpasar,Bali,4.4,1,Restoran Mie,Buka 24 jam,Tidak Ada,Tidak Ada,Buka,Approved,2026-03-08,0,Tersertifikasi,Medium,330000000,1,0,2,0,Medium
GCN-0452,Mie Gacoan Negara,https://www.google.com/maps/place/Mie+Gacoan+Negara/data=!4m7!3m6!1s0x2dd163111dfa29b5:0x68beb8580223199e!8m2!3d-8.3592079!4d114.6352885!16s%2Fg%2F11sqk4r86y!19sChIJtSn6HRFj0S0RnhkjAli4vmg?authuser=0&hl=id&rclk=1,"Jl. Hasanudin, Dauhwaru, Kec. Jembrana, Kabupaten Jembrana, Bali 82218",Kabupaten Jembrana,Bali,4.6,19,Restoran Mie,08.00 hingga 23.30,Tidak Ada,mitrabalisukses.com,Buka,In Progress,2027-04-29,348,Tersertifikasi,Medium,770000000,1,2,2,0,Medium
GCN-0453,Mie Gacoan Gatsu Barat,https://www.google.com/maps/place/Mie+Gacoan+Gatsu+Barat/data=!4m7!3m6!1s0x2dd23fde2e80b387:0xdd072364b555746b!8m2!3d-8.6357166!4d115.2177315!16s%2Fg%2F11fsklpkpy!19sChIJh7OALt4_0i0Ra3RVtWQjB90?authuser=0&hl=id&rclk=1,"Jl. Gatot Subroto Barat No.338, Dauh Puri Kaja, Kec. Denpasar Utara, Kota Denpasar, Bali 80233",Kota Denpasar,Bali,4.4,1,Restoran Mie,Buka 24 jam,Tidak Ada,mitrabalisukses.com,Buka,Approved,2028-06-12,758,Tersertifikasi,Low,770000000,0,0,2,0,Low
GCN-0454,Mie Gacoan Tabanan,https://www.google.com/maps/place/Mie+Gacoan+Tabanan/data=!4m7!3m6!1s0x2dd23b89b6788f57:0xcb8c1966842e50e5!8m2!3d-8.5525629!4d115.1332769!16s%2Fg%2F11n854yk7c!19sChIJV494tok70i0R5VAuhGYZjMs?authuser=0&hl=id&rclk=1,"Jl. Dr. Ir. Soekarno No.50, Banjar Anyar, Kec. Kediri, Kabupaten Tabanan, Bali 82121",Kabupaten Tabanan,Jawa Timur,4.3,150,Restoran Mie,Buka 24 jam,0813-3943-6763,Tidak Ada,Buka,Approved,2028-08-12,819,Tersertifikasi,Low,330000000,0,0,2,0,Low
GCN-0455,Mie Gacoan Gianyar,https://www.google.com/maps/place/Mie+Gacoan+Gianyar/data=!4m7!3m6!1s0x2dd21789e5740c25:0xea5ea65f1101bf4b!8m2!3d-8.5406309!4d115.3157123!16s%2Fg%2F11t3dt0khj!19sChIJJQx05YkX0i0RS78BEV-mXuo?authuser=0&hl=id&rclk=1,"Jl. Dharma Giri No.99X, Buruan, Kec. Gianyar, Kabupaten Gianyar, Bali 80511",Kabupaten Gianyar,Bali,4.3,19,Restoran Mie,08.00 hingga 01.00,0895-3448-01616,Tidak Ada,Buka,Approved,2028-04-17,702,Tersertifikasi,Low,780000000,0,0,2,0,Low
GCN-0456,Mie Gacoan Tabanan,https://www.google.com/maps/place/mie+gacoan+tabanan/data=!4m7!3m6!1s0x2dd23b003ac14053:0x1edf7e3723f2f9f!8m2!3d-8.5439912!4d115.1404772!16s%2Fg%2F11z1w7d_q1!19sChIJU0DBOgA70i0Rny8_cuP37QE?authuser=0&hl=id&rclk=1,"F43V+W4G, Jl. Gatot Subroto, Banjar Anyar, Kec. Kediri, Kabupaten Tabanan, Bali 82121",Kabupaten Tabanan,Jawa Timur,4.3,150,Restoran Mie,Buka 24 jam,Tidak Ada,Tidak Ada,Buka,Approved,2027-09-29,501,Tersertifikasi,Medium,680000000,1,0,2,0,Medium
GCN-0457,Mie Gacoan Singaraja,https://www.google.com/maps/place/Mie+Gacoan+Singaraja/data=!4m7!3m6!1s0x2dd19b853c412b51:0xdde32774199bcfa8!8m2!3d-8.1194157!4d115.073732!16s%2Fg%2F11s0svp8rh!19sChIJUStBPIWb0S0RqM-bGXQn490?authuser=0&hl=id&rclk=1,"Jl. A. Yani No.191, Banyuasri, Kec. Buleleng, Kabupaten Buleleng, Bali 81119",Kabupaten Buleleng,Bali,4.6,2,Restoran Mie,08.00 hingga 23.00,0851-6121-5121,mitrabalisukses.com,Buka,In Progress,2026-06-01,16,Tersertifikasi,Low,740000000,0,2,2,0,Low
GCN-0458,Mie Gacoan Sudirman,https://www.google.com/maps/place/Mie+Gacoan+Sudirman/data=!4m7!3m6!1s0x2dcdc10056e773b3:0xd07d0a15915b03ea!8m2!3d-8.5628181!4d116.1118933!16s%2Fg%2F11yrgmydpk!19sChIJs3PnVgDBzS0R6gNbkRUKfdA?authuser=0&hl=id&rclk=1,"Jl. Jend. Sudirman No.22, Rembiga, Kec. Selaparang, Kota Mataram, Nusa Tenggara Bar. 83124",Kota Mataram,Nusa Tenggara Barat,4.7,8,Restoran Mie,Buka 24 jam,0895-3811-59959,Tidak Ada,Buka,Bermasalah,2028-08-14,821,Proses Perpanjangan,Medium,490000000,1,1,1,0,Medium
GCN-0459,Mie Gacoan Lombok Bung Karno,https://www.google.com/maps/place/Mie+Gacoan+Lombok+Bung+Karno/data=!4m7!3m6!1s0x2dcdbf005a186521:0xd6bef61a06b3fc50!8m2!3d-8.5957346!4d116.1125771!16s%2Fg%2F11vr9f6gw1!19sChIJIWUYWgC_zS0RUPyzBhr2vtY?authuser=0&hl=id&rclk=1,"Jl. Bung Karno No.14, Pagesangan Tim., Kec. Mataram, Kota Mataram, Nusa Tenggara Bar. 83127",Kota Mataram,Nusa Tenggara Barat,4.7,8,Restoran Mie,Buka 24 jam,0897-1630-001,mitrabalisukses.com,Buka,Approved,2028-05-01,716,Tersertifikasi,High (Butuh Eskalasi),370000000,2,0,2,0,High (Butuh Eskalasi)
GCN-0460,Meekow,https://www.google.com/maps/place/Meekow/data=!4m7!3m6!1s0x2dcdbf5830496e1d:0x5228b61ee15de791!8m2!3d-8.6169138!4d116.1090953!16s%2Fg%2F11lgpfplnf!19sChIJHW5JMFi_zS0Rkedd4R62KFI?authuser=0&hl=id&rclk=1,"Jl. Lingkar Selatan No.99, Pagutan, Kec. Mataram, Kota Mataram, Nusa Tenggara Bar. 83361",Kota Mataram,Nusa Tenggara Barat,3.5,8,Restoran Mie,10.00 hingga 22.00,Tidak Ada,Tidak Ada,Buka,Approved,2027-11-28,561,Tersertifikasi,Medium,580000000,1,0,2,0,Medium
GCN-0461,Angkringan Gocuan Mie Pedas,https://www.google.com/maps/place/ANGKRINGAN+GOCUAN+MIE+PEDAS/data=!4m7!3m6!1s0x2dcdc160102d6ea3:0x519d0c9c458c0c4d!8m2!3d-8.5826613!4d116.0868802!16s%2Fg%2F11s98hmpvw!19sChIJo24tEGDBzS0RTQyMRZwMnVE?authuser=0&hl=id&rclk=1,"Jl. R Suprapto No.22, Taman Sari, Kec. Selaparang, Kota Mataram, Nusa Tenggara Bar. 83114",Kota Mataram,Nusa Tenggara Barat,4.2,8,Restoran Mie,Buka 24 jam,0815-8563-6971,Tidak Ada,Buka,Approved,2026-09-20,127,Tersertifikasi,Medium,580000000,1,0,2,0,Medium
GCN-0462,"Mie Gacoan Waingapu, Sumba Timur","https://www.google.com/maps/place/Mie+Gacoan+waingapu,+sumba+timur/data=!4m7!3m6!1s0x2c4c9b005b7f643f:0x6a045a9625b06af6!8m2!3d-9.6529343!4d120.2576602!16s%2Fg%2F11yyn2jzwg!19sChIJP2R_WwCbTCwR9mqwJZZaBGo?authuser=0&hl=id&rclk=1","Jl. Gajah Mada No.6, Hambala, Kec. Kota Waingapu, Kabupaten Sumba Timur, Nusa Tenggara Tim.",Kota Waingapu,Nusa Tenggara Timur,4.8,1,Restoran Mie,Buka 24 jam,Tidak Ada,Tidak Ada,Buka,In Progress,2028-10-05,873,Menunggu Audit,Low,510000000,0,2,0,0,Low
GCN-0463,Mie Gacoan Kupang - Lalamentik,https://www.google.com/maps/place/Mie+Gacoan+Kupang+-+Lalamentik/data=!4m7!3m6!1s0x2c5683002c3a936f:0x6b1c1cb2b90ef102!8m2!3d-10.1748156!4d123.6181376!16s%2Fg%2F11w2myk7vm!19sChIJb5M6LACDViwRAvEOubIcHGs?authuser=0&hl=id&rclk=1,"Jl. W.J. Lalamentik, Fatululi, Kec. Oebobo, Kota Kupang, Nusa Tenggara Tim.",Kota Kupang,Nusa Tenggara Timur,4.7,1,Restoran Mie,Buka 24 jam,Tidak Ada,mitrabalisukses.com,Buka,Bermasalah,2027-03-21,309,Tersertifikasi,Low,620000000,0,1,2,0,Low
GCN-0464,Mie Gacoan Kupang Oesapa,https://www.google.com/maps/place/Mie+Gacoan+Kupang+Oesapa/data=!4m7!3m6!1s0x2c5683002edf5b5b:0xf0e8113f369bba6c!8m2!3d-10.148867!4d123.6485198!16s%2Fg%2F11ydsb0zzk!19sChIJW1vfLgCDViwRbLqbNj8R6PA?authuser=0&hl=id&rclk=1,"Jl. Terusan Timor Raya No.10, Oesapa, Kec. Klp. Lima, Kota Kupang, Nusa Tenggara Tim.",Kota Kupang,Nusa Tenggara Timur,4.8,1,Restoran Mie,Buka 24 jam,0895-4047-98502,wa.me,Buka,Bermasalah,2026-05-24,8,Tersertifikasi,Low,770000000,0,1,2,0,Low
GCN-0465,Gacoankuy_,https://www.google.com/maps/place/Gacoankuy_/data=!4m7!3m6!1s0x2de42366a14ea0ab:0x30d93c46dd4f520a!8m2!3d-3.3284288!4d114.6058737!16s%2Fg%2F11s7r6c1k9!19sChIJq6BOoWYj5C0RClJP3UY82TA?authuser=0&hl=id&rclk=1,"Jl. Ratu Zaleha No.1A, Karang Mekar, Kec. Banjarmasin Tim., Kota Banjarmasin, Kalimantan Selatan 70234",Kota Banjarmasin,Kalimantan Selatan,4.2,697,Restoran Mie,11.00 hingga 21.30,0831-5297-6531,Tidak Ada,Buka,Approved,2028-03-23,677,Tersertifikasi,Low,180000000,0,0,2,0,Low
GCN-0466,Mie Gacoan Hasan Basri Banjarmasin,https://www.google.com/maps/place/Mie+Gacoan+Hasan+Basri+Banjarmasin/data=!4m7!3m6!1s0x2de4230030dbfbe9:0xe82b47c22f504c74!8m2!3d-3.2838725!4d114.5896879!16s%2Fg%2F11wv8q8pwt!19sChIJ6fvbMAAj5C0RdExQL8JHK-g?authuser=0&hl=id&rclk=1,"Jl. Brigjend H. Hasan Basri No.48, Rw.02, Alalak Utara, Kec. Banjarmasin Utara, Kota Banjarmasin, Kalimantan Selatan 70124",Kota Banjarmasin,Kalimantan Selatan,4.7,697,Restoran Mie,Buka 24 jam,Tidak Ada,Tidak Ada,Buka,Approved,2028-10-03,871,Tersertifikasi,High (Butuh Eskalasi),420000000,2,0,2,0,High (Butuh Eskalasi)
GCN-0467,Mie Gacoan Banjarmasin Ahmad Yani,https://www.google.com/maps/place/Mie+Gacoan+Banjarmasin+Ahmad+Yani/data=!4m7!3m6!1s0x2de423006ed2325f:0x2417e31cb7b4b82!8m2!3d-3.3264618!4d114.6057487!16s%2Fg%2F11xnmxhkt0!19sChIJXzLSbgAj5C0Rgkt7yzF-QQI?authuser=0&hl=id&rclk=1,"Jl. A. Yani No.8, Rt.14/Rw.02, Sungai Baru, Kec. Banjarmasin Tengah, Kota Banjarmasin, Kalimantan Selatan 70236",Kota Banjarmasin,Kalimantan Selatan,4.9,697,Restoran Mie,08.00 hingga 23.00,0822-3303-7306,Tidak Ada,Buka,Approved,2026-10-23,160,Tersertifikasi,Low,430000000,0,0,2,0,Low
GCN-0468,Mie Gacoan Samarinda - Ahmad Yani,https://www.google.com/maps/place/Mie+Gacoan+Samarinda+-+Ahmad+Yani/data=!4m7!3m6!1s0x2dfd1dc37b987d41:0xe4143a2500b3993c!8m2!3d-0.4778271!4d117.1570228!16s%2Fg%2F11wfv88n38!19sChIJQX2Ye8Md_S0RPJmzACU6FOQ?authuser=0&hl=id&rclk=1,"Jl. Jenderal Ahmad Yani I No.8, Rt.017, Temindung Permai, Kec. Sungai Pinang, Kota Samarinda, Kalimantan Timur 75242",Kota Samarinda,Nusa Tenggara Timur,4.7,1,Restoran Mie,08.00 hingga 00.00,Tidak Ada,Tidak Ada,Buka,Approved,2028-11-22,921,Tersertifikasi,High (Butuh Eskalasi),150000000,2,0,2,0,High (Butuh Eskalasi)
GCN-0469,Mie Gacoan Samarinda - Wahid Hasyim,https://www.google.com/maps/place/Mie+Gacoan+Samarinda+-+Wahid+Hasyim/data=!4m7!3m6!1s0x2df679001132431d:0x92ab0830aa26066d!8m2!3d-0.4605566!4d117.1502085!16s%2Fg%2F11vr6lkmg_!19sChIJHUMyEQB59i0RbQYmqjAIq5I?authuser=0&hl=id&rclk=1,"Sempaja Sel., Kec. Samarinda Utara, Kota Samarinda, Kalimantan Timur",Kota Samarinda,Kalimantan Timur,4.8,1,Restoran Mie,Buka 24 jam,Tidak Ada,psikologiku.cloud,Buka,In Progress,2028-03-04,658,Tersertifikasi,Medium,770000000,1,2,2,0,Medium
GCN-0470,Mie Gacoan Samarinda - Kesejahteraan,https://www.google.com/maps/place/Mie+Gacoan+Samarinda+-+Kesejahteraan/data=!4m7!3m6!1s0x2df5d70015f89a81:0xa74f92ae93df7a!8m2!3d-0.460275!4d117.1875124!16s%2Fg%2F11xtz7w1tv!19sChIJgZr4FQDX9S0Ret-TrpJPpwA?authuser=0&hl=id&rclk=1,"Jl. D.I. Panjaitan, Mugirejo, Kec. Sungai Pinang, Kota Samarinda, Kalimantan Timur 75243",Kota Samarinda,Kalimantan Timur,4.8,1,Restoran Mie,08.00 hingga 23.00,Tidak Ada,Tidak Ada,Buka,Approved,2028-01-05,599,Tersertifikasi,Low,250000000,0,0,2,0,Low
GCN-0471,Mie Gacoan Tarakan,https://www.google.com/maps/place/Mie+Gacoan+Tarakan/data=!4m7!3m6!1s0x32138b006cd393d5:0x9ccb301a3fe1b96a!8m2!3d3.3105835!4d117.5826311!16s%2Fg%2F11yl35mhgv!19sChIJ1ZPTbACLEzIRarnhPxowy5w?authuser=0&hl=id&rclk=1,"Jl. Mulawarman No.179, Karang Anyar, Kec. Tarakan Bar., Kota Tarakan, Kalimantan Utara",Kota Tarakan,Kalimantan Utara,4.8,8,Restoran Mie,Buka 24 jam,Tidak Ada,Tidak Ada,Buka,Approved,2028-11-30,929,Tersertifikasi,Low,720000000,0,0,2,0,Low
GCN-0472,Mie Gacoan Banjarbaru A Yani,https://www.google.com/maps/place/Mie+Gacoan+Banjarbaru+A+Yani/data=!4m7!3m6!1s0x2de681007be6286b:0x1f5375ddbf09e45b!8m2!3d-3.4426833!4d114.8455636!16s%2Fg%2F11xffpy101!19sChIJayjmewCB5i0RW-QJv911Ux8?authuser=0&hl=id&rclk=1,"Jl. A. Yani No.Km 35, Loktabat Sel., Kec. Banjarbaru Selatan, Kota Banjar Baru, Kalimantan Selatan 70714",Kota Banjar Baru,Kalimantan Selatan,4.8,697,Restoran Mie,Buka 24 jam,Tidak Ada,Tidak Ada,Buka,Approved,2027-06-21,401,Tersertifikasi,Low,530000000,0,0,2,0,Low
GCN-0473,Mie Gacoan Pontianak - Khatulistiwa,https://www.google.com/maps/place/Mie+Gacoan+Pontianak+-+Khatulistiwa/data=!4m7!3m6!1s0x2e1d59004c5bca67:0x1e576b0ef0b0d34a!8m2!3d-0.0003286!4d109.3236574!16s%2Fg%2F11ykg61mtc!19sChIJZ8pbTABZHS4RStOw8A5rVx4?authuser=0&hl=id&rclk=1,"Jl. Khatulistiwa No.300A, Siantan Hilir, Kec. Pontianak Utara, Kota Pontianak, Kalimantan Barat 78243",Kota Pontianak,Kalimantan Barat,4.6,8,Restoran Mie,Buka 24 jam,Tidak Ada,Tidak Ada,Buka,Approved,2028-04-06,691,Tersertifikasi,Low,500000000,0,0,2,0,Low
GCN-0474,Mie Gacoan Balikpapan - Mt Haryono,https://www.google.com/maps/place/Mie+Gacoan+Balikpapan+-+MT+Haryono/data=!4m7!3m6!1s0x2df147000f0ae8d5:0xe238ee56e4c997a9!8m2!3d-1.2601199!4d116.8638339!16s%2Fg%2F11vz0zyvfh!19sChIJ1egKDwBH8S0RqZfJ5FbuOOI?authuser=0&hl=id&rclk=1,"Jl. Mt Haryono No.Kav 7, Damai, Kecamatan Balikpapan Selatan, Kota Balikpapan, Kalimantan Timur 76114",Kota Balikpapan,Bali,4.6,19,Restoran Mie,Buka 24 jam,Tidak Ada,Tidak Ada,Buka,In Progress,2028-10-10,878,Tersertifikasi,Low,720000000,0,2,2,0,Low
GCN-0475,Mie Gacoan Tambun Bungai - Kapuas,https://www.google.com/maps/place/Mie+Gacoan+Tambun+Bungai+-+Kapuas/data=!4m7!3m6!1s0x2de46f005ae8239d:0x8a0162e9ef4202c5!8m2!3d-3.0029559!4d114.3910099!16s%2Fg%2F11ynphvq7d!19sChIJnSPoWgBv5C0RxQJC7-liAYo?authuser=0&hl=id&rclk=1,"Jl. Tambun Bungai No.17B, Rt.01, Dalam, Kec. Selat, Kabupaten Kapuas, Kalimantan Tengah 73514",Kabupaten Kapuas,Kalimantan Tengah,4.8,8,Restoran Mie,Buka 24 jam,Tidak Ada,instagram.com,Buka,Approved,2026-10-21,158,Tersertifikasi,Low,560000000,0,0,2,0,Low
GCN-0476,Mie Gacoan Bontang,https://www.google.com/maps/place/Mie+Gacoan+Bontang/data=!4m7!3m6!1s0x320a0d0000e92bb3:0x577f44df9da2abc0!8m2!3d0.1297995!4d117.4844251!16s%2Fg%2F11wqw3v69q!19sChIJsyvpAAANCjIRwKuind9Ef1c?authuser=0&hl=id&rclk=1,"Jl. Imam Bonjol, Tj. Laut, Kec. Bontang Sel., Kota Bontang, Kalimantan Timur 75325",Kota Bontang,Kalimantan Timur,4.9,43,Restoran Mie,Buka 24 jam,Tidak Ada,Tidak Ada,Buka,In Progress,2028-09-05,843,Tersertifikasi,Low,700000000,0,2,2,0,Low
GCN-0477,Mie Gacoan Balikpapan - Soekarno Hatta,https://www.google.com/maps/place/Mie+Gacoan+Balikpapan+-+Soekarno+Hatta/data=!4m7!3m6!1s0x2df1490005932def:0x6026a133e028483!8m2!3d-1.208621!4d116.870953!16s%2Fg%2F11ydb_xfy3!19sChIJ7y2TBQBJ8S0Rg4QCPhNqAgY?authuser=0&hl=id&rclk=1,"Qvrc+H94, Jl. Soekarno Hatta, Batu Ampar, Kec. Balikpapan Utara, Kota Balikpapan, Kalimantan Timur",Kota Balikpapan,Bali,4.8,19,Restoran Mie,Buka 24 jam,0895-0554-8023,Tidak Ada,Buka,Approved,2028-10-20,888,Tersertifikasi,Low,590000000,0,0,2,0,Low
GCN-0478,Mie Gacoan - Tanah Bumbu,https://www.google.com/maps/place/Mie+Gacoan+-+Tanah+bumbu/data=!4m7!3m6!1s0x2de63b0007a153f3:0xce14113cd09d32c3!8m2!3d-3.7796248!4d115.3962952!16s%2Fg%2F11yp7rfz1k!19sChIJ81OhBwA75i0RwzKd0DwRFM4?authuser=0&hl=id&rclk=1,"Makmur Jaya, Kec. Satui, Kabupaten Tanah Bumbu, Kalimantan Selatan 72276",Kabupaten Tanah Bumbu,Kalimantan Selatan,4.9,697,Restoran Mie,08.00 hingga 23.00,Tidak Ada,Tidak Ada,Buka,Approved,2028-12-05,934,Tersertifikasi,Medium,320000000,1,0,2,0,Medium
GCN-0479,Mie Gacoan - Landasan Ulin Banjarbaru,https://www.google.com/maps/place/Mie+Gacoan+-+Landasan+Ulin+Banjarbaru/data=!4m7!3m6!1s0x2de683004276047b:0x11b8b071d86c4e82!8m2!3d-3.4485477!4d114.7856575!16s%2Fg%2F11wy93cbhf!19sChIJewR2QgCD5i0Rgk5s2HGwuBE?authuser=0&hl=id&rclk=1,"Jl. Bina Putra No.34, Kelurahan Guntung Payung, Kec. Landasan Ulin, Kota Banjar Baru, Kalimantan Selatan 70721",Kota Banjar Baru,Kalimantan Selatan,4.8,697,Restoran Mie,Buka 24 jam,Tidak Ada,Tidak Ada,Buka,Approved,2027-08-01,442,Tersertifikasi,Medium,180000000,1,0,2,0,Medium
GCN-0480,Mie Gacoan Tenggarong - Kh Ahmad Muksin,https://www.google.com/maps/place/Mie+Gacoan+Tenggarong+-+KH+Ahmad+Muksin/data=!4m7!3m6!1s0x2df67b007811f1ef:0x9463c86d6b5e4f13!8m2!3d-0.4294029!4d116.994464!16s%2Fg%2F11yvxlt3_l!19sChIJ7_EReAB79i0RE09ea23IY5Q?authuser=0&hl=id&rclk=1,"Hxcv+7Qg, Jl. K.H. Ahmad Muksin, Timbau, Kec. Tenggarong, Kabupaten Kutai Kartanegara, Kalimantan Timur 75513",Kabupaten Kutai Kartanegara,Bali,4.8,19,Restoran Mie,08.00 hingga 23.00,0813-4805-8710,Tidak Ada,Buka,Approved,2027-03-12,300,Tersertifikasi,Low,570000000,0,0,2,0,Low
GCN-0481,"Mie Gacoan Gusti Hamzah, Sambas","https://www.google.com/maps/place/Mie+Gacoan+Gusti+Hamzah,+Sambas/data=!4m7!3m6!1s0x31e4b90064ca75af:0x2932191dce21acb0!8m2!3d1.3625917!4d109.3026152!16s%2Fg%2F11yqcvtpwv!19sChIJr3XKZAC55DERsKwhzh0ZMik?authuser=0&hl=id&rclk=1","Jl. Gusti Hamzah No.75C, Durian, Kec. Sambas, Kabupaten Sambas, Kalimantan Barat 79462",Kabupaten Sambas,Kalimantan Barat,4.9,8,Restoran Mie,Buka 24 jam,Tidak Ada,Tidak Ada,Buka,Approved,2027-05-03,352,Tersertifikasi,Low,570000000,0,0,2,0,Low
GCN-0482,Mie Gacoan - Tjilik Riwut Palangka Raya,https://www.google.com/maps/place/Mie+Gacoan+-+Tjilik+Riwut+Palangka+Raya/data=!4m7!3m6!1s0x2dfcb3003d428353:0x17817c8670ed527!8m2!3d-2.1852344!4d113.8922658!16s%2Fg%2F11x0twbl0w!19sChIJU4NCPQCz_C0RJ9UOZ8gXeAE?authuser=0&hl=id&rclk=1,"Jl. Tjilik Riwut No.Km 4, Bukit Tunggal, Kec. Jekan Raya, Kota Palangka Raya, Kalimantan Tengah 74874",Kota Palangka Raya,Kalimantan Tengah,4.7,8,Restoran Mie,Buka 24 jam,Tidak Ada,Tidak Ada,Buka,In Progress,2028-02-29,654,Tersertifikasi,Medium,310000000,1,2,2,0,Medium
GCN-0483,Mie Gacoan - George Obos Palangka Raya,https://www.google.com/maps/place/Mie+Gacoan+-+George+Obos+Palangka+Raya/data=!4m7!3m6!1s0x2dfcb30025d4ffdb:0xd485b70c4fb161bb!8m2!3d-2.2248464!4d113.9039618!16s%2Fg%2F11x6jh28t3!19sChIJ2__UJQCz_C0Ru2GxTwy3hdQ?authuser=0&hl=id&rclk=1,"Jl. G. Obos, Menteng, Kec. Jekan Raya, Kota Palangka Raya, Kalimantan Tengah 73111",Kota Palangka Raya,Dki Jakarta,4.8,2,Restoran Mie,Buka 24 jam,0812-1635-2018,Tidak Ada,Buka,Approved,2026-08-07,83,Tersertifikasi,Low,380000000,0,0,2,0,Low
GCN-0484,Mie Gacoan Ketapang R. Suprapto,https://www.google.com/maps/place/Mie+Gacoan+Ketapang+R.+Suprapto/data=!4m7!3m6!1s0x2e0519002cf172cd:0x82e41a04040ff2ea!8m2!3d-1.8371677!4d109.9675593!16s%2Fg%2F11m6p6s6qb!19sChIJzXLxLAAZBS4R6vIPBAQa5II?authuser=0&hl=id&rclk=1,"5X79+423, Jl. R. Suprapto, Sampit, Kec. Delta Pawan, Kabupaten Ketapang, Kalimantan Barat 78811",Kabupaten Ketapang,Kalimantan Barat,4.9,8,Restoran Mie,Buka 24 jam,Tidak Ada,Tidak Ada,Buka,Approved,2026-12-26,224,Proses Perpanjangan,Low,390000000,0,0,1,0,Low
GCN-0485,Mie Gacoan Sampit,https://www.google.com/maps/place/Mie+Gacoan+Sampit/data=!4m7!3m6!1s0x2de2bf007fc5e663:0xfb3dfe55687d4331!8m2!3d-2.5418659!4d112.9496321!16s%2Fg%2F11lywtqj1h!19sChIJY-bFfwC_4i0RMUN9aFX-Pfs?authuser=0&hl=id&rclk=1,"Fw5X+7V2, Jl. H.M. Arsyad, Mentawa Baru Hulu, Kec. Mentawa Baru Ketapang, Kabupaten Kotawaringin Timur, Kalimantan Tengah 74311",Kabupaten Kotawaringin Timur,Kalimantan Tengah,4.8,8,Restoran Mie,Buka 24 jam,Tidak Ada,Tidak Ada,Buka,Approved,2026-08-09,85,Tersertifikasi,Low,520000000,0,0,2,0,Low
GCN-0486,Mie Gacoan - Kandangan,https://www.google.com/maps/place/Mie+Gacoan+-+Kandangan/data=!4m7!3m6!1s0x2de50b00140b8ff5:0xcc7e46b86cfad6fe!8m2!3d-2.7913574!4d115.2634974!16s%2Fg%2F11mypg3p4t!19sChIJ9Y8LFAAL5S0R_tb6bLhGfsw?authuser=0&hl=id&rclk=1,"6757+F95 Alamat, Terdekat:, Kec. Kandangan, Kabupaten Hulu Sungai Selatan, Kalimantan Selatan",Kabupaten Hulu Sungai Selatan,Kalimantan Selatan,5.0,697,Restoran Mie,Buka 24 jam,Tidak Ada,Tidak Ada,Buka,Bermasalah,2026-12-01,199,Tersertifikasi,Low,300000000,0,1,2,0,Low
GCN-0487,Mie Gacoan Singkawang Diponegoro,https://www.google.com/maps/place/Mie+Gacoan+Singkawang+Diponegoro/data=!4m7!3m6!1s0x31e3730054766b63:0x3099f017668192a9!8m2!3d0.8971736!4d108.9787819!16s%2Fg%2F11x1pl1bjl!19sChIJY2t2VABz4zERqZKBZhfwmTA?authuser=0&hl=id&rclk=1,"Jl. P. Diponegoro, Rt.051/Rw.016, Pasiran, Kec. Singkawang Bar., Kota Singkawang, Kalimantan Barat 79123",Kota Singkawang,Kalimantan Barat,4.8,8,Restoran Mie,Buka 24 jam,Tidak Ada,Tidak Ada,Buka,Approved,2028-04-05,690,Tersertifikasi,Low,160000000,0,0,2,0,Low
GCN-0488,Mie Gacoan - Barabai,https://www.google.com/maps/place/Mie+Gacoan+-+Barabai/data=!4m7!3m6!1s0x2de56d0006ae6ae7:0x8630ed758110797a!8m2!3d-2.5923539!4d115.3716323!16s%2Fg%2F11yfs6sv41!19sChIJ52quBgBt5S0RenkQgXXtMIY?authuser=0&hl=id&rclk=1,"C95C+3M2, Bukat, Kec. Barabai, Kabupaten Hulu Sungai Tengah, Kalimantan Selatan",Kabupaten Hulu Sungai Tengah,Kalimantan Selatan,4.9,697,Restoran Mie,Buka 24 jam,Tidak Ada,dsppa.smartnusantara.com,Buka,Approved,2026-06-29,44,Proses Perpanjangan,Low,170000000,0,0,1,0,Low
GCN-0489,Mie Gacoan Pangkalan Bun,https://www.google.com/maps/place/Mie+Gacoan+Pangkalan+Bun/data=!4m7!3m6!1s0x2e08ef006af8a1e5:0x9d6baf5fabe35b92!8m2!3d-2.6938248!4d111.6383915!16s%2Fg%2F11wwg8gqq8!19sChIJ5aH4agDvCC4Rklvjq1-va50?authuser=0&hl=id&rclk=1,"8J4Q+C8X, Madurejo, Kec. Arut Sel., Kabupaten Kotawaringin Barat, Kalimantan Tengah 74112",Kabupaten Kotawaringin Barat,Kalimantan Tengah,4.8,8,Restoran Mie,08.00 hingga 23.00,Tidak Ada,pestaporaabadi.co.id,Buka,Approved,2026-04-13,0,Proses Perpanjangan,Low,540000000,0,0,1,0,Low
GCN-0490,Mie Gacoan - H Isa Iii,https://www.google.com/maps/place/Mie+Gacoan+-+H+ISA+III/data=!4m7!3m6!1s0x320df50062cf666d:0x562f7e0db37c69a4!8m2!3d2.1471449!4d117.4980659!16s%2Fg%2F11xyccls9t!19sChIJbWbPYgD1DTIRpGl8sw1-L1Y?authuser=0&hl=id&rclk=1,"Jl. H.M. Isa Iii No.57A, Tj. Redeb, Kec. Tj. Redeb, Kabupaten Berau, Kalimantan Timur 77311",Kabupaten Berau,Kalimantan Timur,4.8,1,Restoran Mie,Buka 24 jam,0822-3303-7303,chat.whatsapp.com,Buka,Approved,2028-05-22,737,Tersertifikasi,Medium,780000000,1,0,2,0,Medium
GCN-0491,Mie Gacoan - Tanjung Tabalong,https://www.google.com/maps/place/Mie+Gacoan+-+Tanjung+Tabalong/data=!4m7!3m6!1s0x2dfab3006556c9bf:0x79959384b19b538d!8m2!3d-2.1768662!4d115.4302161!16s%2Fg%2F11xp0pknyh!19sChIJv8lWZQCz-i0RjVObsYSTlXk?authuser=0&hl=id&rclk=1,"Rcfj+734, Mabu'Un, Kec. Murung Pudak, Kabupaten Tabalong, Kalimantan Selatan 71571",Kabupaten Tabalong,Kalimantan Selatan,4.9,697,Restoran Mie,Buka 24 jam,0812-5549-3346,dsppa.smartnusantara.com,Buka,Approved,2027-12-20,583,Tersertifikasi,Low,160000000,0,0,2,0,Low
GCN-0492,Mie Gacoan Sangatta - Jalan Margo Santoso Ii,https://www.google.com/maps/place/Mie+Gacoan+Sangatta+-+Jalan+Margo+Santoso+II/data=!4m7!3m6!1s0x320a35000393b3c5:0x93b9609d28dea12e!8m2!3d0.5094903!4d117.5412665!16s%2Fg%2F11x63_vmml!19sChIJxbOTAwA1CjIRLqHeKJ1guZM?authuser=0&hl=id&rclk=1,"Jl. Margo Santoso Ii, Rt.018/Rw.00, Sangatta Utara, Kec. Sangatta Utara, Kabupaten Kutai Timur, Kalimantan Timur 75683",Kabupaten Kutai Timur,Bali,4.8,19,Restoran Mie,Buka 24 jam,Tidak Ada,Tidak Ada,Buka,Approved,2026-04-16,0,Proses Perpanjangan,Low,200000000,0,0,1,0,Low
GCN-0493,Mie Gacoan - Kab. Tapin Hasan Basri,https://www.google.com/maps/place/Mie+Gacoan+-+Kab.+Tapin+Hasan+Basri/data=!4m7!3m6!1s0x2de5a5003df5a37d:0xf9ecc7eaeccfeeca!8m2!3d-2.9306384!4d115.1590223!16s%2Fg%2F11xv_1b33y!19sChIJfaP1PQCl5S0Ryu7P7OrH7Pk?authuser=0&hl=id&rclk=1,"3595+Qj6, Jl. Brigjend H. Hasan Basri, Rantau Kiwa, Kec. Tapin Utara, Kabupaten Tapin, Kalimantan Selatan 71152",Kabupaten Tapin,Kalimantan Selatan,4.9,697,Restoran Mie,Buka 24 jam,Tidak Ada,dsppa.smartnusantara.com,Buka,In Progress,2026-12-14,212,Tersertifikasi,Low,630000000,0,2,2,0,Low
GCN-0494,Mie Gacoan & Mpek Mpek,https://www.google.com/maps/place/Mie+Gacoan+%26+Mpek+mpek/data=!4m7!3m6!1s0x2de68343a0cdf367:0x65f7b1b7141c72f1!8m2!3d-3.4593771!4d114.7933997!16s%2Fg%2F11p0wrjfhh!19sChIJZ_PNoEOD5i0R8XIcFLex92U?authuser=0&hl=id&rclk=1,"Pertokoan 13, Jl. Guntung Manggis, Guntungmanggis, Kec. Landasan Ulin, Kota Banjar Baru, Kalimantan Selatan 70721",Kota Banjar Baru,Kalimantan Selatan,4.6,697,Restoran Mie,10.00 hingga 22.00,0823-2521-5286,Tidak Ada,Buka,Approved,2027-03-28,316,Menunggu Audit,Medium,500000000,1,0,0,0,Medium
GCN-0495,Mie Gacoan - Raya Batulicin,https://www.google.com/maps/place/Mie+Gacoan+-+Raya+Batulicin/data=!4m7!3m6!1s0x2de8b714f7c85119:0x9a2973ecf6efe99b!8m2!3d-3.4556489!4d116.0001131!16s%2Fg%2F11m6x9v8jx!19sChIJGVHI9xS36C0Rm-nv9uxzKZo?authuser=0&hl=id&rclk=1,"Jl. Raya Batulicin, Rt.14/Rw.03, Batulicin, Kec. Batulicin, Kabupaten Tanah Bumbu, Kalimantan Selatan 72271",Kabupaten Tanah Bumbu,Kalimantan Selatan,4.7,697,Restoran Mie,Buka 24 jam,0881-0246-96862,Tidak Ada,Buka,Approved,2027-09-30,502,Tersertifikasi,High (Butuh Eskalasi),420000000,2,0,2,0,High (Butuh Eskalasi)
GCN-0496,Mie Gacoan - Pelaihari,https://www.google.com/maps/place/MIE+GACOAN+-+PELAIHARI/data=!4m7!3m6!1s0x2de6f100436d1c53:0x5b772a14f04a6bf8!8m2!3d-3.7937733!4d114.7815735!16s%2Fg%2F11n4492pkq!19sChIJUxxtQwDx5i0R-GtK8BQqd1s?authuser=0&hl=id&rclk=1,"6Q4J+Fjw, Jl. Kh. Mansyur, Balerjo, Kec. Pelaihari, Kabupaten Tanah Laut, Kalimantan Selatan",Kabupaten Tanah Laut,Kalimantan Selatan,1.0,697,Restoran Mie,Buka 24 jam,Tidak Ada,Tidak Ada,Buka,In Progress,2027-03-18,306,Proses Perpanjangan,Low,760000000,0,2,1,0,Low
GCN-0497,Mie Gacoan D. I. Pandjaitan,https://www.google.com/maps/place/Mie+Gacoan+D.+I.+Pandjaitan/data=!4m7!3m6!1s0x2df5d7006faba099:0xd6be34d3d9fcd89b!8m2!3d-0.4602456!4d117.187552!16s%2Fg%2F11xtfjm8lw!19sChIJmaCrbwDX9S0Rm9j82dM0vtY?authuser=0&hl=id&rclk=1,"G5Qp+Vxc, Mugirejo, Kec. Sungai Pinang, Kota Samarinda, Kalimantan Timur 75243",Kota Samarinda,Kalimantan Timur,4.6,1,Restoran Mie,08.00 hingga 23.00,Tidak Ada,Tidak Ada,Buka,Approved,2026-04-06,0,Tersertifikasi,Low,720000000,0,0,2,0,Low
GCN-0498,Mie Gacoan - Tanah Laut,https://www.google.com/maps/place/MIE+GACOAN+-+TANAH+LAUT/data=!4m7!3m6!1s0x2de6f1005fe8c1cb:0x1049a0e66d7a92f5!8m2!3d-3.7936404!4d114.7815929!16s%2Fg%2F11mzqbw2fv!19sChIJy8HoXwDx5i0R9ZJ6beagSRA?authuser=0&hl=id&rclk=1,"6Q4J+Gj2, Angsau, Kec. Pelaihari, Kabupaten Tanah Laut, Kalimantan Selatan 70815",Kabupaten Tanah Laut,Kalimantan Selatan,1.0,697,Restoran Mie,Buka 24 jam,Tidak Ada,Tidak Ada,Buka,Approved,2026-09-22,129,Tersertifikasi,Medium,720000000,1,0,2,0,Medium
GCN-0499,Mie Gacoan Kedai Farah,https://www.google.com/maps/place/Mie+gacoan+Kedai+Farah/data=!4m7!3m6!1s0x2df681b4791776e7:0xdd04a437e7993bb3!8m2!3d-0.5618837!4d117.1690387!16s%2Fg%2F11lf3k5xbf!19sChIJ53YXebSB9i0RszuZ5zekBN0?authuser=0&hl=id&rclk=1,"Jl. Trikora, Rw. Makmur, Kec. Palaran, Kota Samarinda, Kalimantan Timur 75243",Kota Samarinda,Kalimantan Timur,5.0,1,Restoran Mie,Buka 24 jam,0857-0114-1875,Tidak Ada,Buka,Approved,2028-02-26,651,Tersertifikasi,Low,440000000,0,0,2,0,Low
GCN-0500,Mie Gacoan Setsathot,https://www.google.com/maps/place/Mie+gacoan+setsathot/data=!4m7!3m6!1s0x2de681396b033d69:0x429632f1a9023588!8m2!3d-3.4029132!4d114.8471766!16s%2Fg%2F11wwqn1c7d!19sChIJaT0DazmB5i0RiDUCqfEylkI?authuser=0&hl=id&rclk=1,"Al Karomah Sebelum Trowongan Jembatan, Jl. Samping Mesjid, Antasan Darussalam, Kec. Martapura, Kabupaten Banjar, Kalimantan Selatan 70613",Kabupaten Banjar,Kalimantan Selatan,5.0,697,Restoran Mie,01.00 hingga 06.00,0895-4197-10705,Tidak Ada,Buka,Approved,2026-04-24,0,Tersertifikasi,Low,670000000,0,0,2,0,Low
GCN-0501,Mie Gacoan & Seblak Prasmanan,https://www.google.com/maps/place/mie+gacoan+%26+seblak+prasmanan/data=!4m7!3m6!1s0x2de681000dfab687:0x1f489d3cabea4fa6!8m2!3d-3.4486522!4d114.8391686!16s%2Fg%2F11y4h72bt5!19sChIJh7b6DQCB5i0Rpk_qqzydSB8?authuser=0&hl=id&rclk=1,"Hr2Q+Gmm, Jl. Intansari, Loktabat Sel., Kec. Banjarbaru Selatan, Kota Banjar Baru, Kalimantan Selatan 70714",Kota Banjar Baru,Kalimantan Selatan,4.3,697,Restoran Mie,18.00 hingga 00.00,Tidak Ada,Tidak Ada,Buka,Approved,2026-09-11,118,Tersertifikasi,Low,300000000,0,0,2,0,Low
GCN-0502,Mie Gacoan Palu,https://www.google.com/maps/place/Mie+Gacoan+Palu/data=!4m7!3m6!1s0x2d8bed000d33435d:0x89f161618bbb6db8!8m2!3d-0.8967533!4d119.8870376!16s%2Fg%2F11vwz53cy7!19sChIJXUMzDQDtiy0RuG27i2Fh8Yk?authuser=0&hl=id&rclk=1,"Jl. Sisingamangaraja No.58, Besusu Tim., Kec. Palu Tim., Kota Palu, Sulawesi Tengah 94118",Kota Palu,Sulawesi Tengah,4.5,8,Restoran Mie,Buka 24 jam,Tidak Ada,Tidak Ada,Buka,Approved,2026-03-30,0,Tersertifikasi,Low,200000000,0,0,2,0,Low
GCN-0503,Mie Gacoan Batakan,https://www.google.com/maps/place/Mie+gacoan+Batakan/data=!4m7!3m6!1s0x2df14500757c87bb:0x69fef6bb6a2dd700!8m2!3d-1.2468894!4d116.9372467!16s%2Fg%2F11xzxndr5_!19sChIJu4d8dQBF8S0RANctarv2_mk?authuser=0&hl=id&rclk=1,"Qw3P+6Vx, Manggar, Kec. Balikpapan Tim., Kota Balikpapan, Kalimantan Timur 76116",Kota Balikpapan,Bali,4.3,19,Restoran Mie,Buka 24 jam,Tidak Ada,Tidak Ada,Buka,Approved,2027-07-09,419,Tersertifikasi,High (Butuh Eskalasi),710000000,2,0,2,0,High (Butuh Eskalasi)
GCN-0504,Me Gacoan 2,https://www.google.com/maps/place/Me+Gacoan+2/data=!4m7!3m6!1s0x2df67f003fbdc003:0x7977c3102d0d4a42!8m2!3d-0.4765968!4d117.1589992!16s%2Fg%2F11lnpssk3j!19sChIJA8C9PwB_9i0RQkoNLRDDd3k?authuser=0&hl=id&rclk=1,"Jl. Ahmad Yani No.1, Sungai Pinang Dalam, Kec. Sungai Pinang, Kota Samarinda, Kalimantan Timur 75242",Kota Samarinda,Kalimantan Timur,4.4,1,Restoran Mie,Buka 24 jam,Tidak Ada,Tidak Ada,Buka,Approved,2026-07-29,74,Tersertifikasi,Medium,650000000,1,0,2,0,Medium
GCN-0505,Mie Nyelekit Amuntai (Mie Gacoan),https://www.google.com/maps/place/Mie+Nyelekit+Amuntai+%28Mie+Gacoan%29/data=!4m7!3m6!1s0x2de539005272360b:0xedb618da847b58ad!8m2!3d-2.4059707!4d115.2440651!16s%2Fg%2F11wh493d08!19sChIJCzZyUgA55S0RrVh7hNoYtu0?authuser=0&hl=id&rclk=1,"Bayur, Kec. Haur Gading, Kabupaten Hulu Sungai Utara, Kalimantan Selatan 71471",Kabupaten Hulu Sungai Utara,Kalimantan Selatan,5.0,697,Restoran Mie,Buka 24 jam,0878-2852-9395,instagram.com,Buka,In Progress,2027-12-01,564,Tersertifikasi,Medium,450000000,1,2,2,0,Medium
GCN-0506,Rombong Mie Gacoan Mantuil,https://www.google.com/maps/place/Rombong+Mie+Gacoan+Mantuil/data=!4m7!3m6!1s0x2de421001e665be9:0x967c083dd006bd7b!8m2!3d-3.3487528!4d114.5633203!16s%2Fg%2F11ytlh_tw4!19sChIJ6VtmHgAh5C0Re70G0D0IfJY?authuser=0&hl=id&rclk=1,"Jalan Mantuil Raya No.02, Mantuil, Kec. Banjarmasin Sel., Kota Banjarmasin, Kalimantan Selatan 70244",Kota Banjarmasin,Kalimantan Selatan,4.7,697,Restoran Mie,Buka 24 jam,Tidak Ada,Tidak Ada,Buka,In Progress,2027-04-25,344,Tersertifikasi,Low,300000000,0,2,2,0,Low
GCN-0507,Boos Boba Mie Ngacoan,https://www.google.com/maps/place/Boos+Boba+Mie+Ngacoan/data=!4m7!3m6!1s0x2dfcb3685241cd89:0xd62e0d4776091942!8m2!3d-2.21734!4d113.9077464!16s%2Fg%2F11tn49k173!19sChIJic1BUmiz_C0RQhkJdkcNLtY?authuser=0&hl=id&rclk=1,"Jl. Mangku Rambang, Menteng, Kec. Jekan Raya, Kota Palangka Raya, Kalimantan Tengah 74874",Kota Palangka Raya,Dki Jakarta,4.1,2,Restoran Mie,09.30 hingga 21.00,0857-5407-0588,Tidak Ada,Buka,Approved,2026-04-29,0,Tersertifikasi,Low,670000000,0,0,2,0,Low
GCN-0508,Mie Gacoan Chilli Oil ( Raja Bubble Drink ),https://www.google.com/maps/place/Mie+Gacoan+Chilli+Oil+%28+Raja+Bubble+Drink+%29/data=!4m7!3m6!1s0x320eb30071587aef:0x1de52e9dfb172085!8m2!3d1.0882344!4d116.89629!16s%2Fg%2F11ys2ymkwj!19sChIJ73pYcQCzDjIRhSAX-50u5R0?authuser=0&hl=id&rclk=1,"Jl. Samarinda - Berau No.Sp 1, Wanasari, Kec. Kongbeng, Kabupaten Kutai Timur, Kalimantan Timur 75655",Kabupaten Kutai Timur,Bali,4.8,19,Restoran Mie,Buka 24 jam,Tidak Ada,Tidak Ada,Buka,Approved,2028-05-07,722,Tersertifikasi,Low,470000000,0,0,2,0,Low
GCN-0509,Mie Hazacoan,https://www.google.com/maps/place/Mie+Hazacoan/data=!4m7!3m6!1s0x2de6814b6e96b669:0xd31772012e9fbd02!8m2!3d-3.4355383!4d114.8603402!16s%2Fg%2F11sv6zcmxd!19sChIJabaWbkuB5i0RAr2fLgFyF9M?authuser=0&hl=id&rclk=1,"Hv76+R39, Jl. Pendidikan, Mentaos, Kec. Banjarbaru Utara, Kota Banjar Baru, Kalimantan Selatan 70714",Kota Banjar Baru,Kalimantan Selatan,4.0,697,Restoran Mie,Buka 24 jam,Tidak Ada,Tidak Ada,Buka,In Progress,2027-02-08,268,Tersertifikasi,Low,510000000,0,2,2,0,Low
GCN-0510,Mie Ngacoan Milla,https://www.google.com/maps/place/Mie+Ngacoan+Milla/data=!4m7!3m6!1s0x32138b338eedd3c5:0x36e9938a8b017017!8m2!3d3.3109423!4d117.6244422!16s%2Fg%2F11v3_0sjmn!19sChIJxdPtjjOLEzIRF3ABi4qT6TY?authuser=0&hl=id&rclk=1,"Jl. Gn. Amal, Rt.11/Rw.No 87, Kp. Enam, Kec. Tarakan Tim., Kota Tarakan, Kalimantan Utara 77123",Kota Tarakan,Kalimantan Utara,5.0,8,Restoran Mie,07.25 hingga 21.15,0851-7247-5766,Tidak Ada,Buka,Approved,2028-09-04,842,Proses Perpanjangan,Low,230000000,0,0,1,0,Low
GCN-0511,Mie Level Sampurna,https://www.google.com/maps/place/MIE+LEVEL+SAMPURNA/data=!4m7!3m6!1s0x2de8b5783bfa128f:0xe7771d976b75be27!8m2!3d-3.407472!4d115.9843873!16s%2Fg%2F11y3ds9lyj!19sChIJjxL6O3i16C0RJ751a5cdd-c?authuser=0&hl=id&rclk=1,"Jl. Sampurna Jl. Transmigrasi Plajau, Rt.003/Rw.No.24, Baroqah, Kec. Simpang Empat, Kabupaten Tanah Bumbu, Kalimantan Selatan 72232",Kabupaten Tanah Bumbu,Kalimantan Selatan,4.9,697,Restoran Mie,09.00 hingga 21.00,0822-3573-3363,instagram.com,Buka,Approved,2027-02-01,261,Proses Perpanjangan,Low,540000000,0,0,1,0,Low
GCN-0512,Mie Gocuan Byfatimahfood,https://www.google.com/maps/place/Mie+Gocuan+byFatimahFood/data=!4m7!3m6!1s0x2de6210072111f25:0x5c964400fbea0675!8m2!3d-3.714592!4d115.610513!16s%2Fg%2F11wn7ld2qr!19sChIJJR8RcgAh5i0RdQbq-wBEllw?authuser=0&hl=id&rclk=1,"Jln.Propinsi No.Km 195, Rt.06/Rw.03, Karang Indah, Kec. Angsana, Kabupaten Tanah Bumbu, Kalimantan Selatan 72275",Kabupaten Tanah Bumbu,Kalimantan Selatan,5.0,697,Restoran Mie,10.00 hingga 21.00,Tidak Ada,Tidak Ada,Buka,Approved,2026-05-19,3,Tersertifikasi,High (Butuh Eskalasi),680000000,2,0,2,0,High (Butuh Eskalasi)
GCN-0513,Angkringan Teras Md,https://www.google.com/maps/place/Angkringan+Teras+MD/data=!4m7!3m6!1s0x2de4237dd46e2873:0xac6602eb210ca127!8m2!3d-3.2767719!4d114.6100804!16s%2Fg%2F11scmplf57!19sChIJcyhu1H0j5C0RJ6EMIesCZqw?authuser=0&hl=id&rclk=1,"Jl. Semangat Raya Komplek Wira Bakti Ii Blok E No. 27 Kelurahan Semangat Dalam, Handil Bakti, Kec. Alalak, Kabupaten Barito Kuala, Kalimantan Selatan 70580",Kabupaten Barito Kuala,Kalimantan Selatan,4.4,697,Restoran Mie,Buka 24 jam,0853-4512-4961,instagram.com,Tutup Sementara,Approved,2028-04-16,701,Tersertifikasi,Low,200000000,0,0,2,0,Low
GCN-0514,Ayam Bakar Gacoan,https://www.google.com/maps/place/Ayam+Bakar+Gacoan/data=!4m7!3m6!1s0x2df67fcbab4cb7e5:0x26b91f70cfae4f56!8m2!3d-0.4876631!4d117.1406149!16s%2Fg%2F11qnfk09wb!19sChIJ5bdMq8t_9i0RVk-uz3AfuSY?authuser=0&hl=id&rclk=1,"Jl. Ks Tubun Dalam, Dadi Mulya, Kec. Samarinda Ulu, Kota Samarinda, Kalimantan Timur 75243",Kota Samarinda,Kalimantan Timur,4.8,1,Restoran Mie,Buka 24 jam,0853-8900-9460,Tidak Ada,Tutup Sementara,Approved,2028-09-27,865,Menunggu Audit,Medium,790000000,1,0,0,0,Medium
GCN-0515,Mie Kumpau,https://www.google.com/maps/place/Mie+kumpau/data=!4m7!3m6!1s0x32138b08024be671:0xc9dbc2645c10fb59!8m2!3d3.3016546!4d117.620621!16s%2Fg%2F11lbgjhqcw!19sChIJceZLAgiLEzIRWfsQXGTC28k?authuser=0&hl=id&rclk=1,"Kp. Empat, Kec. Tarakan Tim., Kota Tarakan, Kalimantan Utara 77124",Kota Tarakan,Kalimantan Utara,4.6,8,Restoran Mie,11.00 hingga 22.45,0822-4501-0007,Tidak Ada,Buka,Bermasalah,2027-09-16,488,Tersertifikasi,Low,270000000,0,1,2,0,Low
GCN-0516,Mie Setan,https://www.google.com/maps/place/Mie+Setan/data=!4m7!3m6!1s0x2df67f14aacc530d:0x9816359e3d48a096!8m2!3d-0.488738!4d117.1500235!16s%2Fg%2F11c32kytm1!19sChIJDVPMqhR_9i0RlqBIPZ41Fpg?authuser=0&hl=id&rclk=1,"Jalan Biola No.10, Sungai Pinang Luar, Dadi Mulya, Kec. Samarinda Ulu, Kota Samarinda, Kalimantan Timur 75117",Kota Samarinda,Kalimantan Timur,4.2,1,Restoran Mie,10.00 hingga 23.00,0823-3526-9030,Tidak Ada,Buka,Approved,2027-10-12,514,Proses Perpanjangan,Medium,320000000,1,0,1,0,Medium
GCN-0517,Wizzmie Samarinda- Di Panjaitan,https://www.google.com/maps/place/Wizzmie+Samarinda-+DI+Panjaitan/data=!4m7!3m6!1s0x2df5d700114d3643:0x954414da18f8a025!8m2!3d-0.4622294!4d117.1837316!16s%2Fg%2F11yj4d9dqq!19sChIJQzZNEQDX9S0RJaD4GNoURJU?authuser=0&hl=id&rclk=1,"Jl. D.I. Panjaitan No.77, Mugirejo, Kec. Sungai Pinang, Kota Samarinda, Kalimantan Timur 75117",Kota Samarinda,Kalimantan Timur,4.8,1,Restoran Mie,09.00 hingga 00.00,Tidak Ada,instagram.com,Buka,Approved,2026-03-21,0,Tersertifikasi,Low,290000000,0,0,2,0,Low
GCN-0518,Es Teler & Mie Gacoan & Es Buah & Bakso Tulangan,https://www.google.com/maps/place/Es+teler+%26+Mie+Gacoan+%26+Es+Buah+%26+Bakso+Tulangan/data=!4m7!3m6!1s0x2dfce3000fa85c8d:0x80ebf76fbffa30c8!8m2!3d-1.8963396!4d113.3872875!16s%2Fg%2F11ms3q7mf4!19sChIJjVyoDwDj_C0RyDD6v2_364A?authuser=0&hl=id&rclk=1,"493P+Fw7, Kasongan Lama, Kec. Katingan Hilir, Kabupaten Katingan, Kalimantan Tengah",Kabupaten Katingan,Kalimantan Tengah,5.0,8,Restoran Mie,Buka 24 jam,Tidak Ada,Tidak Ada,Buka,In Progress,2028-06-03,749,Tersertifikasi,Low,760000000,0,2,2,0,Low
GCN-0519,Mie Pedas,https://www.google.com/maps/place/MIE+Pedas/data=!4m7!3m6!1s0x2df1470045073d9b:0xd698a3681183fa39!8m2!3d-1.2643782!4d116.8531951!16s%2Fg%2F11lttzjdlh!19sChIJmz0HRQBH8S0ROfqDEWijmNY?authuser=0&hl=id&rclk=1,"Pvp3+67W, Jl. Siaga, Damai, Kec. Balikpapan Kota, Kota Balikpapan, Kalimantan Timur 76114",Kota Balikpapan,Bali,5.0,19,Restoran Mie,Buka 24 jam,Tidak Ada,Tidak Ada,Buka,Approved,2027-12-30,593,Tersertifikasi,Medium,480000000,1,0,2,0,Medium
GCN-0520,Kedai Susu Gacoan,https://www.google.com/maps/place/Kedai+Susu+Gacoan/data=!4m7!3m6!1s0x2df6712e7f861d03:0x5a4fd24eccd39f5f!8m2!3d-0.3990542!4d116.9894362!16s%2Fg%2F11s0pzv1cf!19sChIJAx2Gfy5x9i0RX5_TzE7ST1o?authuser=0&hl=id&rclk=1,"Jx2Q+9Qf, Gg. 4, Baru, Kec. Tenggarong, Kabupaten Kutai Kartanegara, Kalimantan Timur 75513",Kabupaten Kutai Kartanegara,Bali,5.0,19,Restoran Mie,08.30 hingga 22.00,0812-5783-3880,Tidak Ada,Buka,Approved,2026-11-21,189,Tersertifikasi,Low,200000000,0,0,2,0,Low
GCN-0521,Mie Gocuan & Es Mojito,https://www.google.com/maps/place/Mie+Gocuan+%26+Es+Mojito/data=!4m7!3m6!1s0x2dfcb3795acf2357:0xd015c219f57f3d1a!8m2!3d-2.2174249!4d113.9311523!16s%2Fg%2F11t_qp54nq!19sChIJVyPPWnmz_C0RGj1_9RnCFdA?authuser=0&hl=id&rclk=1,"Jl. Seth Adji No.10, Langkai, Kec. Pahandut, Kota Palangka Raya, Kalimantan Tengah 74874",Kota Palangka Raya,Kalimantan Tengah,5.0,8,Restoran Mie,10.00 hingga 21.00,0812-5169-7171,Tidak Ada,Buka,Approved,2027-04-18,337,Tersertifikasi,Low,310000000,0,0,2,0,Low
GCN-0522,Mie Gacoan - Makassar Maros,https://www.google.com/maps/place/Mie+Gacoan+-+Makassar+Maros/data=!4m7!3m6!1s0x2dbefb002a8a334f:0x8aa58da23e64a9a!8m2!3d-5.1164501!4d119.5116715!16s%2Fg%2F11vwfn1309!19sChIJTzOKKgD7vi0RmkrmI9pYqgg?authuser=0&hl=id&rclk=1,"Jl. Poros Makassar - Maros No.14, Daya, Kec. Biringkanaya, Kota Makassar, Sulawesi Selatan 90245",Kota Makassar,Sulawesi Selatan,4.8,3,Restoran Mie,Buka 24 jam,Tidak Ada,Tidak Ada,Buka,Approved,2027-06-03,383,Proses Perpanjangan,High (Butuh Eskalasi),340000000,2,0,1,0,High (Butuh Eskalasi)
GCN-0523,Mie Gacoan - Bulurokeng Makassar,https://www.google.com/maps/place/Mie+Gacoan+-+Bulurokeng+Makassar/data=!4m7!3m6!1s0x2dbefd002f4ec60d:0xfe19280d9e8a8e52!8m2!3d-5.0762586!4d119.5018938!16s%2Fg%2F11lyg0hktj!19sChIJDcZOLwD9vi0RUo6Kng0oGf4?authuser=0&hl=id&rclk=1,"Jl. Villa Mutiara No.1, Bulurokeng, Kec. Biringkanaya, Kota Makassar, Sulawesi Selatan 90243",Kota Makassar,Sulawesi Selatan,4.9,3,Restoran Mie,10.00 hingga 22.00,0895-0370-9043,miegacoan.co.id,Buka,Approved,2028-11-09,908,Tersertifikasi,Low,400000000,0,0,2,0,Low
GCN-0524,Mie Gacoan - Pengayoman,https://www.google.com/maps/place/Mie+Gacoan+-+Pengayoman/data=!4m7!3m6!1s0x2dbee30023bfaa49:0x2f59517fc7d27fda!8m2!3d-5.158064!4d119.4410946!16s%2Fg%2F11y5gt2wfw!19sChIJSaq_IwDjvi0R2n_Sx39RWS8?authuser=0&hl=id&rclk=1,"Jl. Pengayoman No.15 B, Masale, Kec. Panakkukang, Kota Makassar, Sulawesi Selatan 90231",Kota Makassar,Sulawesi Selatan,4.9,3,Restoran Mie,08.00 hingga 23.00,Tidak Ada,Tidak Ada,Buka,Approved,2028-11-07,906,Tersertifikasi,High (Butuh Eskalasi),420000000,2,0,2,0,High (Butuh Eskalasi)
GCN-0525,Mie Gacoan Pettarani,https://www.google.com/maps/place/Mie+Gacoan+Pettarani/data=!4m7!3m6!1s0x2dbee3001ef220bb:0x4bc9bf0f8cb5aba0!8m2!3d-5.1429755!4d119.4390829!16s%2Fg%2F11y3d0xqsz!19sChIJuyDyHgDjvi0RoKu1jA-_yUs?authuser=0&hl=id&rclk=1,"Jl. A. P. Pettarani, Rt.001/Rw.006, Tamamaung, Kec. Panakkukang, Kota Makassar, Sulawesi Selatan 90231",Kota Makassar,Sulawesi Selatan,4.9,3,Restoran Mie,Buka 24 jam,0895-3446-57424,Tidak Ada,Buka,In Progress,2026-10-08,145,Tersertifikasi,High (Butuh Eskalasi),540000000,2,2,2,0,High (Butuh Eskalasi)
GCN-0526,Mie Gacoan - Perintis,https://www.google.com/maps/place/Mie+Gacoan+-+Perintis/data=!4m7!3m6!1s0x2dbee3007f6b4e57:0xd84a7746885e7400!8m2!3d-5.1419485!4d119.4887053!16s%2Fg%2F11vt63rmf6!19sChIJV05rfwDjvi0RAHReiEZ3Stg?authuser=0&hl=id&rclk=1,"Jl. Perintis Kemerdekaan, Tamalanrea Jaya, Kec. Tamalanrea, Kota Makassar, Sulawesi Selatan 90245",Kota Makassar,Sulawesi Selatan,4.9,3,Restoran Mie,Buka 24 jam,Tidak Ada,Tidak Ada,Buka,Approved,2026-06-24,39,Proses Perpanjangan,Low,480000000,0,0,1,0,Low
GCN-0527,Mie Gacoan Alauddin,https://www.google.com/maps/place/Mie+Gacoan+Alauddin/data=!4m7!3m6!1s0x2dbee3005cf4351d:0xf1b3c50b8df59143!8m2!3d-5.1833521!4d119.4403204!16s%2Fg%2F11w2c5s7n8!19sChIJHTX0XADjvi0RQ5H1jQvFs_E?authuser=0&hl=id&rclk=1,"Jl. Sultan Alauddin No.7, Mangasa, Kec. Tamalate, Kota Makassar, Sulawesi Selatan 90221",Kota Makassar,Sulawesi Selatan,4.8,3,Restoran Mie,Buka 24 jam,Tidak Ada,Tidak Ada,Buka,Approved,2026-08-19,95,Tersertifikasi,Low,200000000,0,0,2,0,Low
GCN-0528,Mie Gacoan Karebosi,https://www.google.com/maps/place/Mie+Gacoan+Karebosi/data=!4m7!3m6!1s0x2dbf03b1a61d94f7:0xefa35eb63cf03d74!8m2!3d-5.1336868!4d119.4135517!16s%2Fg%2F11vbw3z1r9!19sChIJ95QdprEDvy0RdD3wPLZeo-8?authuser=0&hl=id&rclk=1,"No.37 Blok B36, Karebosi Link, Jl. Ahmad Yani, Baru, Kec. Ujung Pandang, Kota Makassar, Sulawesi Selatan 90111",Kota Makassar,Sulawesi Selatan,4.8,3,Restoran Mie,Buka 24 jam,Tidak Ada,Tidak Ada,Buka,Approved,2026-05-05,0,Menunggu Audit,Medium,550000000,1,0,0,0,Medium
GCN-0529,Mie Gacoan - Ratulangi,https://www.google.com/maps/place/Mie+Gacoan+-+Ratulangi/data=!4m7!3m6!1s0x2dbf1d00749b6fd7:0xb4c528e4b4077745!8m2!3d-5.1550675!4d119.416025!16s%2Fg%2F11ldm9412x!19sChIJ12-bdAAdvy0RRXcHtOQoxbQ?authuser=0&hl=id&rclk=1,"Jl. Dr. Ratulangi, Mamajang Luar, Kec. Mariso, Kota Makassar, Sulawesi Selatan 90125",Kota Makassar,Sulawesi Selatan,4.9,3,Restoran Mie,Buka 24 jam,Tidak Ada,Tidak Ada,Buka,Approved,2027-07-15,425,Tersertifikasi,Low,410000000,0,0,2,0,Low
GCN-0530,Mie Gacoan Makassar Gowa,https://www.google.com/maps/place/Mie+Gacoan+Makassar+Gowa/data=!4m7!3m6!1s0x2dbee318589d4abb:0x8b24bd327e547a8e!8m2!3d-5.1801992!4d119.465495!16s%2Fg%2F11l5bq1xjg!19sChIJu0qdWBjjvi0RjnpUfjK9JIs?authuser=0&hl=id&rclk=1,"Jl. Tun Abdul Razak No.9022, Paccinongang, Kec. Somba Opu, Kabupaten Gowa, Sulawesi Selatan 90222",Kabupaten Gowa,Sulawesi Selatan,4.7,3,Restoran Mie,Buka 24 jam,Tidak Ada,Tidak Ada,Buka,Approved,2027-01-13,242,Tersertifikasi,Low,710000000,0,0,2,0,Low
GCN-0531,Mie Gacoan Maros,https://www.google.com/maps/place/Mie+Gacoan+Maros/data=!4m7!3m6!1s0x2dbef900200f81b5:0xcbf36eb2c6a31e25!8m2!3d-5.051795!4d119.545682!16s%2Fg%2F11ybttqql_!19sChIJtYEPIAD5vi0RJR6jxrJu88s?authuser=0&hl=id&rclk=1,"Jl. Poros Palopo - Makassar No.39, Bontoa, Kec. Mandai, Kabupaten Maros, Sulawesi Selatan 90552",Kabupaten Maros,Sulawesi Selatan,4.9,3,Restoran Mie,10.00 hingga 23.00,0896-7825-0037,Tidak Ada,Buka,Approved,2028-09-26,864,Tersertifikasi,Medium,520000000,1,0,2,0,Medium
GCN-0532,Gacoan,https://www.google.com/maps/place/Gacoan/data=!4m7!3m6!1s0x2dbf030035e85cbd:0x1339045e793785a2!8m2!3d-5.1361279!4d119.4169655!16s%2Fg%2F11xd9qzv48!19sChIJvVzoNQADvy0RooU3eV4EORM?authuser=0&hl=id&rclk=1,"Vc78+Gqw, Jl. Sungai Celendu, Pisang Utara, Kec. Ujung Pandang, Kota Makassar, Sulawesi Selatan",Kota Makassar,Sulawesi Selatan,4.8,3,Restoran Mie,Buka 24 jam,Tidak Ada,Tidak Ada,Buka,Approved,2027-12-11,574,Tersertifikasi,Medium,430000000,1,0,2,0,Medium
GCN-0533,Titik Gacoan,https://www.google.com/maps/place/Titik+gacoan/data=!4m7!3m6!1s0x2dbf1d000b851f1d:0x2edf468dc29b178d!8m2!3d-5.154827!4d119.4158494!16s%2Fg%2F11vtbnqx1_!19sChIJHR-FCwAdvy0RjRebwo1G3y4?authuser=0&hl=id&rclk=1,"Jl. Dr. Ratulangi Lr 5B No.78, Mario, Kec. Mariso, Kota Makassar, Sulawesi Selatan 90113",Kota Makassar,Sulawesi Selatan,5.0,3,Restoran Mie,Buka 24 jam,Tidak Ada,Tidak Ada,Buka,In Progress,2028-04-06,691,Proses Perpanjangan,Low,510000000,0,2,1,0,Low
GCN-0534,Gacoan Eim,https://www.google.com/maps/place/gacoan+eiM/data=!4m7!3m6!1s0x2dbf1d007631125b:0x7cf8ab3e3cc23dc6!8m2!3d-5.1550995!4d119.4156395!16s%2Fg%2F11xf9_3lc5!19sChIJWxIxdgAdvy0Rxj3CPD6r-Hw?authuser=0&hl=id&rclk=1,"Rcv8+X76, Mario, Kec. Mariso, Kota Makassar, Sulawesi Selatan 90125",Kota Makassar,Sulawesi Selatan,4.8,3,Restoran Mie,Buka 24 jam,Tidak Ada,Tidak Ada,Buka,Approved,2026-09-05,112,Tersertifikasi,Low,480000000,0,0,2,0,Low
GCN-0535,Mie Setan Makassar,https://www.google.com/maps/place/Mie+Setan+Makassar/data=!4m7!3m6!1s0x2dbee39a4d4d7097:0xf09a9e296cc5846a!8m2!3d-5.1493882!4d119.4497493!16s%2Fg%2F11h4kg4dyn!19sChIJl3BNTZrjvi0RaoTFbCmemvA?authuser=0&hl=id&rclk=1,"Jl. Prof. Abdurahman Basalamah No.101, Karampuang, Kec. Panakkukang, Kota Makassar, Sulawesi Selatan 90231",Kota Makassar,Sulawesi Selatan,3.7,3,Restoran Mie,09.00 hingga 22.00,0823-7513-2226,Tidak Ada,Buka,Approved,2026-03-04,0,Tersertifikasi,High (Butuh Eskalasi),230000000,2,0,2,0,High (Butuh Eskalasi)
GCN-0536,Mie Pedas Sudiang,https://www.google.com/maps/place/Mie+Pedas+Sudiang/data=!4m7!3m6!1s0x2dbefb742d809dbf:0x6bd0f0c9a7361951!8m2!3d-5.0942132!4d119.5264942!16s%2Fg%2F11gblvypkh!19sChIJv52ALXT7vi0RURk2p8nw0Gs?authuser=0&hl=id&rclk=1,"Perumahan Permata, Blk. H7-H8 No.5, Sudiang Raya, Kec. Biringkanaya, Kota Makassar, Sulawesi Selatan 90552",Kota Makassar,Sulawesi Selatan,4.5,3,Restoran Mie,08.00 hingga 23.15,0852-5611-7799,Tidak Ada,Buka,Approved,2028-09-30,868,Tersertifikasi,Low,250000000,0,0,2,0,Low
GCN-0537,Mie Joss,https://www.google.com/maps/place/Mie+Joss/data=!4m7!3m6!1s0x2dbee25e62bfd3dd:0xc1cf97e4282f9be7!8m2!3d-5.1824469!4d119.4448054!16s%2Fg%2F11c20b7vy1!19sChIJ3dO_Yl7ivi0R55svKOSXz8E?authuser=0&hl=id&rclk=1,"Jl. Talasalapang No.40, Gn. Sari, Kec. Rappocini, Kota Makassar, Sulawesi Selatan 90221",Kota Makassar,Sulawesi Selatan,4.6,3,Restoran Mie,10.00 hingga 22.00,0853-4272-7372,Tidak Ada,Buka,In Progress,2027-01-07,236,Tersertifikasi,Low,290000000,0,2,2,0,Low
GCN-0538,Mie Gacoan Megamas,https://www.google.com/maps/place/Mie+Gacoan+Megamas/data=!4m7!3m6!1s0x328775002b01f7e3:0xc3415aa06e7fae0c!8m2!3d1.4808735!4d124.8335189!16s%2Fg%2F11xmgjzn2r!19sChIJ4_cBKwB1hzIRDK5_bqBaQcM?authuser=0&hl=id&rclk=1,"Frjm+8Cr, Jl. K.H. Abdurrahman Wahid, Kota Manado, Sulawesi Utara",Kota Manado,Sulawesi Utara,4.7,8,Restoran Mie,Buka 24 jam,Tidak Ada,Tidak Ada,Buka,Approved,2027-04-23,342,Tersertifikasi,Low,560000000,0,0,2,0,Low
GCN-0539,Mie Gacoan Sindulang Dua,https://www.google.com/maps/place/Mie+Gacoan+Sindulang+Dua/data=!4m7!3m6!1s0x32879f00027f0da1:0xe039286f2d6beeb5!8m2!3d1.50472!4d124.8429219!16s%2Fg%2F11yc767hf5!19sChIJoQ1_AgCfhzIRte5rLW8oOeA?authuser=0&hl=id&rclk=1,"Jl. Boulevard Ii, Sindulang Dua, Kec. Tuminting, Kota Manado, Sulawesi Utara",Kota Manado,Sulawesi Utara,4.8,8,Restoran Mie,Buka 24 jam,Tidak Ada,Tidak Ada,Buka,In Progress,2027-05-13,362,Tersertifikasi,Low,800000000,0,2,2,0,Low
GCN-0540,Mie Gacoan A.A. Maramis - Manado,https://www.google.com/maps/place/Mie+Gacoan+A.A.+Maramis+-+Manado/data=!4m7!3m6!1s0x3287a1006eae0c1b:0x757eb9e429fea213!8m2!3d1.5060405!4d124.9031767!16s%2Fg%2F11xkf49vvb!19sChIJGwyubgChhzIRE6L-KeS5fnU?authuser=0&hl=id&rclk=1,"Jl. A.A. Maramis, Paniki Bawah, Kec. Mapanget, Kota Manado, Sulawesi Utara 95256",Kota Manado,Sulawesi Utara,4.8,8,Restoran Mie,Buka 24 jam,0895-2440-4984,instagram.com,Buka,Approved,2028-10-29,897,Tersertifikasi,Low,690000000,0,0,2,0,Low
GCN-0541,Gojekfood Mie Gacoan,https://www.google.com/maps/place/GojekFood+mie+gacoan/data=!4m7!3m6!1s0x32879f0044b4bab7:0xfdc5f9c5273887fe!8m2!3d1.5045654!4d124.8431311!16s%2Fg%2F11xrl8xvv0!19sChIJt7q0RACfhzIR_oc4J8X5xf0?authuser=0&hl=id&rclk=1,"Gr3V+R7C, Jl. Mayjen Theo Syafei, Sindulang Dua, Kec. Tuminting, Kota Manado, Sulawesi Utara",Kota Manado,Sulawesi Utara,4.9,8,Restoran Mie,Buka 24 jam,Tidak Ada,Tidak Ada,Buka,Approved,2026-07-27,72,Tersertifikasi,High (Butuh Eskalasi),520000000,2,0,2,0,High (Butuh Eskalasi)
GCN-0542,Mie Gacoan Tondano,https://www.google.com/maps/place/Mie+Gacoan+Tondano/data=!4m7!3m6!1s0x328715000745df73:0x9d9ae2f9728d6797!8m2!3d1.3105763!4d124.9145377!16s%2Fg%2F11xl0t9r9z!19sChIJc99FBwAVhzIRl2eNcvnimp0?authuser=0&hl=id&rclk=1,"8W67+6Pg, Kembuan, Kec. Tondano Utara, Kabupaten Minahasa, Sulawesi Utara",Kabupaten Minahasa,Sulawesi Utara,4.9,8,Restoran Mie,08.00 hingga 23.00,Tidak Ada,Tidak Ada,Buka,Approved,2028-06-22,768,Tersertifikasi,Low,580000000,0,0,2,0,Low
GCN-0543,Mie Gacoan Bitung - W. Maramis,https://www.google.com/maps/place/Mie+Gacoan+Bitung+-+W.+Maramis/data=!4m7!3m6!1s0x328701001b759ea5:0x16b9d83e11d15fac!8m2!3d1.4442699!4d125.1718568!16s%2Fg%2F11xl5_t63p!19sChIJpZ51GwABhzIRrF_RET7YuRY?authuser=0&hl=id&rclk=1,"Jl. Babe Palar No.81, Madidir Ure, Kec. Maesa, Kota Bitung, Sulawesi Utara 95515",Kota Bitung,Sulawesi Utara,5.0,8,Restoran Mie,08.00 hingga 23.00,0831-7134-9596,Tidak Ada,Buka,Bermasalah,2028-02-29,654,Tersertifikasi,Low,540000000,0,1,2,0,Low
GCN-0544,Mie Getcuan,https://www.google.com/maps/place/Mie+GetCuan/data=!4m7!3m6!1s0x328775c8c9316b71:0xc71d6032ce0bb1f2!8m2!3d1.4592269!4d124.8401874!16s%2Fg%2F11wbcf17ks!19sChIJcWsxych1hzIR8rELzjJgHcc?authuser=0&hl=id&rclk=1,"Samping Kedai Buah Dragon Masuk Belok Kiri Di Asrama Griya Waskita Xiii Rumah, Jl. Arnold Mononutu No.9, Pakowa, Kec. Wanea, Kota Manado, Sulawesi Utara 95115",Kota Manado,Sulawesi Utara,4.7,8,Restoran Mie,11.00 hingga 22.00,0858-0420-3705,Tidak Ada,Buka,Bermasalah,2026-03-13,0,Tersertifikasi,Medium,530000000,1,1,2,0,Medium
GCN-0545,Mie Gacoan Mamuju,https://www.google.com/maps/place/Mie+Gacoan+Mamuju/data=!4m7!3m6!1s0x2d92d9000115b0db:0x5ed146f505ca3936!8m2!3d-2.6831817!4d118.8702273!16s%2Fg%2F11lzxwz3b_!19sChIJ27AVAQDZki0RNjnKBfVG0V4?authuser=0&hl=id&rclk=1,"8V8C+M3V, Jl. Poros Majene - Mamuju, Simboro, Kec. Simboro Dan Kepulauan, Kabupaten Mamuju, Sulawesi Barat 91512",Kabupaten Mamuju,Sulawesi Barat,4.8,8,Restoran Mie,Buka 24 jam,Tidak Ada,Tidak Ada,Buka,Approved,2026-08-08,84,Tersertifikasi,Low,410000000,0,0,2,0,Low
GCN-0546,Mie Gacoan Bone,https://www.google.com/maps/place/Mie+Gacoan+Bone/data=!4m7!3m6!1s0x2dbde500418e71f9:0x8c402afd71144f4f!8m2!3d-4.547965!4d120.3172687!16s%2Fg%2F11ylxsx4__!19sChIJ-XGOQQDlvS0RT08Ucf0qQIw?authuser=0&hl=id&rclk=1,"F828+Rw6, Jl. Pepaya Blk, Macege, Kec. Tanete Riattang Bar., Kabupaten Bone, Sulawesi Selatan 92711",Kabupaten Bone,Sulawesi Selatan,4.8,3,Restoran Mie,Buka 24 jam,Tidak Ada,Tidak Ada,Buka,Approved,2028-08-25,832,Tersertifikasi,Medium,160000000,1,0,2,0,Medium
GCN-0547,Mie Gacoan Palu Re Martadinata,https://www.google.com/maps/place/Mie+Gacoan+Palu+RE+Martadinata/data=!4m7!3m6!1s0x2d8be9001783a65d:0x5c308a293e50c541!8m2!3d-0.847939!4d119.8827337!16s%2Fg%2F11xm4wxqjb!19sChIJXaaDFwDpiy0RQcVQPimKMFw?authuser=0&hl=id&rclk=1,"5V2M+R3H, Jl. Re Martadinata, Tondo, Kec. Mantikulore, Kota Palu, Sulawesi Tengah 94148",Kota Palu,Sulawesi Tengah,4.8,8,Restoran Mie,08.00 hingga 23.30,0896-3834-5020,Tidak Ada,Buka,Approved,2027-04-07,326,Tersertifikasi,Low,540000000,0,0,2,0,Low
GCN-0548,Mie Gacoan Sengkang,https://www.google.com/maps/place/Mie+Gacoan+Sengkang/data=!4m7!3m6!1s0x2d95e7000d3c6f2d:0x5851daed073cdb53!8m2!3d-4.1210794!4d120.0235591!16s%2Fg%2F11xdzgwj4p!19sChIJLW88DQDnlS0RU9s8B-3aUVg?authuser=0&hl=id&rclk=1,"Tempe, Kec. Tempe, Kabupaten Wajo, Sulawesi Selatan",Kabupaten Wajo,Sulawesi Selatan,4.8,3,Restoran Mie,08.00 hingga 23.00,Tidak Ada,Tidak Ada,Buka,Approved,2027-01-20,249,Tersertifikasi,High (Butuh Eskalasi),740000000,2,0,2,0,High (Butuh Eskalasi)
GCN-0549,Mie Gacoan - Polewali Mandar,https://www.google.com/maps/place/Mie+Gacoan+-+Polewali+Mandar/data=!4m7!3m6!1s0x2d948900265462c3:0x69e59f50d9b2f021!8m2!3d-3.4321357!4d119.3460218!16s%2Fg%2F11xyccw53y!19sChIJw2JUJgCJlC0RIfCy2VCf5Wk?authuser=0&hl=id&rclk=1,"Jl. A. Yani No.180, Wattang, Kec. Polewali, Kabupaten Polewali Mandar, Sulawesi Barat 91315",Kabupaten Polewali Mandar,Sulawesi Barat,4.9,8,Restoran Mie,08.00 hingga 23.00,Tidak Ada,Tidak Ada,Buka,In Progress,2027-04-24,343,Tersertifikasi,Low,400000000,0,2,2,0,Low
GCN-0550,Mie Gacoan Kendari,https://www.google.com/maps/place/Mie+Gacoan+Kendari/data=!4m7!3m6!1s0x2d988d005f683d67:0xb9aa86ead31e646a!8m2!3d-4.0015938!4d122.5316351!16s%2Fg%2F11wx1b26b5!19sChIJZz1oXwCNmC0RamQe0-qGqrk?authuser=0&hl=id&rclk=1,"Jl. Jend. Ah. Nasution, Kambu, Kec. Kambu, Kota Kendari, Sulawesi Tenggara 93231",Kota Kendari,Sulawesi Tenggara,4.9,8,Restoran Mie,Buka 24 jam,Tidak Ada,Tidak Ada,Buka,Approved,2027-01-25,254,Tersertifikasi,Low,240000000,0,0,2,0,Low
GCN-0551,Mie Gacoan Parepare,https://www.google.com/maps/place/Mie+Gacoan+Parepare/data=!4m7!3m6!1s0x2d95bb00512a0b47:0x6ac3e8b8a3a78d69!8m2!3d-4.0340721!4d119.6261804!16s%2Fg%2F11wfmj8zsl!19sChIJRwsqUQC7lS0RaY2no7jow2o?authuser=0&hl=id&rclk=1,"Jl. Bau Massepe, Cappa Galung, Kec. Ujung, Kota Parepare, Sulawesi Selatan",Kota Parepare,Sulawesi Selatan,4.9,3,Restoran Mie,Buka 24 jam,Tidak Ada,Tidak Ada,Buka,Approved,2026-07-17,62,Tersertifikasi,Low,670000000,0,0,2,0,Low
GCN-0552,Mie Gacoan Palopo,https://www.google.com/maps/place/Mie+Gacoan+Palopo/data=!4m7!3m6!1s0x2d915f006b1db73f:0x4210be704057df1!8m2!3d-3.0029753!4d120.1989101!16s%2Fg%2F11y99nw973!19sChIJP7cdawBfkS0R8X0FBOcLIQQ?authuser=0&hl=id&rclk=1,"X5Wx+Rhm, Jl. Andi Djemma, Tompotika, Kec. Wara, Kota Palopo, Sulawesi Selatan 91911",Kota Palopo,Sulawesi Selatan,4.9,3,Restoran Mie,10.00 hingga 23.00,Tidak Ada,Tidak Ada,Buka,Approved,2027-05-12,361,Tersertifikasi,Medium,490000000,1,0,2,0,Medium
GCN-0553,Mie Gacoan,https://www.google.com/maps/place/MIE+GACOAN/data=!4m7!3m6!1s0x2d8d7f000080db2b:0x5e9e99cbc6b913b7!8m2!3d-2.1155795!4d119.3672167!16s%2Fg%2F11x1vzljwb!19sChIJK9uAAAB_jS0RtxO5xsuZnl4?authuser=0&hl=id&rclk=1,"V9M8+Qv8, Dusun Sipatuo, Mahahe, Kec. Tobadak, Kabupaten Mamuju Tengah, Sulawesi Barat 91563",Kabupaten Mamuju Tengah,Sulawesi Barat,5.0,8,Restoran Mie,10.00 hingga 21.00,Tidak Ada,Tidak Ada,Buka,Approved,2026-04-09,0,Tersertifikasi,Low,280000000,0,0,2,0,Low
GCN-0554,Mie Gacoan Bulukumba,https://www.google.com/maps/place/Mie+Gacoan+Bulukumba/data=!4m7!3m6!1s0x2dbbff00622c7675:0x2ce650825e5fc5b9!8m2!3d-5.546111!4d120.1909622!16s%2Fg%2F11wp50g8ys!19sChIJdXYsYgD_uy0RucVfXoJQ5iw?authuser=0&hl=id&rclk=1,"Caile, Kec. Ujung Bulu, Kabupaten Bulukumba, Sulawesi Selatan 92517",Kabupaten Bulukumba,Sulawesi Selatan,4.9,3,Restoran Mie,10.00 hingga 22.00,0896-7824-9303,Tidak Ada,Buka,Approved,2028-11-02,901,Tersertifikasi,High (Butuh Eskalasi),370000000,2,0,2,0,High (Butuh Eskalasi)
GCN-0555,Mie Gacoan Kolaka Pemuda,https://www.google.com/maps/place/Mie+Gacoan+Kolaka+Pemuda/data=!4m7!3m6!1s0x2d97f5002d598273:0x4126a3780603afd6!8m2!3d-4.0666667!4d121.6204273!16s%2Fg%2F11xrv79j0b!19sChIJc4JZLQD1ly0R1q8DBnijJkE?authuser=0&hl=id&rclk=1,"Jl. Pemuda No.415, Balandete, Kec. Kolaka, Kabupaten Kolaka, Sulawesi Tenggara 93561",Kabupaten Kolaka,Sulawesi Tenggara,4.9,8,Restoran Mie,08.00 hingga 23.00,Tidak Ada,Tidak Ada,Buka,In Progress,2026-07-06,51,Tersertifikasi,Medium,510000000,1,2,2,0,Medium
GCN-0556,Mie Gacoan - Watu Watu,https://www.google.com/maps/place/Mie+Gacoan+-+Watu+Watu/data=!4m7!3m6!1s0x2d98f3007ce2407d:0x6469308ad7d58feb!8m2!3d-3.9663534!4d122.5369186!16s%2Fg%2F11xrk_qwzp!19sChIJfUDifADzmC0R64_V14owaWQ?authuser=0&hl=id&rclk=1,"2Gmp+Fq3, Jl. Ir. H. Alala, Watu-Watu, Kec. Kendari Bar., Kota Kendari, Sulawesi Tenggara",Kota Kendari,Sulawesi Tenggara,5.0,8,Restoran Mie,08.00 hingga 23.00,Tidak Ada,Tidak Ada,Buka,Approved,2026-11-29,197,Tersertifikasi,Low,490000000,0,0,2,0,Low
GCN-0557,Mie Gacoan Tomohon - Talete Satu,https://www.google.com/maps/place/Mie+Gacoan+Tomohon+-+Talete+Satu/data=!4m7!3m6!1s0x32876d002302d88d:0x62e87dec53ae250!8m2!3d1.3282259!4d124.8386111!16s%2Fg%2F11yqcyjyw2!19sChIJjdgCIwBthzIRUOI6xd6HLgY?authuser=0&hl=id&rclk=1,"8Rhq+7Cx, Jl. Raya Tomohon, Talete Satu, Kec. Tomohon Tengah, Kota Tomohon, Sulawesi Utara 95441",Kota Tomohon,Sulawesi Utara,4.8,8,Restoran Mie,08.00 hingga 00.00,Tidak Ada,Tidak Ada,Buka,Approved,2028-03-23,677,Tersertifikasi,Low,230000000,0,0,2,0,Low
GCN-0558,Mie Gacoan Pinrang - Jendral Sudirman,https://www.google.com/maps/place/Mie+Gacoan+Pinrang+-+Jendral+Sudirman/data=!4m7!3m6!1s0x2d944d00273b8b13:0xb3eaade19b5bba77!8m2!3d-3.8123914!4d119.6523464!16s%2Fg%2F11x_yv6816!19sChIJE4s7JwBNlC0Rd7pbm-Gt6rM?authuser=0&hl=id&rclk=1,"Jl. Jenderal Sudirman No.355A, Macorawalie, Kec. Watang Sawitto, Kabupaten Pinrang, Sulawesi Selatan 91212",Kabupaten Pinrang,Nusa Tenggara Timur,4.9,1,Restoran Mie,08.00 hingga 23.00,Tidak Ada,Tidak Ada,Buka,Bermasalah,2027-02-09,269,Tersertifikasi,Low,490000000,0,1,2,0,Low
GCN-0559,Mie Gacoan Wajo,https://www.google.com/maps/place/Mie+Gacoan+Wajo/data=!4m7!3m6!1s0x2d95e7007dda2b51:0x916fe665acf231b4!8m2!3d-4.1211138!4d120.0235644!16s%2Fg%2F11ydnqzkn7!19sChIJUSvafQDnlS0RtDHyrGXmb5E?authuser=0&hl=id&rclk=1,"V2Hf+Hc4, Jl. Wr. Supratman, Tempe, Kec. Tempe, Kabupaten Wajo, Sulawesi Selatan 90911",Kabupaten Wajo,Sulawesi Selatan,4.9,3,Restoran Mie,08.00 hingga 23.00,Tidak Ada,Tidak Ada,Buka,In Progress,2028-11-14,913,Tersertifikasi,Low,180000000,0,2,2,0,Low
GCN-0560,Mie Gacoan Airmadidi,https://www.google.com/maps/place/MIE+GACOAN+Airmadidi/data=!4m7!3m6!1s0x32870f005bdf1763:0xd421995238862078!8m2!3d1.4221348!4d124.9852163!16s%2Fg%2F11ylq_jmyp!19sChIJYxffWwAPhzIReCCGOFKZIdQ?authuser=0&hl=id&rclk=1,"Cxcp+V34, Airmadidi Atas, Kec. Airmadidi, Kabupaten Minahasa Utara, Sulawesi Utara",Kabupaten Minahasa Utara,Sulawesi Utara,4.9,8,Restoran Mie,Buka 24 jam,Tidak Ada,Tidak Ada,Buka,Approved,2028-02-05,630,Tersertifikasi,Medium,590000000,1,0,2,0,Medium
GCN-0561,Mie Gacoan Kotamobagu Adampe Dolot,https://www.google.com/maps/place/Mie+Gacoan+Kotamobagu+Adampe+Dolot/data=!4m7!3m6!1s0x327e3d0032706091:0xc065a3edb4825c7c!8m2!3d0.7315996!4d124.2999085!16s%2Fg%2F11ygp3vyhv!19sChIJkWBwMgA9fjIRfFyCtO2jZcA?authuser=0&hl=id&rclk=1,"P7Jx+Jxx, Molinow, Kec. Kotamobagu Bar., Kota Kotamobagu, Sulawesi Utara 95716",Kota Kotamobagu,Sulawesi Utara,4.8,8,Restoran Mie,08.00 hingga 23.00,0822-3303-7296,Tidak Ada,Buka,Approved,2026-04-23,0,Tersertifikasi,Low,780000000,0,0,2,0,Low
GCN-0562,Mie Gacoan Arnold M - Minahasa Utara,https://www.google.com/maps/place/Mie+Gacoan+Arnold+M+-+Minahasa+Utara/data=!4m7!3m6!1s0x32870f0026623171:0xff739dd7208d8997!8m2!3d1.4221271!4d124.9853978!16s%2Fg%2F11ykn1xg3w!19sChIJcTFiJgAPhzIRl4mNINedc_8?authuser=0&hl=id&rclk=1,"Cxcp+V52, Jl. Raya Manado - Bitung, Airmadidi Atas, Kec. Airmadidi, Kabupaten Minahasa Utara, Sulawesi Utara",Kabupaten Minahasa Utara,Sulawesi Utara,4.9,8,Restoran Mie,08.00 hingga 23.00,Tidak Ada,Tidak Ada,Buka,Approved,2027-11-26,559,Menunggu Audit,Medium,650000000,1,0,0,0,Medium
GCN-0563,Mie Gacoan Sidrap,https://www.google.com/maps/place/Mie+Gacoan+Sidrap/data=!4m7!3m6!1s0x2d95b7004bcb9087:0x546c16baeac70226!8m2!3d-3.9195155!4d119.7838987!16s%2Fg%2F11yh3cwrrm!19sChIJh5DLSwC3lS0RJgLH6roWbFQ?authuser=0&hl=id&rclk=1,"Jl. Jend. Sudirman No.284, Pangkajene, Kec. Maritengngae, Kabupaten Sidenreng Rappang, Sulawesi Selatan 91611",Kabupaten Sidenreng Rappang,Sulawesi Selatan,4.6,3,Restoran Mie,08.00 hingga 23.00,Tidak Ada,Tidak Ada,Buka,In Progress,2027-03-05,293,Tersertifikasi,Low,770000000,0,2,2,0,Low
GCN-0564,Mie Gacoan Karossa,https://www.google.com/maps/place/Mie+Gacoan+Karossa/data=!4m7!3m6!1s0x2d8d0b007db4ddd5:0x6568dcf9945434a2!8m2!3d-1.8016228!4d119.4029405!16s%2Fg%2F11w7cd7q04!19sChIJ1d20fQALjS0RojRUlPncaGU?authuser=0&hl=id&rclk=1,"5Cx3+954, Jl. Poros Majene - Mamuju, Lembah Hopo, Kec. Karossa, Kabupaten Mamuju Tengah, Sulawesi Barat 91512",Kabupaten Mamuju Tengah,Sulawesi Barat,4.3,8,Restoran Mie,Buka 24 jam,Tidak Ada,Tidak Ada,Buka,Approved,2026-04-02,0,Tersertifikasi,Low,340000000,0,0,2,0,Low
GCN-0565,Mie Gacoan Latambaga,https://www.google.com/maps/place/Mie+Gacoan+Latambaga/data=!4m7!3m6!1s0x2d97f500311f98eb:0xf05c969065010a92!8m2!3d-4.051958!4d121.591327!16s%2Fg%2F11vzdp4l_h!19sChIJ65gfMQD1ly0RkgoBZZCWXPA?authuser=0&hl=id&rclk=1,"Jl. Repelita, Sea, Kec. Latambaga, Kabupaten Kolaka, Sulawesi Tenggara",Kabupaten Kolaka,Sulawesi Tenggara,5.0,8,Restoran Mie,08.00 hingga 23.00,0852-4266-3789,Tidak Ada,Buka,Approved,2026-08-31,107,Tersertifikasi,Medium,340000000,1,0,2,0,Medium
GCN-0566,Mie Gacoan,https://www.google.com/maps/place/Mie+gacoan/data=!4m7!3m6!1s0x2d9a4556a281e097:0x4d83963c3c5d8a4f!8m2!3d-2.8048932!4d122.1389377!16s%2Fg%2F11j8hhg_d7!19sChIJl-CBolZFmi0RT4pdPDyWg00?authuser=0&hl=id&rclk=1,"Desa Fatufia, Kec. Bahodopi, Kel.Bahodopi, Kab.Morowali, Fatufia, Kec. Bahodopi, Kabupaten Morowali, Sulawesi Tengah 94974",Kabupaten Morowali,Sulawesi Tengah,4.1,8,Restoran Mie,09.00 hingga 22.15,Tidak Ada,Tidak Ada,Buka,Approved,2026-06-22,37,Tersertifikasi,High (Butuh Eskalasi),740000000,2,0,2,0,High (Butuh Eskalasi)
GCN-0567,Mie Gacoan Sarudu 1,https://www.google.com/maps/place/Mie+Gacoan+Sarudu+1/data=!4m7!3m6!1s0x2d8d05005691ac63:0x13d98455105b6e84!8m2!3d-1.7150266!4d119.3079289!16s%2Fg%2F11lf8j9lb9!19sChIJY6yRVgAFjS0RhG5bEFWE2RM?authuser=0&hl=id&rclk=1,"78M5+X5M, Baras - Karossa, Sarudu, Kec. Sarudu, Kab. Pasangkayu, Sulawesi Barat 91573",Kabupaten Pasangkayu,Sulawesi Barat,3.0,8,Restoran Mie,Buka 24 jam,Tidak Ada,Tidak Ada,Buka,In Progress,2026-06-08,23,Proses Perpanjangan,Low,670000000,0,2,1,0,Low
GCN-0568,Mie Gacoan,https://www.google.com/maps/place/Mie+gacoan/data=!4m7!3m6!1s0x2d98f30045d61cc1:0xf36fc51b2aa762a2!8m2!3d-3.9750855!4d122.5133264!16s%2Fg%2F11n4fk3jvc!19sChIJwRzWRQDzmC0RomKnKhvFb_M?authuser=0&hl=id&rclk=1,"2Gf7+X88, Pondambea, Kec. Kadia, Kota Kendari, Sulawesi Tenggara 93111",Kota Kendari,Sulawesi Tenggara,4.9,8,Restoran Mie,Buka 24 jam,Tidak Ada,Tidak Ada,Buka,Approved,2027-11-03,536,Tersertifikasi,Low,800000000,0,0,2,0,Low
GCN-0569,Mie Gacoan Kita,https://www.google.com/maps/place/MIE+Gacoan+KITA/data=!4m7!3m6!1s0x3276f90065107a2d:0x1d718046ae2bd8d3!8m2!3d0.5817607!4d120.8039474!16s%2Fg%2F11wnmr7_yl!19sChIJLXoQZQD5djIR09grrkaAcR0?authuser=0&hl=id&rclk=1,"Hrj3+Ph4, Ogolugus, Kec. Ongka Malino, Kabupaten Parigi Moutong, Sulawesi Tengah",Kabupaten Parigi Moutong,Sulawesi Tengah,4.4,8,Restoran Mie,Buka 24 jam,Tidak Ada,Tidak Ada,Buka,Approved,2026-08-20,96,Tersertifikasi,Medium,680000000,1,0,2,0,Medium
GCN-0570,Yamie Gacoan,https://www.google.com/maps/place/Yamie+Gacoan/data=!4m7!3m6!1s0x2d91852b7485c029:0xc2e56b2d1937d0c!8m2!3d-2.5500203!4d120.3250417!16s%2Fg%2F11kr9klqtl!19sChIJKcCFdCuFkS0RDH2T0bJWLgw?authuser=0&hl=id&rclk=1,"C8Xg+X2G, Jl. Kiyai Haiji Kasim Kasmad, Kappuna, Kec. Masamba, Kabupaten Luwu Utara, Sulawesi Selatan 92961",Kabupaten Luwu Utara,Sulawesi Selatan,4.5,3,Restoran Mie,Buka 24 jam,0822-4152-1882,Tidak Ada,Tutup Sementara,Approved,2026-10-21,158,Tersertifikasi,Low,400000000,0,0,2,0,Low
GCN-0571,Gacoan & Yammie,https://www.google.com/maps/place/GACOAN+%26+YAMMIE/data=!4m7!3m6!1s0x2dbeb3001fe39c95:0x1165c891050cee19!8m2!3d-5.5353375!4d119.9431719!16s%2Fg%2F11wxvhh5rf!19sChIJlZzjHwCzvi0RGe4MBZHIZRE?authuser=0&hl=id&rclk=1,"Jl. Kr. Kasia, Bonto Rita, Kec. Bissappu, Kabupaten Bantaeng, Sulawesi Selatan 92451",Kabupaten Bantaeng,Sulawesi Selatan,5.0,3,Restoran Mie,10.30 hingga 22.30,0878-4082-9000,Tidak Ada,Buka,In Progress,2027-07-05,415,Tersertifikasi,Low,780000000,0,2,2,0,Low
GCN-0572,Mie Jagoan Kendari,https://www.google.com/maps/place/Mie+Jagoan+Kendari/data=!4m7!3m6!1s0x2d988d131782e789:0x5ee4f5f7cb433b7f!8m2!3d-4.023738!4d122.4957554!16s%2Fg%2F11vr_pbvv6!19sChIJieeCFxONmC0RfztDy_f15F4?authuser=0&hl=id&rclk=1,"Btn Permata Khalila Blok H No 4, Wundudopi, Kendari, Kota Kendari, Sulawesi Tenggara 93117",Kota Kendari,Sulawesi Tenggara,4.9,8,Restoran Mie,09.00 hingga 21.30,0896-5630-2277,instagram.com,Buka,Approved,2027-06-20,400,Tersertifikasi,Low,730000000,0,0,2,0,Low
GCN-0573,Kedai Elra77 Gacoan,https://www.google.com/maps/place/Kedai+ELRA77+Gacoan/data=!4m7!3m6!1s0x2d96bb003e42906f:0x4eec97cb8f6978d4!8m2!3d-3.3843651!4d120.3751698!16s%2Fg%2F11y47gll1q!19sChIJb5BCPgC7li0R1Hhpj8uX7E4?authuser=0&hl=id&rclk=1,"Jl Jallo, Belopa, Kec. Belopa, Kabupaten Luwu, Sulawesi Selatan 91994",Kabupaten Luwu,Sulawesi Selatan,5.0,3,Restoran Mie,09.00 hingga 22.00,0895-3274-47985,Tidak Ada,Buka,Approved,2026-09-07,114,Tersertifikasi,Medium,540000000,1,0,2,0,Medium
GCN-0574,Mie Gacoan Bubur Ayam Dapur Merah Putih,https://www.google.com/maps/place/Mie+Gacoan+Bubur+ayam+Dapur+merah+putih/data=!4m7!3m6!1s0x3287410004c7bb69:0x96106e921c41914f!8m2!3d1.2021154!4d124.7940377!16s%2Fg%2F11lt9s9v52!19sChIJabvHBABBhzIRT5FBHJJuEJY?authuser=0&hl=id&rclk=1,"6Q2V+Rhf, Kinali, Kec. Kawangkoan, Kabupaten Minahasa, Sulawesi Utara 95690",Kabupaten Minahasa,Sulawesi Utara,5.0,8,Restoran Mie,Buka 24 jam,Tidak Ada,Tidak Ada,Buka,In Progress,2027-08-20,461,Tersertifikasi,Low,210000000,0,2,2,0,Low
GCN-0575,Mie Gacoan Enrekang,https://www.google.com/maps/place/Mie+Gacoan+Enrekang/data=!4m7!3m6!1s0x2d9441006224c275:0xaa8f6b480f0f4744!8m2!3d-3.563225!4d119.7683834!16s%2Fg%2F11yf_ndbh7!19sChIJdcIkYgBBlC0RREcPD0hrj6o?authuser=0&hl=id&rclk=1,"Cqp9+M94, Jl. Industri, Juppandang, Kec. Enrekang, Kabupaten Enrekang, Sulawesi Selatan 91711",Kabupaten Enrekang,Sulawesi Selatan,4.8,3,Restoran Mie,Buka 24 jam,Tidak Ada,Tidak Ada,Buka,Approved,2026-11-14,182,Tersertifikasi,Medium,340000000,1,0,2,0,Medium
GCN-0576,Mie Setan,https://www.google.com/maps/place/Mie+Setan/data=!4m7!3m6!1s0x2dbee2ae96f47fef:0x4d0948e138cfa4cc!8m2!3d-5.147587!4d119.4253805!16s%2Fg%2F11f04093vk!19sChIJ73_0lq7ivi0RzKTPOOFICU0?authuser=0&hl=id&rclk=1,"Vc2G+X56, Lorong 293, Maricaya Baru, Kec. Makassar, Kota Makassar, Sulawesi Selatan 90143",Kota Makassar,Sulawesi Selatan,4.7,3,Restoran Mie,Buka 24 jam,Tidak Ada,Tidak Ada,Buka,Approved,2028-07-10,786,Tersertifikasi,High (Butuh Eskalasi),420000000,2,0,2,0,High (Butuh Eskalasi)
GCN-0577,Mie Ramen Kendari,https://www.google.com/maps/place/Mie+Ramen+Kendari/data=!4m7!3m6!1s0x2d988d353170e923:0x1bdb6651b8b4d85f!8m2!3d-3.9993816!4d122.5255623!16s%2Fg%2F11qr4dt7l8!19sChIJI-lwMTWNmC0RX9i0uFFm2xs?authuser=0&hl=id&rclk=1,"2G2G+66V, Kambu, Kec. Kambu, Kota Kendari, Sulawesi Tenggara 93231",Kota Kendari,Sulawesi Tenggara,4.8,8,Restoran Mie,08.00 hingga 00.00,0822-9373-0391,Tidak Ada,Buka,Approved,2026-11-05,173,Tersertifikasi,Low,150000000,0,0,2,0,Low
GCN-0578,Mie Pedas 99 Polewali (Cab Makassar),https://www.google.com/maps/place/Mie+Pedas+99+Polewali+%28Cab+Makassar%29/data=!4m7!3m6!1s0x2d948f1a02cbf62d:0x543f4d650f0c49dd!8m2!3d-3.4090678!4d119.3111174!16s%2Fg%2F11kd7b_fvp!19sChIJLfbLAhqPlC0R3UkMD2VNP1Q?authuser=0&hl=id&rclk=1,"H8R6+9F2, Jl. Budi Utomo No.29, Pekkabata, Kec. Polewali, Kabupaten Polewali Mandar, Sulawesi Barat 91311",Kabupaten Polewali Mandar,Sulawesi Barat,5.0,8,Restoran Mie,10.00 hingga 22.00,0853-2011-3822,Tidak Ada,Buka,Approved,2028-05-14,729,Tersertifikasi,Low,540000000,0,0,2,0,Low
GCN-0579,Warung Mie Daging,https://www.google.com/maps/place/Warung+Mie+Daging/data=!4m7!3m6!1s0x2dbde56f1a2b1aa5:0xb17a3455ba241b24!8m2!3d-4.5383674!4d120.3296553!16s%2Fg%2F11csrv4y_d!19sChIJpRorGm_lvS0RJBskulU0erE?authuser=0&hl=id&rclk=1,"F86H+Mv2, Manurunge, Kec. Tanete Riattang, Kabupaten Bone, Sulawesi Selatan 92712",Kabupaten Bone,Sulawesi Selatan,4.3,3,Restoran Mie,09.00 hingga 21.00,0823-4890-8466,Tidak Ada,Buka,In Progress,2026-08-24,100,Tersertifikasi,Low,530000000,0,2,2,0,Low
GCN-0580,Mie Yamin Mega,https://www.google.com/maps/place/Mie+Yamin+Mega/data=!4m7!3m6!1s0x2dbde5695c303c89:0x106910a53a2d3219!8m2!3d-4.5362246!4d120.3265543!16s%2Fg%2F11csrp06mx!19sChIJiTwwXGnlvS0RGTItOqUQaRA?authuser=0&hl=id&rclk=1,"Jl. Makmur, Watampone, Kec. Tanete Riattang, Kabupaten Bone, Sulawesi Selatan 92712",Kabupaten Bone,Sulawesi Selatan,4.4,3,Restoran Mie,10.00 hingga 20.30,0857-2343-8985,Tidak Ada,Buka,Approved,2028-08-17,824,Tersertifikasi,Low,540000000,0,0,2,0,Low
GCN-0581,Mie Ngaco Ala Gacoan Mama Jenn,https://www.google.com/maps/place/Mie+Ngaco+ala+Gacoan+Mama+Jenn/data=!4m7!3m6!1s0x2d93e9001dd322d7:0x1ced4ec4cb3cd433!8m2!3d-2.9746555!4d119.8914855!16s%2Fg%2F11xvjm4lx3!19sChIJ1yLTHQDpky0RM9Q8y8RO7Rw?authuser=0&hl=id&rclk=1,"2Vgr+4Hq, Jl. Poros Singki, Mentirotiku, Kec. Rantepao, Kabupaten Toraja Utara, Sulawesi Selatan",Kabupaten Toraja Utara,Sulawesi Selatan,4.8,3,Restoran Mie,Buka 24 jam,0851-4518-9368,Tidak Ada,Buka,Approved,2026-07-24,69,Tersertifikasi,Low,470000000,0,0,2,0,Low
GCN-0582,Mie Pangsit By Raja Es Teler,https://www.google.com/maps/place/Mie+Pangsit+by+Raja+Es+Teler/data=!4m7!3m6!1s0x2da477001de2a28d:0x1783e432e1bf8fd2!8m2!3d-5.4604862!4d122.6120085!16s%2Fg%2F11lf3mwblh!19sChIJjaLiHQB3pC0R0o-_4TLkgxc?authuser=0&hl=id&rclk=1,"Jl. A. Yani No.18-2, Wangkanapi, Kec. Wolio, Kota Bau-Bau, Sulawesi Tenggara 93717",Kota Bau-Bau,Sulawesi Tenggara,3.6,8,Restoran Mie,08.00 hingga 22.00,0813-4392-0597,Tidak Ada,Buka,Approved,2027-12-01,564,Tersertifikasi,Low,720000000,0,0,2,0,Low
GCN-0583,Bakmie Pedas Gila,https://www.google.com/maps/place/Bakmie+Pedas+Gila/data=!4m7!3m6!1s0x2d8bedb89d3f8bd7:0x9e40e3b1f866a2b7!8m2!3d-0.9029168!4d119.8582412!16s%2Fg%2F11f1kg_n32!19sChIJ14s_nbjtiy0Rt6Jm-LHjQJ4?authuser=0&hl=id&rclk=1,"Jl. Sis Aljufri No.51, Siranindi, Kec. Palu Bar., Kota Palu, Sulawesi Tengah 94123",Kota Palu,Sulawesi Tengah,4.4,8,Restoran Mie,10.00 hingga 22.00,0822-8396-7300,Tidak Ada,Buka,Bermasalah,2026-06-03,18,Tersertifikasi,Medium,160000000,1,1,2,0,Medium
GCN-0584,Minza (Mie Dengan Rasa),https://www.google.com/maps/place/Minza+%28Mie+dengan+Rasa%29/data=!4m7!3m6!1s0x2d92d98b9b0cff9b:0x8e38cd83af408adb!8m2!3d-2.6710134!4d118.8912678!16s%2Fg%2F11swn53716!19sChIJm_8Mm4vZki0R24pAr4PNOI4?authuser=0&hl=id&rclk=1,"Jl. Dr. Sam Ratulangi No.7, Binanga, Kec. Mamuju, Kabupaten Mamuju, Sulawesi Barat 91511",Kabupaten Mamuju,Sulawesi Barat,4.8,8,Restoran Mie,11.00 hingga 21.00,0813-4391-2565,Tidak Ada,Buka,Approved,2026-06-02,17,Proses Perpanjangan,Medium,590000000,1,0,1,0,Medium
GCN-0585,Mie Garing Poso,https://www.google.com/maps/place/Mie+Garing+Poso/data=!4m7!3m6!1s0x2d8ee586ffa8c7ef:0x6c7be01a32875a70!8m2!3d-1.3833306!4d120.7586708!16s%2Fg%2F11j1mn9d0q!19sChIJ78eo_4blji0RcFqHMhrge2w?authuser=0&hl=id&rclk=1,"Jq85+Ghj, Jl. Jend. Ahmad Yani, Kasintuwu, Kec. Poso Kota Utara, Kabupaten Poso, Sulawesi Tengah 94611",Kota Utara,Sulawesi Tengah,4.3,8,Restoran Mie,11.00 hingga 22.00,0822-3623-0810,Tidak Ada,Buka,In Progress,2027-09-08,480,Tersertifikasi,Low,390000000,0,2,2,0,Low
GCN-0586,Mie Gacoan Sentani,https://www.google.com/maps/place/Mie+Gacoan+Sentani/data=!4m7!3m6!1s0x686cf50034964f2d:0xbbd4a3e469c02257!8m2!3d-2.611026!4d140.6633154!16s%2Fg%2F11yzmlycgj!19sChIJLU-WNAD1bGgRVyLAaeSj1Ls?authuser=0&hl=id&rclk=1,"9Mq7+H8P, Kota Baru, Kec. Abepura, Kota Jayapura, Papua",Kota Baru,Papua,4.65,8,Restoran Mie,Buka 24 jam,Tidak Ada,Tidak Ada,Buka,In Progress,2028-06-30,776,Tersertifikasi,High (Butuh Eskalasi),430000000,2,2,2,0,High (Butuh Eskalasi)
GCN-0587,Mie Ayam Gacoan & Bakso Jogja,https://www.google.com/maps/place/mie+ayam+gacoan+%26+bakso+jogja/data=!4m7!3m6!1s0x686cef7ee231c9d7:0x2088a45274b5a39e!8m2!3d-2.5644614!4d140.4928016!16s%2Fg%2F11tgg8k20g!19sChIJ18kx4n7vbGgRnqO1dFKkiCA?authuser=0&hl=id&rclk=1,"Klo Dari Arah Tabita Sebelum Es Teh Indonesia, Jl. Youmakhe, Distrik Hinekombe Kec. Sentani, Kabupaten Jayapura Pertigaan Pasar Baru Sentani Keselatan 60M Samping Amira Taylor, Bekasnya Wirajaya Foto, Kec. Sentani, Papua 99359",Kabupaten Jayapura Pertigaan Pasar Baru Sentani Keselatan 60M Samping Amira Taylor,Papua,4.9,8,Restoran Mie,10.00 hingga 22.00,0811-2644-354,Tidak Ada,Buka,Approved,2026-12-26,224,Tersertifikasi,Medium,750000000,1,0,2,0,Medium
GCN-0588,Mie Gacoan,https://www.google.com/maps/place/Mie+gacoan/data=!4m7!3m6!1s0x2d6ce90027befdd7:0x40e88f795356d7fe!8m2!3d-3.6927082!4d128.1884004!16s%2Fg%2F11yr7lcf1t!19sChIJ1_2-JwDpbC0R_tdWU3mP6EA?authuser=0&hl=id&rclk=1,"854Q+W96, Jl. Rijali, Kel Karang Panjang, Kec. Sirimau, Kota Ambon, Maluku",Kota Ambon,Maluku,4.7,8,Restoran Mie,Buka 24 jam,Tidak Ada,Tidak Ada,Buka,Approved,2027-12-03,566,Tersertifikasi,Low,650000000,0,0,2,0,Low
